date,DGS10,DGS30,KWTP10
1962-01-02,4.06,,
1962-01-03,4.03,,
1962-01-04,3.99,,
1962-01-05,4.02,,
1962-01-08,4.03,,
1962-01-09,4.05,,
1962-01-10,4.07,,
1962-01-11,4.08,,
1962-01-12,4.08,,
1962-01-15,4.1,,
1962-01-16,4.13,,
1962-01-17,4.12,,
1962-01-18,4.11,,
1962-01-19,4.11,,
1962-01-22,4.09,,
1962-01-23,4.11,,
1962-01-24,4.1,,
1962-01-25,4.11,,
1962-01-26,4.11,,
1962-01-29,4.12,,
1962-01-30,4.11,,
1962-01-31,4.1,,
1962-02-01,4.09,,
1962-02-02,4.08,,
1962-02-05,4.07,,
1962-02-06,4.06,,
1962-02-07,4.07,,
1962-02-08,4.07,,
1962-02-09,4.05,,
1962-02-13,4.03,,
1962-02-14,4.03,,
1962-02-15,4.02,,
1962-02-16,4.02,,
1962-02-19,4.01,,
1962-02-20,4.05,,
1962-02-21,4.03,,
1962-02-23,4.02,,
1962-02-26,4.0,,
1962-02-27,4.01,,
1962-02-28,4.0,,
1962-03-01,3.98,,
1962-03-02,3.98,,
1962-03-05,4.0,,
1962-03-06,4.01,,
1962-03-07,4.0,,
1962-03-08,3.98,,
1962-03-09,3.96,,
1962-03-12,3.94,,
1962-03-13,3.92,,
1962-03-14,3.93,,
1962-03-15,3.96,,
1962-03-16,3.96,,
1962-03-19,3.93,,
1962-03-20,3.91,,
1962-03-21,3.86,,
1962-03-22,3.83,,
1962-03-23,3.87,,
1962-03-26,3.89,,
1962-03-27,3.9,,
1962-03-28,3.9,,
1962-03-29,3.9,,
1962-03-30,3.86,,
1962-04-02,3.86,,
1962-04-03,3.83,,
1962-04-04,3.78,,
1962-04-05,3.84,,
1962-04-06,3.81,,
1962-04-09,3.83,,
1962-04-10,3.83,,
1962-04-11,3.87,,
1962-04-12,3.86,,
1962-04-13,3.85,,
1962-04-16,3.83,,
1962-04-17,3.82,,
1962-04-18,3.81,,
1962-04-19,3.82,,
1962-04-23,3.86,,
1962-04-24,3.87,,
1962-04-25,3.88,,
1962-04-26,3.89,,
1962-04-27,3.86,,
1962-04-30,3.86,,
1962-05-01,3.85,,
1962-05-02,3.86,,
1962-05-03,3.86,,
1962-05-04,3.87,,
1962-05-07,3.86,,
1962-05-08,3.85,,
1962-05-09,3.82,,
1962-05-10,3.83,,
1962-05-11,3.82,,
1962-05-14,3.85,,
1962-05-15,3.87,,
1962-05-16,3.86,,
1962-05-17,3.87,,
1962-05-18,3.93,,
1962-05-21,3.94,,
1962-05-22,3.93,,
1962-05-23,3.91,,
1962-05-24,3.9,,
1962-05-25,3.88,,
1962-05-28,3.87,,
1962-05-29,3.89,,
1962-05-31,3.9,,
1962-06-01,3.89,,
1962-06-04,3.88,,
1962-06-05,3.89,,
1962-06-06,3.89,,
1962-06-07,3.87,,
1962-06-08,3.86,,
1962-06-11,3.87,,
1962-06-12,3.86,,
1962-06-13,3.87,,
1962-06-14,3.9,,
1962-06-15,3.89,,
1962-06-18,3.91,,
1962-06-19,3.93,,
1962-06-20,3.92,,
1962-06-21,3.9,,
1962-06-22,3.9,,
1962-06-25,3.95,,
1962-06-26,3.97,,
1962-06-27,3.96,,
1962-06-28,3.98,,
1962-06-29,4.0,,
1962-07-02,4.0,,
1962-07-03,4.0,,
1962-07-05,4.0,,
1962-07-06,4.02,,
1962-07-09,4.05,,
1962-07-10,4.02,,
1962-07-11,3.99,,
1962-07-12,4.0,,
1962-07-13,4.0,,
1962-07-16,4.01,,
1962-07-17,4.03,,
1962-07-18,4.02,,
1962-07-19,4.02,,
1962-07-20,4.01,,
1962-07-23,4.0,,
1962-07-24,4.01,,
1962-07-25,4.02,,
1962-07-26,4.01,,
1962-07-27,4.02,,
1962-07-30,4.03,,
1962-07-31,4.04,,
1962-08-01,4.03,,
1962-08-02,4.0,,
1962-08-03,4.01,,
1962-08-06,4.01,,
1962-08-07,4.02,,
1962-08-08,4.01,,
1962-08-09,3.99,,
1962-08-10,3.99,,
1962-08-13,3.99,,
1962-08-14,3.98,,
1962-08-15,3.98,,
1962-08-16,3.96,,
1962-08-17,3.96,,
1962-08-20,3.94,,
1962-08-21,3.94,,
1962-08-22,3.95,,
1962-08-23,3.95,,
1962-08-24,3.95,,
1962-08-27,3.95,,
1962-08-28,3.96,,
1962-08-29,3.96,,
1962-08-30,3.95,,
1962-08-31,3.96,,
1962-09-04,3.96,,
1962-09-05,3.97,,
1962-09-06,3.99,,
1962-09-07,4.01,,
1962-09-10,4.0,,
1962-09-11,4.0,,
1962-09-12,4.0,,
1962-09-13,3.99,,
1962-09-14,3.99,,
1962-09-17,3.99,,
1962-09-18,3.98,,
1962-09-19,3.99,,
1962-09-20,3.98,,
1962-09-21,3.98,,
1962-09-24,3.97,,
1962-09-25,3.96,,
1962-09-26,3.95,,
1962-09-27,3.95,,
1962-09-28,3.94,,
1962-10-01,3.93,,
1962-10-02,3.92,,
1962-10-03,3.9,,
1962-10-04,3.9,,
1962-10-05,3.92,,
1962-10-08,3.93,,
1962-10-09,3.95,,
1962-10-10,3.93,,
1962-10-11,3.94,,
1962-10-15,3.94,,
1962-10-16,3.94,,
1962-10-17,3.94,,
1962-10-18,3.92,,
1962-10-19,3.88,,
1962-10-22,3.91,,
1962-10-23,3.94,,
1962-10-24,3.94,,
1962-10-25,3.94,,
1962-10-26,3.93,,
1962-10-29,3.92,,
1962-10-30,3.92,,
1962-10-31,3.92,,
1962-11-01,3.92,,
1962-11-02,3.91,,
1962-11-05,3.91,,
1962-11-07,3.91,,
1962-11-08,3.9,,
1962-11-09,3.89,,
1962-11-13,3.9,,
1962-11-14,3.91,,
1962-11-15,3.91,,
1962-11-16,3.93,,
1962-11-19,3.93,,
1962-11-20,3.93,,
1962-11-21,3.92,,
1962-11-23,3.92,,
1962-11-26,3.93,,
1962-11-27,3.92,,
1962-11-28,3.92,,
1962-11-29,3.92,,
1962-11-30,3.92,,
1962-12-03,3.93,,
1962-12-04,3.94,,
1962-12-05,3.93,,
1962-12-06,3.92,,
1962-12-07,3.91,,
1962-12-10,3.9,,
1962-12-11,3.89,,
1962-12-12,3.88,,
1962-12-13,3.88,,
1962-12-14,3.87,,
1962-12-17,3.85,,
1962-12-18,3.83,,
1962-12-19,3.84,,
1962-12-20,3.83,,
1962-12-21,3.81,,
1962-12-24,3.79,,
1962-12-26,3.79,,
1962-12-27,3.81,,
1962-12-28,3.84,,
1962-12-31,3.85,,
1963-01-02,3.82,,
1963-01-03,3.81,,
1963-01-04,3.84,,
1963-01-07,3.83,,
1963-01-08,3.81,,
1963-01-09,3.82,,
1963-01-10,3.81,,
1963-01-11,3.8,,
1963-01-14,3.81,,
1963-01-15,3.8,,
1963-01-16,3.8,,
1963-01-17,3.82,,
1963-01-18,3.84,,
1963-01-21,3.85,,
1963-01-22,3.86,,
1963-01-23,3.86,,
1963-01-24,3.86,,
1963-01-25,3.85,,
1963-01-28,3.86,,
1963-01-29,3.86,,
1963-01-30,3.86,,
1963-01-31,3.87,,
1963-02-01,3.88,,
1963-02-04,3.89,,
1963-02-05,3.9,,
1963-02-06,3.91,,
1963-02-07,3.91,,
1963-02-08,3.91,,
1963-02-11,3.92,,
1963-02-13,3.92,,
1963-02-14,3.91,,
1963-02-15,3.91,,
1963-02-18,3.91,,
1963-02-19,3.93,,
1963-02-20,3.94,,
1963-02-21,3.95,,
1963-02-25,3.95,,
1963-02-26,3.95,,
1963-02-27,3.95,,
1963-02-28,3.94,,
1963-03-01,3.93,,
1963-03-04,3.92,,
1963-03-05,3.92,,
1963-03-06,3.91,,
1963-03-07,3.92,,
1963-03-08,3.92,,
1963-03-11,3.92,,
1963-03-12,3.92,,
1963-03-13,3.92,,
1963-03-14,3.92,,
1963-03-15,3.92,,
1963-03-18,3.92,,
1963-03-19,3.92,,
1963-03-20,3.92,,
1963-03-21,3.92,,
1963-03-22,3.93,,
1963-03-25,3.94,,
1963-03-26,3.96,,
1963-03-27,3.96,,
1963-03-28,3.96,,
1963-03-29,3.95,,
1963-04-01,3.95,,
1963-04-02,3.96,,
1963-04-03,3.96,,
1963-04-04,3.95,,
1963-04-05,3.95,,
1963-04-08,3.97,,
1963-04-09,3.98,,
1963-04-10,4.0,,
1963-04-11,4.0,,
1963-04-15,4.01,,
1963-04-16,4.0,,
1963-04-17,4.0,,
1963-04-18,3.99,,
1963-04-19,3.97,,
1963-04-22,3.97,,
1963-04-23,3.97,,
1963-04-24,3.96,,
1963-04-25,3.95,,
1963-04-26,3.95,,
1963-04-29,3.95,,
1963-04-30,3.95,,
1963-05-01,3.94,,
1963-05-02,3.94,,
1963-05-03,3.93,,
1963-05-06,3.92,,
1963-05-07,3.91,,
1963-05-08,3.92,,
1963-05-09,3.93,,
1963-05-10,3.93,,
1963-05-13,3.92,,
1963-05-14,3.91,,
1963-05-15,3.91,,
1963-05-16,3.9,,
1963-05-17,3.92,,
1963-05-20,3.93,,
1963-05-21,3.92,,
1963-05-22,3.92,,
1963-05-23,3.93,,
1963-05-24,3.95,,
1963-05-27,3.95,,
1963-05-28,3.96,,
1963-05-29,3.96,,
1963-05-31,3.96,,
1963-06-03,3.98,,
1963-06-04,3.98,,
1963-06-05,3.98,,
1963-06-06,3.99,,
1963-06-07,3.99,,
1963-06-10,3.99,,
1963-06-11,3.98,,
1963-06-12,3.99,,
1963-06-13,3.99,,
1963-06-14,3.99,,
1963-06-17,4.0,,
1963-06-18,4.0,,
1963-06-19,4.0,,
1963-06-20,4.0,,
1963-06-21,4.0,,
1963-06-24,4.0,,
1963-06-25,4.0,,
1963-06-26,4.0,,
1963-06-27,4.0,,
1963-06-28,4.0,,
1963-07-01,4.01,,
1963-07-02,4.03,,
1963-07-03,4.03,,
1963-07-05,4.04,,
1963-07-08,4.05,,
1963-07-09,4.04,,
1963-07-10,4.03,,
1963-07-11,4.04,,
1963-07-12,4.03,,
1963-07-15,4.02,,
1963-07-16,4.02,,
1963-07-17,4.03,,
1963-07-18,4.02,,
1963-07-19,4.02,,
1963-07-22,4.02,,
1963-07-23,4.02,,
1963-07-24,4.01,,
1963-07-25,4.01,,
1963-07-26,3.99,,
1963-07-29,3.99,,
1963-07-30,4.0,,
1963-07-31,4.0,,
1963-08-01,3.99,,
1963-08-02,3.99,,
1963-08-05,3.99,,
1963-08-06,4.0,,
1963-08-07,4.01,,
1963-08-08,4.0,,
1963-08-09,4.0,,
1963-08-12,4.01,,
1963-08-13,4.02,,
1963-08-14,4.02,,
1963-08-15,4.01,,
1963-08-16,4.0,,
1963-08-19,3.99,,
1963-08-20,3.99,,
1963-08-21,4.0,,
1963-08-22,4.0,,
1963-08-23,4.0,,
1963-08-26,4.0,,
1963-08-27,4.0,,
1963-08-28,4.0,,
1963-08-29,4.01,,
1963-08-30,4.02,,
1963-09-03,4.03,,
1963-09-04,4.04,,
1963-09-05,4.08,,
1963-09-06,4.09,,
1963-09-09,4.09,,
1963-09-10,4.09,,
1963-09-11,4.09,,
1963-09-12,4.09,,
1963-09-13,4.09,,
1963-09-16,4.09,,
1963-09-17,4.09,,
1963-09-18,4.08,,
1963-09-19,4.08,,
1963-09-20,4.07,,
1963-09-23,4.07,,
1963-09-24,4.08,,
1963-09-25,4.08,,
1963-09-26,4.08,,
1963-09-27,4.07,,
1963-09-30,4.07,,
1963-10-01,4.07,,
1963-10-02,4.07,,
1963-10-03,4.07,,
1963-10-04,4.08,,
1963-10-07,4.08,,
1963-10-08,4.09,,
1963-10-09,4.1,,
1963-10-10,4.1,,
1963-10-11,4.1,,
1963-10-14,4.1,,
1963-10-15,4.11,,
1963-10-16,4.11,,
1963-10-17,4.12,,
1963-10-18,4.12,,
1963-10-21,4.12,,
1963-10-22,4.11,,
1963-10-23,4.12,,
1963-10-24,4.11,,
1963-10-25,4.12,,
1963-10-28,4.12,,
1963-10-29,4.13,,
1963-10-30,4.14,,
1963-10-31,4.15,,
1963-11-01,4.15,,
1963-11-04,4.15,,
1963-11-06,4.17,,
1963-11-07,4.17,,
1963-11-08,4.16,,
1963-11-12,4.16,,
1963-11-13,4.15,,
1963-11-14,4.12,,
1963-11-15,4.11,,
1963-11-18,4.11,,
1963-11-19,4.1,,
1963-11-20,4.09,,
1963-11-21,4.1,,
1963-11-22,4.09,,
1963-11-26,4.08,,
1963-11-27,4.08,,
1963-11-29,4.08,,
1963-12-02,4.09,,
1963-12-03,4.1,,
1963-12-04,4.1,,
1963-12-05,4.11,,
1963-12-06,4.11,,
1963-12-09,4.1,,
1963-12-10,4.1,,
1963-12-11,4.12,,
1963-12-12,4.12,,
1963-12-13,4.13,,
1963-12-16,4.15,,
1963-12-17,4.15,,
1963-12-18,4.15,,
1963-12-19,4.14,,
1963-12-20,4.15,,
1963-12-23,4.15,,
1963-12-24,4.15,,
1963-12-26,4.15,,
1963-12-27,4.15,,
1963-12-30,4.14,,
1963-12-31,4.14,,
1964-01-02,4.14,,
1964-01-03,4.15,,
1964-01-06,4.16,,
1964-01-07,4.15,,
1964-01-08,4.18,,
1964-01-09,4.18,,
1964-01-10,4.18,,
1964-01-13,4.18,,
1964-01-14,4.18,,
1964-01-15,4.18,,
1964-01-16,4.17,,
1964-01-17,4.17,,
1964-01-20,4.16,,
1964-01-21,4.16,,
1964-01-22,4.16,,
1964-01-23,4.16,,
1964-01-24,4.18,,
1964-01-27,4.18,,
1964-01-28,4.17,,
1964-01-29,4.17,,
1964-01-30,4.16,,
1964-01-31,4.15,,
1964-02-03,4.15,,
1964-02-04,4.15,,
1964-02-05,4.15,,
1964-02-06,4.14,,
1964-02-07,4.14,,
1964-02-10,4.14,,
1964-02-11,4.14,,
1964-02-13,4.13,,
1964-02-14,4.13,,
1964-02-17,4.13,,
1964-02-18,4.14,,
1964-02-19,4.14,,
1964-02-20,4.14,,
1964-02-24,4.15,,
1964-02-25,4.15,,
1964-02-26,4.15,,
1964-02-27,4.17,,
1964-02-28,4.18,,
1964-03-02,4.17,,
1964-03-03,4.18,,
1964-03-04,4.19,,
1964-03-05,4.19,,
1964-03-06,4.19,,
1964-03-09,4.2,,
1964-03-10,4.2,,
1964-03-11,4.21,,
1964-03-12,4.21,,
1964-03-13,4.22,,
1964-03-16,4.21,,
1964-03-17,4.22,,
1964-03-18,4.23,,
1964-03-19,4.24,,
1964-03-20,4.25,,
1964-03-23,4.25,,
1964-03-24,4.26,,
1964-03-25,4.26,,
1964-03-26,4.25,,
1964-03-30,4.25,,
1964-03-31,4.23,,
1964-04-01,4.23,,
1964-04-02,4.24,,
1964-04-03,4.25,,
1964-04-06,4.25,,
1964-04-07,4.25,,
1964-04-08,4.22,,
1964-04-09,4.22,,
1964-04-10,4.22,,
1964-04-13,4.23,,
1964-04-14,4.24,,
1964-04-15,4.23,,
1964-04-16,4.23,,
1964-04-17,4.24,,
1964-04-20,4.24,,
1964-04-21,4.23,,
1964-04-22,4.23,,
1964-04-23,4.23,,
1964-04-24,4.23,,
1964-04-27,4.23,,
1964-04-28,4.23,,
1964-04-29,4.22,,
1964-04-30,4.22,,
1964-05-01,4.22,,
1964-05-04,4.22,,
1964-05-05,4.22,,
1964-05-06,4.22,,
1964-05-07,4.22,,
1964-05-08,4.2,,
1964-05-11,4.19,,
1964-05-12,4.19,,
1964-05-13,4.19,,
1964-05-14,4.19,,
1964-05-15,4.19,,
1964-05-18,4.19,,
1964-05-19,4.19,,
1964-05-20,4.2,,
1964-05-21,4.2,,
1964-05-22,4.2,,
1964-05-25,4.19,,
1964-05-26,4.19,,
1964-05-27,4.2,,
1964-05-28,4.19,,
1964-06-01,4.19,,
1964-06-02,4.19,,
1964-06-03,4.19,,
1964-06-04,4.19,,
1964-06-05,4.18,,
1964-06-08,4.18,,
1964-06-09,4.17,,
1964-06-10,4.17,,
1964-06-11,4.18,,
1964-06-12,4.18,,
1964-06-15,4.18,,
1964-06-16,4.18,,
1964-06-17,4.18,,
1964-06-18,4.17,,
1964-06-19,4.16,,
1964-06-22,4.15,,
1964-06-23,4.15,,
1964-06-24,4.15,,
1964-06-25,4.15,,
1964-06-26,4.15,,
1964-06-29,4.15,,
1964-06-30,4.15,,
1964-07-01,4.15,,
1964-07-02,4.15,,
1964-07-06,4.16,,
1964-07-07,4.15,,
1964-07-08,4.15,,
1964-07-09,4.18,,
1964-07-10,4.19,,
1964-07-13,4.19,,
1964-07-14,4.19,,
1964-07-15,4.19,,
1964-07-16,4.19,,
1964-07-17,4.2,,
1964-07-20,4.21,,
1964-07-21,4.2,,
1964-07-22,4.21,,
1964-07-23,4.2,,
1964-07-24,4.2,,
1964-07-27,4.2,,
1964-07-28,4.2,,
1964-07-29,4.2,,
1964-07-30,4.19,,
1964-07-31,4.19,,
1964-08-03,4.19,,
1964-08-04,4.19,,
1964-08-05,4.19,,
1964-08-06,4.18,,
1964-08-07,4.19,,
1964-08-10,4.19,,
1964-08-11,4.2,,
1964-08-12,4.2,,
1964-08-13,4.19,,
1964-08-14,4.19,,
1964-08-17,4.19,,
1964-08-18,4.19,,
1964-08-19,4.19,,
1964-08-20,4.19,,
1964-08-21,4.19,,
1964-08-24,4.19,,
1964-08-25,4.2,,
1964-08-26,4.2,,
1964-08-27,4.2,,
1964-08-28,4.21,,
1964-08-31,4.21,,
1964-09-01,4.21,,
1964-09-02,4.22,,
1964-09-03,4.22,,
1964-09-04,4.22,,
1964-09-08,4.22,,
1964-09-09,4.22,,
1964-09-10,4.22,,
1964-09-11,4.22,,
1964-09-14,4.22,,
1964-09-15,4.22,,
1964-09-16,4.21,,
1964-09-17,4.2,,
1964-09-18,4.2,,
1964-09-21,4.19,,
1964-09-22,4.19,,
1964-09-23,4.19,,
1964-09-24,4.19,,
1964-09-25,4.19,,
1964-09-28,4.17,,
1964-09-29,4.18,,
1964-09-30,4.18,,
1964-10-01,4.18,,
1964-10-02,4.18,,
1964-10-05,4.2,,
1964-10-06,4.19,,
1964-10-07,4.19,,
1964-10-08,4.19,,
1964-10-09,4.19,,
1964-10-13,4.19,,
1964-10-14,4.19,,
1964-10-15,4.2,,
1964-10-16,4.21,,
1964-10-19,4.21,,
1964-10-20,4.2,,
1964-10-21,4.19,,
1964-10-22,4.19,,
1964-10-23,4.19,,
1964-10-26,4.19,,
1964-10-27,4.18,,
1964-10-28,4.17,,
1964-10-29,4.16,,
1964-10-30,4.16,,
1964-11-02,4.15,,
1964-11-04,4.15,,
1964-11-05,4.15,,
1964-11-06,4.15,,
1964-11-09,4.15,,
1964-11-10,4.14,,
1964-11-12,4.12,,
1964-11-13,4.13,,
1964-11-16,4.13,,
1964-11-17,4.14,,
1964-11-18,4.14,,
1964-11-19,4.13,,
1964-11-20,4.13,,
1964-11-23,4.18,,
1964-11-24,4.18,,
1964-11-25,4.19,,
1964-11-27,4.19,,
1964-11-30,4.2,,
1964-12-01,4.2,,
1964-12-02,4.19,,
1964-12-03,4.18,,
1964-12-04,4.18,,
1964-12-07,4.17,,
1964-12-08,4.16,,
1964-12-09,4.16,,
1964-12-10,4.15,,
1964-12-11,4.15,,
1964-12-14,4.16,,
1964-12-15,4.17,,
1964-12-16,4.18,,
1964-12-17,4.18,,
1964-12-18,4.19,,
1964-12-21,4.18,,
1964-12-22,4.18,,
1964-12-23,4.19,,
1964-12-24,4.19,,
1964-12-28,4.19,,
1964-12-29,4.19,,
1964-12-30,4.2,,
1964-12-31,4.21,,
1965-01-04,4.2,,
1965-01-05,4.2,,
1965-01-06,4.2,,
1965-01-07,4.2,,
1965-01-08,4.2,,
1965-01-11,4.2,,
1965-01-12,4.19,,
1965-01-13,4.19,,
1965-01-14,4.19,,
1965-01-15,4.19,,
1965-01-18,4.19,,
1965-01-19,4.18,,
1965-01-20,4.18,,
1965-01-21,4.17,,
1965-01-22,4.17,,
1965-01-25,4.18,,
1965-01-26,4.19,,
1965-01-27,4.19,,
1965-01-28,4.19,,
1965-01-29,4.19,,
1965-02-01,4.2,,
1965-02-02,4.2,,
1965-02-03,4.2,,
1965-02-04,4.21,,
1965-02-05,4.22,,
1965-02-08,4.21,,
1965-02-09,4.21,,
1965-02-10,4.21,,
1965-02-11,4.21,,
1965-02-15,4.22,,
1965-02-16,4.21,,
1965-02-17,4.21,,
1965-02-18,4.21,,
1965-02-19,4.22,,
1965-02-23,4.21,,
1965-02-24,4.22,,
1965-02-25,4.21,,
1965-02-26,4.22,,
1965-03-01,4.22,,
1965-03-02,4.24,,
1965-03-03,4.23,,
1965-03-04,4.22,,
1965-03-05,4.23,,
1965-03-08,4.23,,
1965-03-09,4.23,,
1965-03-10,4.23,,
1965-03-11,4.22,,
1965-03-12,4.22,,
1965-03-15,4.21,,
1965-03-16,4.21,,
1965-03-17,4.2,,
1965-03-18,4.2,,
1965-03-19,4.2,,
1965-03-22,4.19,,
1965-03-23,4.19,,
1965-03-24,4.18,,
1965-03-25,4.19,,
1965-03-26,4.2,,
1965-03-29,4.2,,
1965-03-30,4.2,,
1965-03-31,4.2,,
1965-04-01,4.2,,
1965-04-02,4.2,,
1965-04-05,4.2,,
1965-04-06,4.2,,
1965-04-07,4.2,,
1965-04-08,4.19,,
1965-04-09,4.2,,
1965-04-12,4.2,,
1965-04-13,4.2,,
1965-04-14,4.19,,
1965-04-15,4.2,,
1965-04-19,4.21,,
1965-04-20,4.21,,
1965-04-21,4.21,,
1965-04-22,4.21,,
1965-04-23,4.21,,
1965-04-26,4.21,,
1965-04-27,4.21,,
1965-04-28,4.21,,
1965-04-29,4.21,,
1965-04-30,4.21,,
1965-05-03,4.21,,
1965-05-04,4.2,,
1965-05-05,4.2,,
1965-05-06,4.2,,
1965-05-07,4.2,,
1965-05-10,4.2,,
1965-05-11,4.2,,
1965-05-12,4.2,,
1965-05-13,4.21,,
1965-05-14,4.21,,
1965-05-17,4.21,,
1965-05-18,4.22,,
1965-05-19,4.22,,
1965-05-20,4.22,,
1965-05-21,4.22,,
1965-05-24,4.22,,
1965-05-25,4.22,,
1965-05-26,4.22,,
1965-05-27,4.22,,
1965-05-28,4.23,,
1965-06-01,4.23,,
1965-06-02,4.23,,
1965-06-03,4.23,,
1965-06-04,4.23,,
1965-06-07,4.23,,
1965-06-08,4.23,,
1965-06-09,4.23,,
1965-06-10,4.23,,
1965-06-11,4.23,,
1965-06-14,4.21,,
1965-06-15,4.21,,
1965-06-16,4.21,,
1965-06-17,4.21,,
1965-06-18,4.21,,
1965-06-21,4.2,,
1965-06-22,4.2,,
1965-06-23,4.2,,
1965-06-24,4.19,,
1965-06-25,4.19,,
1965-06-28,4.19,,
1965-06-29,4.2,,
1965-06-30,4.2,,
1965-07-01,4.2,,
1965-07-02,4.21,,
1965-07-06,4.21,,
1965-07-07,4.21,,
1965-07-08,4.2,,
1965-07-09,4.21,,
1965-07-12,4.21,,
1965-07-13,4.21,,
1965-07-14,4.21,,
1965-07-15,4.2,,
1965-07-16,4.2,,
1965-07-19,4.2,,
1965-07-20,4.2,,
1965-07-21,4.2,,
1965-07-22,4.2,,
1965-07-23,4.2,,
1965-07-26,4.2,,
1965-07-27,4.2,,
1965-07-28,4.2,,
1965-07-29,4.21,,
1965-07-30,4.22,,
1965-08-02,4.22,,
1965-08-03,4.22,,
1965-08-04,4.23,,
1965-08-05,4.23,,
1965-08-06,4.24,,
1965-08-09,4.24,,
1965-08-10,4.24,,
1965-08-11,4.25,,
1965-08-12,4.25,,
1965-08-13,4.25,,
1965-08-16,4.26,,
1965-08-17,4.27,,
1965-08-18,4.26,,
1965-08-19,4.26,,
1965-08-20,4.26,,
1965-08-23,4.26,,
1965-08-24,4.27,,
1965-08-25,4.26,,
1965-08-26,4.27,,
1965-08-27,4.27,,
1965-08-30,4.27,,
1965-08-31,4.27,,
1965-09-01,4.28,,
1965-09-02,4.28,,
1965-09-03,4.27,,
1965-09-07,4.27,,
1965-09-08,4.27,,
1965-09-09,4.27,,
1965-09-10,4.28,,
1965-09-13,4.28,,
1965-09-14,4.28,,
1965-09-15,4.28,,
1965-09-16,4.27,,
1965-09-17,4.27,,
1965-09-20,4.27,,
1965-09-21,4.28,,
1965-09-22,4.29,,
1965-09-23,4.3,,
1965-09-24,4.31,,
1965-09-27,4.31,,
1965-09-28,4.33,,
1965-09-29,4.36,,
1965-09-30,4.35,,
1965-10-01,4.36,,
1965-10-04,4.35,,
1965-10-05,4.33,,
1965-10-06,4.32,,
1965-10-07,4.31,,
1965-10-08,4.32,,
1965-10-11,4.31,,
1965-10-13,4.3,,
1965-10-14,4.31,,
1965-10-15,4.34,,
1965-10-18,4.34,,
1965-10-19,4.35,,
1965-10-20,4.36,,
1965-10-21,4.37,,
1965-10-22,4.36,,
1965-10-25,4.38,,
1965-10-26,4.38,,
1965-10-27,4.39,,
1965-10-28,4.4,,
1965-10-29,4.41,,
1965-11-01,4.43,,
1965-11-03,4.43,,
1965-11-04,4.43,,
1965-11-05,4.43,,
1965-11-08,4.45,,
1965-11-09,4.47,,
1965-11-10,4.46,,
1965-11-12,4.44,,
1965-11-15,4.45,,
1965-11-16,4.44,,
1965-11-17,4.45,,
1965-11-18,4.45,,
1965-11-19,4.46,,
1965-11-22,4.45,,
1965-11-23,4.45,,
1965-11-24,4.45,,
1965-11-26,4.45,,
1965-11-29,4.46,,
1965-11-30,4.48,,
1965-12-01,4.52,,
1965-12-02,4.52,,
1965-12-03,4.52,,
1965-12-06,4.61,,
1965-12-07,4.59,,
1965-12-08,4.6,,
1965-12-09,4.6,,
1965-12-10,4.6,,
1965-12-13,4.65,,
1965-12-14,4.67,,
1965-12-15,4.67,,
1965-12-16,4.66,,
1965-12-17,4.65,,
1965-12-20,4.61,,
1965-12-21,4.64,,
1965-12-22,4.65,,
1965-12-23,4.65,,
1965-12-27,4.62,,
1965-12-28,4.61,,
1965-12-29,4.62,,
1965-12-30,4.63,,
1965-12-31,4.65,,
1966-01-03,4.63,,
1966-01-04,4.65,,
1966-01-05,4.63,,
1966-01-06,4.6,,
1966-01-07,4.6,,
1966-01-10,4.61,,
1966-01-11,4.6,,
1966-01-12,4.56,,
1966-01-13,4.58,,
1966-01-14,4.59,,
1966-01-17,4.61,,
1966-01-18,4.61,,
1966-01-19,4.61,,
1966-01-20,4.6,,
1966-01-21,4.59,,
1966-01-24,4.6,,
1966-01-25,4.61,,
1966-01-26,4.61,,
1966-01-27,4.63,,
1966-01-28,4.65,,
1966-01-31,4.69,,
1966-02-01,4.69,,
1966-02-02,4.7,,
1966-02-03,4.7,,
1966-02-04,4.71,,
1966-02-07,4.73,,
1966-02-08,4.72,,
1966-02-09,4.74,,
1966-02-10,4.78,,
1966-02-11,4.86,,
1966-02-14,4.87,,
1966-02-15,4.88,,
1966-02-16,4.89,,
1966-02-17,4.88,,
1966-02-18,4.9,,
1966-02-21,4.92,,
1966-02-23,4.92,,
1966-02-24,4.93,,
1966-02-25,4.97,,
1966-02-28,5.02,,
1966-03-01,5.01,,
1966-03-02,5.0,,
1966-03-03,5.0,,
1966-03-04,4.98,,
1966-03-07,4.96,,
1966-03-08,4.93,,
1966-03-09,4.93,,
1966-03-10,4.95,,
1966-03-11,4.96,,
1966-03-14,4.94,,
1966-03-15,4.91,,
1966-03-16,4.9,,
1966-03-17,4.86,,
1966-03-18,4.84,,
1966-03-21,4.81,,
1966-03-22,4.78,,
1966-03-23,4.73,,
1966-03-24,4.76,,
1966-03-25,4.82,,
1966-03-28,4.81,,
1966-03-29,4.8,,
1966-03-30,4.7,,
1966-03-31,4.71,,
1966-04-01,4.7,,
1966-04-04,4.69,,
1966-04-05,4.66,,
1966-04-06,4.71,,
1966-04-07,4.73,,
1966-04-11,4.73,,
1966-04-12,4.73,,
1966-04-13,4.74,,
1966-04-14,4.76,,
1966-04-15,4.77,,
1966-04-18,4.76,,
1966-04-19,4.76,,
1966-04-20,4.8,,
1966-04-21,4.77,,
1966-04-22,4.77,,
1966-04-25,4.78,,
1966-04-26,4.79,,
1966-04-27,4.78,,
1966-04-28,4.78,,
1966-04-29,4.79,,
1966-05-02,4.8,,
1966-05-03,4.81,,
1966-05-04,4.81,,
1966-05-05,4.81,,
1966-05-06,4.79,,
1966-05-09,4.75,,
1966-05-10,4.75,,
1966-05-11,4.77,,
1966-05-12,4.77,,
1966-05-13,4.77,,
1966-05-16,4.77,,
1966-05-17,4.75,,
1966-05-18,4.75,,
1966-05-19,4.75,,
1966-05-20,4.75,,
1966-05-23,4.77,,
1966-05-24,4.79,,
1966-05-25,4.78,,
1966-05-26,4.8,,
1966-05-27,4.81,,
1966-05-31,4.8,,
1966-06-01,4.79,,
1966-06-02,4.77,,
1966-06-03,4.78,,
1966-06-06,4.79,,
1966-06-07,4.81,,
1966-06-08,4.83,,
1966-06-09,4.83,,
1966-06-10,4.83,,
1966-06-13,4.83,,
1966-06-14,4.83,,
1966-06-15,4.79,,
1966-06-16,4.81,,
1966-06-17,4.8,,
1966-06-20,4.76,,
1966-06-21,4.75,,
1966-06-22,4.76,,
1966-06-23,4.77,,
1966-06-24,4.8,,
1966-06-27,4.83,,
1966-06-28,4.89,,
1966-06-29,4.9,,
1966-06-30,4.97,,
1966-07-01,4.99,,
1966-07-05,4.96,,
1966-07-06,4.95,,
1966-07-07,4.95,,
1966-07-08,4.97,,
1966-07-11,5.03,,
1966-07-12,5.05,,
1966-07-13,5.07,,
1966-07-14,5.1,,
1966-07-15,5.09,,
1966-07-18,5.04,,
1966-07-19,5.03,,
1966-07-20,5.02,,
1966-07-21,5.04,,
1966-07-22,5.02,,
1966-07-25,4.99,,
1966-07-26,4.99,,
1966-07-27,4.99,,
1966-07-28,5.03,,
1966-07-29,5.05,,
1966-08-01,5.05,,
1966-08-02,5.04,,
1966-08-03,5.06,,
1966-08-04,5.07,,
1966-08-05,5.07,,
1966-08-08,5.08,,
1966-08-09,5.1,,
1966-08-10,5.1,,
1966-08-11,5.11,,
1966-08-12,5.11,,
1966-08-15,5.15,,
1966-08-16,5.18,,
1966-08-17,5.24,,
1966-08-18,5.29,,
1966-08-19,5.31,,
1966-08-22,5.29,,
1966-08-23,5.33,,
1966-08-24,5.36,,
1966-08-25,5.39,,
1966-08-26,5.48,,
1966-08-29,5.51,,
1966-08-30,5.48,,
1966-08-31,5.36,,
1966-09-01,5.3,,
1966-09-02,5.23,,
1966-09-06,5.19,,
1966-09-07,5.2,,
1966-09-08,5.18,,
1966-09-09,5.17,,
1966-09-12,5.18,,
1966-09-13,5.16,,
1966-09-14,5.21,,
1966-09-15,5.25,,
1966-09-16,5.24,,
1966-09-19,5.32,,
1966-09-20,5.27,,
1966-09-21,5.21,,
1966-09-22,5.15,,
1966-09-23,5.17,,
1966-09-26,5.17,,
1966-09-27,5.13,,
1966-09-28,5.09,,
1966-09-29,4.99,,
1966-09-30,5.02,,
1966-10-03,5.08,,
1966-10-04,5.06,,
1966-10-05,5.05,,
1966-10-06,5.03,,
1966-10-07,5.02,,
1966-10-10,5.05,,
1966-10-11,5.05,,
1966-10-13,5.07,,
1966-10-14,5.06,,
1966-10-17,5.04,,
1966-10-18,4.99,,
1966-10-19,5.0,,
1966-10-20,5.02,,
1966-10-21,4.94,,
1966-10-24,4.94,,
1966-10-25,4.94,,
1966-10-26,4.96,,
1966-10-27,4.99,,
1966-10-28,4.97,,
1966-10-31,4.97,,
1966-11-01,4.99,,
1966-11-02,5.04,,
1966-11-03,5.06,,
1966-11-04,5.11,,
1966-11-07,5.11,,
1966-11-09,5.12,,
1966-11-10,5.17,,
1966-11-14,5.19,,
1966-11-15,5.21,,
1966-11-16,5.22,,
1966-11-17,5.23,,
1966-11-18,5.22,,
1966-11-21,5.17,,
1966-11-22,5.2,,
1966-11-23,5.22,,
1966-11-25,5.23,,
1966-11-28,5.19,,
1966-11-29,5.15,,
1966-11-30,5.12,,
1966-12-01,5.09,,
1966-12-02,5.03,,
1966-12-05,5.06,,
1966-12-06,5.07,,
1966-12-07,5.07,,
1966-12-08,5.1,,
1966-12-09,5.05,,
1966-12-12,4.93,,
1966-12-13,4.86,,
1966-12-14,4.83,,
1966-12-15,4.76,,
1966-12-16,4.78,,
1966-12-19,4.72,,
1966-12-20,4.69,,
1966-12-21,4.66,,
1966-12-22,4.68,,
1966-12-23,4.67,,
1966-12-27,4.71,,
1966-12-28,4.64,,
1966-12-29,4.66,,
1966-12-30,4.64,,
1967-01-03,4.69,,
1967-01-04,4.65,,
1967-01-05,4.63,,
1967-01-06,4.64,,
1967-01-09,4.71,,
1967-01-10,4.69,,
1967-01-11,4.54,,
1967-01-12,4.55,,
1967-01-13,4.51,,
1967-01-16,4.49,,
1967-01-17,4.51,,
1967-01-18,4.53,,
1967-01-19,4.58,,
1967-01-20,4.6,,
1967-01-23,4.6,,
1967-01-24,4.65,,
1967-01-25,4.62,,
1967-01-26,4.5,,
1967-01-27,4.47,,
1967-01-30,4.48,,
1967-01-31,4.52,,
1967-02-01,4.52,,
1967-02-02,4.51,,
1967-02-03,4.52,,
1967-02-06,4.53,,
1967-02-07,4.54,,
1967-02-08,4.54,,
1967-02-09,4.53,,
1967-02-10,4.59,,
1967-02-14,4.64,,
1967-02-15,4.69,,
1967-02-16,4.67,,
1967-02-17,4.68,,
1967-02-20,4.7,,
1967-02-21,4.71,,
1967-02-23,4.74,,
1967-02-24,4.73,,
1967-02-27,4.72,,
1967-02-28,4.72,,
1967-03-01,4.66,,
1967-03-02,4.63,,
1967-03-03,4.62,,
1967-03-06,4.61,,
1967-03-07,4.6,,
1967-03-08,4.61,,
1967-03-09,4.57,,
1967-03-10,4.58,,
1967-03-13,4.56,,
1967-03-14,4.53,,
1967-03-15,4.49,,
1967-03-16,4.45,,
1967-03-17,4.47,,
1967-03-20,4.45,,
1967-03-21,4.51,,
1967-03-22,4.52,,
1967-03-23,4.5,,
1967-03-27,4.52,,
1967-03-28,4.52,,
1967-03-29,4.52,,
1967-03-30,4.5,,
1967-03-31,4.5,,
1967-04-03,4.5,,
1967-04-04,4.49,,
1967-04-05,4.5,,
1967-04-06,4.49,,
1967-04-07,4.48,,
1967-04-10,4.5,,
1967-04-11,4.51,,
1967-04-12,4.51,,
1967-04-13,4.54,,
1967-04-14,4.56,,
1967-04-17,4.61,,
1967-04-18,4.63,,
1967-04-19,4.63,,
1967-04-20,4.63,,
1967-04-21,4.66,,
1967-04-24,4.68,,
1967-04-25,4.71,,
1967-04-26,4.73,,
1967-04-27,4.73,,
1967-04-28,4.78,,
1967-05-01,4.77,,
1967-05-02,4.75,,
1967-05-03,4.75,,
1967-05-04,4.76,,
1967-05-05,4.77,,
1967-05-08,4.83,,
1967-05-09,4.87,,
1967-05-10,4.87,,
1967-05-11,4.84,,
1967-05-12,4.82,,
1967-05-15,4.86,,
1967-05-16,4.87,,
1967-05-17,4.88,,
1967-05-18,4.88,,
1967-05-19,4.89,,
1967-05-22,4.94,,
1967-05-23,4.94,,
1967-05-24,4.93,,
1967-05-25,4.92,,
1967-05-26,4.86,,
1967-05-29,4.84,,
1967-05-31,4.81,,
1967-06-01,4.81,,
1967-06-02,4.82,,
1967-06-05,4.85,,
1967-06-06,4.84,,
1967-06-07,4.84,,
1967-06-08,4.86,,
1967-06-09,4.89,,
1967-06-12,4.94,,
1967-06-13,4.95,,
1967-06-14,5.02,,
1967-06-15,5.02,,
1967-06-16,5.07,,
1967-06-19,5.07,,
1967-06-20,5.14,,
1967-06-21,5.14,,
1967-06-22,5.13,,
1967-06-23,5.14,,
1967-06-26,5.16,,
1967-06-27,5.21,,
1967-06-28,5.18,,
1967-06-29,5.2,,
1967-06-30,5.22,,
1967-07-03,5.22,,
1967-07-05,5.17,,
1967-07-06,5.11,,
1967-07-07,5.15,,
1967-07-10,5.16,,
1967-07-11,5.09,,
1967-07-12,5.06,,
1967-07-13,5.08,,
1967-07-14,5.08,,
1967-07-17,5.09,,
1967-07-18,5.16,,
1967-07-19,5.18,,
1967-07-20,5.2,,
1967-07-21,5.2,,
1967-07-24,5.23,,
1967-07-25,5.23,,
1967-07-26,5.23,,
1967-07-27,5.2,,
1967-07-28,5.18,,
1967-07-31,5.16,,
1967-08-01,5.18,,
1967-08-02,5.21,,
1967-08-03,5.2,,
1967-08-04,5.26,,
1967-08-07,5.3,,
1967-08-08,5.28,,
1967-08-09,5.27,,
1967-08-10,5.28,,
1967-08-11,5.29,,
1967-08-14,5.29,,
1967-08-15,5.29,,
1967-08-16,5.28,,
1967-08-17,5.28,,
1967-08-18,5.28,,
1967-08-21,5.3,,
1967-08-22,5.3,,
1967-08-23,5.31,,
1967-08-24,5.31,,
1967-08-25,5.32,,
1967-08-28,5.29,,
1967-08-29,5.27,,
1967-08-30,5.28,,
1967-08-31,5.27,,
1967-09-01,5.25,,
1967-09-05,5.22,,
1967-09-06,5.2,,
1967-09-07,5.2,,
1967-09-08,5.26,,
1967-09-11,5.28,,
1967-09-12,5.29,,
1967-09-13,5.27,,
1967-09-14,5.28,,
1967-09-15,5.29,,
1967-09-18,5.3,,
1967-09-19,5.35,,
1967-09-20,5.34,,
1967-09-21,5.36,,
1967-09-22,5.36,,
1967-09-25,5.38,,
1967-09-26,5.37,,
1967-09-27,5.37,,
1967-09-28,5.36,,
1967-09-29,5.31,,
1967-10-02,5.35,,
1967-10-03,5.35,,
1967-10-04,5.37,,
1967-10-05,5.37,,
1967-10-06,5.37,,
1967-10-09,5.39,,
1967-10-10,5.42,,
1967-10-11,5.42,,
1967-10-13,5.45,,
1967-10-16,5.47,,
1967-10-17,5.49,,
1967-10-18,5.52,,
1967-10-19,5.53,,
1967-10-20,5.52,,
1967-10-23,5.56,,
1967-10-24,5.56,,
1967-10-25,5.57,,
1967-10-26,5.58,,
1967-10-27,5.57,,
1967-10-30,5.6,,
1967-10-31,5.64,,
1967-11-01,5.7,,
1967-11-02,5.71,,
1967-11-03,5.75,,
1967-11-06,5.77,,
1967-11-08,5.74,,
1967-11-09,5.78,,
1967-11-10,5.83,,
1967-11-13,5.87,,
1967-11-14,5.81,,
1967-11-15,5.78,,
1967-11-16,5.72,,
1967-11-17,5.75,,
1967-11-20,5.85,,
1967-11-21,5.71,,
1967-11-22,5.7,,
1967-11-24,5.78,,
1967-11-27,5.76,,
1967-11-28,5.65,,
1967-11-29,5.67,,
1967-11-30,5.74,,
1967-12-01,5.78,,
1967-12-04,5.76,,
1967-12-05,5.74,,
1967-12-06,5.69,,
1967-12-07,5.71,,
1967-12-08,5.72,,
1967-12-11,5.74,,
1967-12-12,5.75,,
1967-12-13,5.71,,
1967-12-14,5.7,,
1967-12-15,5.71,,
1967-12-18,5.68,,
1967-12-19,5.66,,
1967-12-20,5.62,,
1967-12-21,5.64,,
1967-12-22,5.69,,
1967-12-26,5.64,,
1967-12-27,5.64,,
1967-12-28,5.7,,
1967-12-29,5.7,,
1968-01-02,5.63,,
1968-01-03,5.63,,
1968-01-04,5.51,,
1968-01-05,5.48,,
1968-01-08,5.5,,
1968-01-09,5.52,,
1968-01-10,5.46,,
1968-01-11,5.46,,
1968-01-12,5.43,,
1968-01-15,5.49,,
1968-01-16,5.52,,
1968-01-17,5.48,,
1968-01-18,5.55,,
1968-01-19,5.59,,
1968-01-22,5.61,,
1968-01-23,5.56,,
1968-01-24,5.56,,
1968-01-25,5.52,,
1968-01-26,5.53,,
1968-01-29,5.53,,
1968-01-30,5.53,,
1968-01-31,5.54,,
1968-02-01,5.58,,
1968-02-02,5.58,,
1968-02-05,5.6,,
1968-02-06,5.61,,
1968-02-07,5.59,,
1968-02-08,5.6,,
1968-02-09,5.59,,
1968-02-13,5.55,,
1968-02-14,5.54,,
1968-02-15,5.51,,
1968-02-16,5.5,,
1968-02-19,5.53,,
1968-02-20,5.54,,
1968-02-21,5.54,,
1968-02-23,5.56,,
1968-02-26,5.58,,
1968-02-27,5.58,,
1968-02-28,5.57,,
1968-02-29,5.56,,
1968-03-01,5.56,,
1968-03-04,5.57,,
1968-03-05,5.59,,
1968-03-06,5.61,,
1968-03-07,5.67,,
1968-03-08,5.75,,
1968-03-11,5.75,,
1968-03-12,5.79,,
1968-03-13,5.86,,
1968-03-14,5.95,,
1968-03-15,5.84,,
1968-03-18,5.76,,
1968-03-19,5.77,,
1968-03-20,5.73,,
1968-03-21,5.76,,
1968-03-22,5.74,,
1968-03-25,5.74,,
1968-03-26,5.78,,
1968-03-27,5.78,,
1968-03-28,5.78,,
1968-03-29,5.76,,
1968-04-01,5.64,,
1968-04-02,5.62,,
1968-04-03,5.49,,
1968-04-04,5.52,,
1968-04-05,5.52,,
1968-04-08,5.54,,
1968-04-10,5.53,,
1968-04-11,5.54,,
1968-04-15,5.6,,
1968-04-16,5.62,,
1968-04-17,5.62,,
1968-04-18,5.64,,
1968-04-19,5.76,,
1968-04-22,5.78,,
1968-04-23,5.73,,
1968-04-24,5.72,,
1968-04-25,5.72,,
1968-04-26,5.71,,
1968-04-29,5.73,,
1968-04-30,5.74,,
1968-05-01,5.73,,
1968-05-02,5.76,,
1968-05-03,5.8,,
1968-05-06,5.78,,
1968-05-07,5.79,,
1968-05-08,5.8,,
1968-05-09,5.79,,
1968-05-10,5.79,,
1968-05-13,5.79,,
1968-05-14,5.82,,
1968-05-15,5.85,,
1968-05-16,5.9,,
1968-05-17,5.92,,
1968-05-20,5.96,,
1968-05-21,6.02,,
1968-05-22,6.02,,
1968-05-23,5.98,,
1968-05-24,5.96,,
1968-05-27,5.92,,
1968-05-28,5.94,,
1968-05-29,5.95,,
1968-05-31,5.86,,
1968-06-03,5.79,,
1968-06-04,5.78,,
1968-06-05,5.81,,
1968-06-06,5.83,,
1968-06-07,5.82,,
1968-06-10,5.8,,
1968-06-11,5.79,,
1968-06-12,5.77,,
1968-06-13,5.76,,
1968-06-14,5.72,,
1968-06-17,5.71,,
1968-06-18,5.71,,
1968-06-19,5.67,,
1968-06-20,5.62,,
1968-06-21,5.6,,
1968-06-24,5.61,,
1968-06-25,5.64,,
1968-06-26,5.64,,
1968-06-27,5.65,,
1968-06-28,5.64,,
1968-07-01,5.62,,
1968-07-02,5.58,,
1968-07-03,5.57,,
1968-07-05,5.56,,
1968-07-08,5.53,,
1968-07-09,5.51,,
1968-07-10,5.52,,
1968-07-11,5.52,,
1968-07-12,5.53,,
1968-07-15,5.56,,
1968-07-16,5.57,,
1968-07-17,5.55,,
1968-07-18,5.56,,
1968-07-19,5.53,,
1968-07-22,5.45,,
1968-07-23,5.38,,
1968-07-24,5.39,,
1968-07-25,5.37,,
1968-07-26,5.39,,
1968-07-29,5.41,,
1968-07-30,5.41,,
1968-07-31,5.39,,
1968-08-01,5.38,,
1968-08-02,5.34,,
1968-08-05,5.37,,
1968-08-06,5.38,,
1968-08-07,5.36,,
1968-08-08,5.37,,
1968-08-09,5.39,,
1968-08-12,5.42,,
1968-08-13,5.43,,
1968-08-14,5.43,,
1968-08-15,5.45,,
1968-08-16,5.42,,
1968-08-19,5.43,,
1968-08-20,5.43,,
1968-08-21,5.46,,
1968-08-22,5.5,,
1968-08-23,5.47,,
1968-08-26,5.46,,
1968-08-27,5.46,,
1968-08-28,5.45,,
1968-08-29,5.43,,
1968-08-30,5.42,,
1968-09-03,5.41,,
1968-09-04,5.43,,
1968-09-05,5.46,,
1968-09-06,5.48,,
1968-09-09,5.49,,
1968-09-10,5.51,,
1968-09-11,5.5,,
1968-09-12,5.49,,
1968-09-13,5.48,,
1968-09-16,5.46,,
1968-09-17,5.46,,
1968-09-18,5.42,,
1968-09-19,5.43,,
1968-09-20,5.45,,
1968-09-23,5.45,,
1968-09-24,5.44,,
1968-09-25,5.44,,
1968-09-26,5.45,,
1968-09-27,5.46,,
1968-09-30,5.49,,
1968-10-01,5.49,,
1968-10-02,5.49,,
1968-10-03,5.5,,
1968-10-04,5.52,,
1968-10-07,5.55,,
1968-10-08,5.57,,
1968-10-09,5.6,,
1968-10-10,5.61,,
1968-10-11,5.61,,
1968-10-14,5.62,,
1968-10-15,5.65,,
1968-10-16,5.62,,
1968-10-17,5.58,,
1968-10-18,5.57,,
1968-10-21,5.58,,
1968-10-22,5.58,,
1968-10-23,5.58,,
1968-10-24,5.61,,
1968-10-25,5.6,,
1968-10-28,5.61,,
1968-10-29,5.62,,
1968-10-30,5.63,,
1968-10-31,5.61,,
1968-11-01,5.61,,
1968-11-04,5.63,,
1968-11-06,5.62,,
1968-11-07,5.63,,
1968-11-08,5.65,,
1968-11-12,5.68,,
1968-11-13,5.66,,
1968-11-14,5.66,,
1968-11-15,5.68,,
1968-11-18,5.71,,
1968-11-19,5.74,,
1968-11-20,5.74,,
1968-11-21,5.73,,
1968-11-22,5.74,,
1968-11-25,5.75,,
1968-11-26,5.76,,
1968-11-27,5.76,,
1968-11-29,5.78,,
1968-12-02,5.89,,
1968-12-03,5.96,,
1968-12-04,5.95,,
1968-12-05,5.93,,
1968-12-06,5.91,,
1968-12-09,5.92,,
1968-12-10,5.93,,
1968-12-11,5.93,,
1968-12-12,5.94,,
1968-12-13,5.93,,
1968-12-16,5.96,,
1968-12-17,5.97,,
1968-12-18,6.0,,
1968-12-19,6.07,,
1968-12-20,6.14,,
1968-12-23,6.23,,
1968-12-24,6.27,,
1968-12-26,6.17,,
1968-12-27,6.2,,
1968-12-30,6.21,,
1968-12-31,6.16,,
1969-01-02,6.04,,
1969-01-03,6.01,,
1969-01-06,6.04,,
1969-01-07,6.14,,
1969-01-08,6.09,,
1969-01-09,6.04,,
1969-01-10,6.03,,
1969-01-13,6.04,,
1969-01-14,6.04,,
1969-01-15,6.02,,
1969-01-16,5.98,,
1969-01-17,5.97,,
1969-01-20,5.95,,
1969-01-21,5.97,,
1969-01-22,6.03,,
1969-01-23,6.02,,
1969-01-24,6.01,,
1969-01-27,6.03,,
1969-01-28,6.05,,
1969-01-29,6.09,,
1969-01-30,6.14,,
1969-01-31,6.19,,
1969-02-03,6.22,,
1969-02-04,6.2,,
1969-02-05,6.19,,
1969-02-06,6.2,,
1969-02-07,6.14,,
1969-02-10,6.14,,
1969-02-11,6.1,,
1969-02-13,6.09,,
1969-02-14,6.11,,
1969-02-17,6.14,,
1969-02-18,6.16,,
1969-02-19,6.2,,
1969-02-20,6.23,,
1969-02-21,6.24,,
1969-02-24,6.22,,
1969-02-25,6.24,,
1969-02-26,6.24,,
1969-02-27,6.27,,
1969-02-28,6.26,,
1969-03-03,6.25,,
1969-03-04,6.24,,
1969-03-05,6.24,,
1969-03-06,6.26,,
1969-03-07,6.27,,
1969-03-10,6.27,,
1969-03-11,6.3,,
1969-03-12,6.31,,
1969-03-13,6.32,,
1969-03-14,6.31,,
1969-03-17,6.35,,
1969-03-18,6.35,,
1969-03-19,6.32,,
1969-03-20,6.31,,
1969-03-21,6.29,,
1969-03-24,6.28,,
1969-03-25,6.3,,
1969-03-26,6.32,,
1969-03-27,6.33,,
1969-03-28,6.3,,
1969-04-01,6.25,,
1969-04-02,6.25,,
1969-04-03,6.26,,
1969-04-07,6.28,,
1969-04-08,6.25,,
1969-04-09,6.19,,
1969-04-10,6.18,,
1969-04-11,6.15,,
1969-04-14,6.06,,
1969-04-15,6.11,,
1969-04-16,6.1,,
1969-04-17,6.13,,
1969-04-18,6.16,,
1969-04-21,6.14,,
1969-04-22,6.12,,
1969-04-23,6.12,,
1969-04-24,6.14,,
1969-04-25,6.15,,
1969-04-28,6.19,,
1969-04-29,6.21,,
1969-04-30,6.2,,
1969-05-01,6.25,,
1969-05-02,6.23,,
1969-05-05,6.19,,
1969-05-06,6.22,,
1969-05-07,6.22,,
1969-05-08,6.2,,
1969-05-09,6.23,,
1969-05-12,6.27,,
1969-05-13,6.25,,
1969-05-14,6.24,,
1969-05-15,6.26,,
1969-05-16,6.31,,
1969-05-19,6.36,,
1969-05-20,6.36,,
1969-05-21,6.36,,
1969-05-22,6.36,,
1969-05-23,6.38,,
1969-05-26,6.44,,
1969-05-27,6.54,,
1969-05-28,6.56,,
1969-05-29,6.56,,
1969-06-02,6.56,,
1969-06-03,6.55,,
1969-06-04,6.56,,
1969-06-05,6.54,,
1969-06-06,6.52,,
1969-06-09,6.59,,
1969-06-10,6.56,,
1969-06-11,6.56,,
1969-06-12,6.54,,
1969-06-13,6.51,,
1969-06-16,6.49,,
1969-06-17,6.52,,
1969-06-18,6.53,,
1969-06-19,6.57,,
1969-06-20,6.59,,
1969-06-23,6.6,,
1969-06-24,6.63,,
1969-06-25,6.63,,
1969-06-26,6.62,,
1969-06-27,6.66,,
1969-06-30,6.73,,
1969-07-01,6.75,,
1969-07-02,6.77,,
1969-07-03,6.75,,
1969-07-07,6.76,,
1969-07-08,6.79,,
1969-07-09,6.82,,
1969-07-10,6.78,,
1969-07-11,6.64,,
1969-07-14,6.69,,
1969-07-15,6.72,,
1969-07-16,6.67,,
1969-07-17,6.69,,
1969-07-18,6.7,,
1969-07-22,6.66,,
1969-07-23,6.68,,
1969-07-24,6.7,,
1969-07-25,6.71,,
1969-07-28,6.73,,
1969-07-29,6.72,,
1969-07-30,6.72,,
1969-07-31,6.66,,
1969-08-01,6.66,,
1969-08-04,6.63,,
1969-08-05,6.6,,
1969-08-06,6.62,,
1969-08-07,6.63,,
1969-08-08,6.64,,
1969-08-11,6.69,,
1969-08-12,6.7,,
1969-08-13,6.7,,
1969-08-14,6.68,,
1969-08-15,6.68,,
1969-08-18,6.66,,
1969-08-19,6.65,,
1969-08-20,6.66,,
1969-08-21,6.68,,
1969-08-22,6.71,,
1969-08-25,6.72,,
1969-08-26,6.76,,
1969-08-27,6.79,,
1969-08-28,6.83,,
1969-08-29,6.83,,
1969-09-02,6.87,,
1969-09-03,6.94,,
1969-09-04,6.96,,
1969-09-05,6.99,,
1969-09-08,7.03,,
1969-09-09,7.04,,
1969-09-10,7.02,,
1969-09-11,7.05,,
1969-09-12,7.08,,
1969-09-15,7.09,,
1969-09-16,7.14,,
1969-09-17,7.14,,
1969-09-18,7.27,,
1969-09-19,7.28,,
1969-09-22,7.26,,
1969-09-23,7.26,,
1969-09-24,7.27,,
1969-09-25,7.3,,
1969-09-26,7.4,,
1969-09-29,7.45,,
1969-09-30,7.51,,
1969-10-01,7.52,,
1969-10-02,7.45,,
1969-10-03,7.38,,
1969-10-06,7.35,,
1969-10-07,7.31,,
1969-10-08,7.29,,
1969-10-09,7.3,,
1969-10-10,7.22,,
1969-10-14,7.1,,
1969-10-15,7.12,,
1969-10-16,7.04,,
1969-10-17,6.99,,
1969-10-20,6.83,,
1969-10-21,6.77,,
1969-10-22,6.8,,
1969-10-23,6.9,,
1969-10-24,6.9,,
1969-10-27,6.93,,
1969-10-28,7.0,,
1969-10-29,7.0,,
1969-10-30,6.96,,
1969-10-31,6.94,,
1969-11-03,6.9,,
1969-11-05,6.97,,
1969-11-06,7.01,,
1969-11-07,6.99,,
1969-11-10,6.99,,
1969-11-12,7.06,,
1969-11-13,7.12,,
1969-11-14,7.08,,
1969-11-17,7.13,,
1969-11-18,7.22,,
1969-11-19,7.25,,
1969-11-20,7.31,,
1969-11-21,7.28,,
1969-11-24,7.27,,
1969-11-25,7.28,,
1969-11-26,7.3,,
1969-11-28,7.29,,
1969-12-01,7.29,,
1969-12-02,7.35,,
1969-12-03,7.39,,
1969-12-04,7.35,,
1969-12-05,7.35,,
1969-12-08,7.4,,
1969-12-09,7.5,,
1969-12-10,7.59,,
1969-12-11,7.62,,
1969-12-12,7.6,,
1969-12-15,7.63,,
1969-12-16,7.72,,
1969-12-17,7.76,,
1969-12-18,7.81,,
1969-12-19,7.79,,
1969-12-22,7.76,,
1969-12-23,7.82,,
1969-12-24,7.89,,
1969-12-26,7.87,,
1969-12-29,8.05,,
1969-12-30,7.97,,
1969-12-31,7.88,,
1970-01-02,7.86,,
1970-01-05,7.88,,
1970-01-06,7.96,,
1970-01-07,7.99,,
1970-01-08,7.96,,
1970-01-09,7.86,,
1970-01-12,7.82,,
1970-01-13,7.81,,
1970-01-14,7.86,,
1970-01-15,7.85,,
1970-01-16,7.75,,
1970-01-19,7.69,,
1970-01-20,7.72,,
1970-01-21,7.69,,
1970-01-22,7.67,,
1970-01-23,7.69,,
1970-01-26,7.71,,
1970-01-27,7.7,,
1970-01-28,7.7,,
1970-01-29,7.77,,
1970-01-30,7.75,,
1970-02-02,7.65,,
1970-02-03,7.58,,
1970-02-04,7.5,,
1970-02-05,7.45,,
1970-02-06,7.36,,
1970-02-09,7.28,,
1970-02-10,7.32,,
1970-02-11,7.33,,
1970-02-13,7.15,,
1970-02-16,7.17,,
1970-02-17,7.15,,
1970-02-18,7.12,,
1970-02-19,7.09,,
1970-02-20,7.12,,
1970-02-24,7.14,,
1970-02-25,7.04,,
1970-02-26,6.94,,
1970-02-27,6.9,,
1970-03-02,6.95,,
1970-03-03,6.99,,
1970-03-04,6.97,,
1970-03-05,6.98,,
1970-03-06,6.96,,
1970-03-09,6.99,,
1970-03-10,7.04,,
1970-03-11,7.11,,
1970-03-12,7.16,,
1970-03-13,7.23,,
1970-03-16,7.24,,
1970-03-17,7.36,,
1970-03-18,7.28,,
1970-03-19,7.07,,
1970-03-20,7.06,,
1970-03-23,7.05,,
1970-03-24,7.02,,
1970-03-25,6.96,,
1970-03-26,6.98,,
1970-03-30,7.05,,
1970-03-31,7.08,,
1970-04-01,7.04,,
1970-04-02,7.08,,
1970-04-03,7.14,,
1970-04-06,7.17,,
1970-04-07,7.18,,
1970-04-08,7.17,,
1970-04-09,7.18,,
1970-04-10,7.17,,
1970-04-13,7.2,,
1970-04-14,7.22,,
1970-04-15,7.27,,
1970-04-16,7.34,,
1970-04-17,7.4,,
1970-04-20,7.44,,
1970-04-21,7.5,,
1970-04-22,7.61,,
1970-04-23,7.64,,
1970-04-24,7.72,,
1970-04-27,7.74,,
1970-04-28,7.79,,
1970-04-29,7.78,,
1970-04-30,7.82,,
1970-05-01,7.85,,
1970-05-04,7.94,,
1970-05-05,7.92,,
1970-05-06,7.86,,
1970-05-07,7.82,,
1970-05-08,7.78,,
1970-05-11,7.82,,
1970-05-12,7.84,,
1970-05-13,7.85,,
1970-05-14,7.86,,
1970-05-15,7.83,,
1970-05-18,7.8,,
1970-05-19,7.8,,
1970-05-20,7.85,,
1970-05-21,7.9,,
1970-05-22,7.99,,
1970-05-25,8.15,,
1970-05-26,8.22,,
1970-05-27,8.02,,
1970-05-28,7.98,,
1970-05-29,7.95,,
1970-06-01,7.84,,
1970-06-02,7.78,,
1970-06-03,7.76,,
1970-06-04,7.8,,
1970-06-05,7.88,,
1970-06-08,7.89,,
1970-06-09,7.88,,
1970-06-10,7.87,,
1970-06-11,7.92,,
1970-06-12,7.98,,
1970-06-15,7.98,,
1970-06-16,7.87,,
1970-06-17,7.9,,
1970-06-18,7.9,,
1970-06-19,7.9,,
1970-06-22,7.86,,
1970-06-23,7.79,,
1970-06-24,7.74,,
1970-06-25,7.76,,
1970-06-26,7.78,,
1970-06-29,7.76,,
1970-06-30,7.68,,
1970-07-01,7.64,,
1970-07-02,7.55,,
1970-07-06,7.49,,
1970-07-07,7.46,,
1970-07-08,7.49,,
1970-07-09,7.49,,
1970-07-10,7.54,,
1970-07-13,7.55,,
1970-07-14,7.53,,
1970-07-15,7.49,,
1970-07-16,7.46,,
1970-07-17,7.45,,
1970-07-20,7.46,,
1970-07-21,7.45,,
1970-07-22,7.43,,
1970-07-23,7.32,,
1970-07-24,7.34,,
1970-07-27,7.36,,
1970-07-28,7.41,,
1970-07-29,7.39,,
1970-07-30,7.38,,
1970-07-31,7.38,,
1970-08-03,7.39,,
1970-08-04,7.4,,
1970-08-05,7.42,,
1970-08-06,7.43,,
1970-08-07,7.45,,
1970-08-10,7.5,,
1970-08-11,7.54,,
1970-08-12,7.56,,
1970-08-13,7.58,,
1970-08-14,7.67,,
1970-08-17,7.71,,
1970-08-18,7.68,,
1970-08-19,7.65,,
1970-08-20,7.64,,
1970-08-21,7.6,,
1970-08-24,7.48,,
1970-08-25,7.46,,
1970-08-26,7.45,,
1970-08-27,7.48,,
1970-08-28,7.49,,
1970-08-31,7.49,,
1970-09-01,7.47,,
1970-09-02,7.48,,
1970-09-03,7.48,,
1970-09-04,7.47,,
1970-09-08,7.5,,
1970-09-09,7.54,,
1970-09-10,7.52,,
1970-09-11,7.5,,
1970-09-14,7.48,,
1970-09-15,7.46,,
1970-09-16,7.4,,
1970-09-17,7.32,,
1970-09-18,7.31,,
1970-09-21,7.29,,
1970-09-22,7.28,,
1970-09-23,7.24,,
1970-09-24,7.26,,
1970-09-25,7.28,,
1970-09-28,7.31,,
1970-09-29,7.3,,
1970-09-30,7.29,,
1970-10-01,7.29,,
1970-10-02,7.26,,
1970-10-05,7.26,,
1970-10-06,7.24,,
1970-10-07,7.23,,
1970-10-08,7.25,,
1970-10-09,7.25,,
1970-10-13,7.25,,
1970-10-14,7.3,,
1970-10-15,7.3,,
1970-10-16,7.31,,
1970-10-19,7.35,,
1970-10-20,7.37,,
1970-10-21,7.42,,
1970-10-22,7.46,,
1970-10-23,7.44,,
1970-10-26,7.44,,
1970-10-27,7.42,,
1970-10-28,7.38,,
1970-10-29,7.31,,
1970-10-30,7.33,,
1970-11-02,7.24,,
1970-11-04,7.23,,
1970-11-05,7.2,,
1970-11-06,7.15,,
1970-11-09,7.06,,
1970-11-10,7.06,,
1970-11-12,7.03,,
1970-11-13,7.0,,
1970-11-16,6.96,,
1970-11-17,6.93,,
1970-11-18,6.86,,
1970-11-19,6.72,,
1970-11-20,6.48,,
1970-11-23,6.32,,
1970-11-24,6.45,,
1970-11-25,6.48,,
1970-11-27,6.48,,
1970-11-30,6.49,,
1970-12-01,6.48,,
1970-12-02,6.41,,
1970-12-03,6.31,,
1970-12-04,6.21,,
1970-12-07,6.27,,
1970-12-08,6.29,,
1970-12-09,6.34,,
1970-12-10,6.34,,
1970-12-11,6.31,,
1970-12-14,6.26,,
1970-12-15,6.29,,
1970-12-16,6.29,,
1970-12-17,6.3,,
1970-12-18,6.33,,
1970-12-21,6.45,,
1970-12-22,6.52,,
1970-12-23,6.57,,
1970-12-24,6.53,,
1970-12-28,6.54,,
1970-12-29,6.56,,
1970-12-30,6.51,,
1970-12-31,6.5,,
1971-01-04,6.46,,
1971-01-05,6.47,,
1971-01-06,6.47,,
1971-01-07,6.45,,
1971-01-08,6.44,,
1971-01-11,6.39,,
1971-01-12,6.35,,
1971-01-13,6.29,,
1971-01-14,6.22,,
1971-01-15,6.22,,
1971-01-18,6.16,,
1971-01-19,6.17,,
1971-01-20,6.15,,
1971-01-21,6.09,,
1971-01-22,6.06,,
1971-01-25,6.05,,
1971-01-26,6.07,,
1971-01-27,6.09,,
1971-01-28,6.08,,
1971-01-29,6.09,,
1971-02-01,6.09,,
1971-02-02,6.11,,
1971-02-03,6.11,,
1971-02-04,6.1,,
1971-02-05,6.1,,
1971-02-08,6.09,,
1971-02-09,6.07,,
1971-02-10,6.08,,
1971-02-11,6.08,,
1971-02-16,6.11,,
1971-02-17,6.11,,
1971-02-18,6.11,,
1971-02-19,6.12,,
1971-02-22,6.15,,
1971-02-23,6.18,,
1971-02-24,6.16,,
1971-02-25,6.11,,
1971-02-26,6.14,,
1971-03-01,6.12,,
1971-03-02,6.09,,
1971-03-03,6.05,,
1971-03-04,6.05,,
1971-03-05,6.03,,
1971-03-08,5.99,,
1971-03-09,5.9,,
1971-03-10,5.8,,
1971-03-11,5.69,,
1971-03-12,5.72,,
1971-03-15,5.7,,
1971-03-16,5.68,,
1971-03-17,5.61,,
1971-03-18,5.55,,
1971-03-19,5.51,,
1971-03-22,5.42,,
1971-03-23,5.38,,
1971-03-24,5.41,,
1971-03-25,5.43,,
1971-03-26,5.48,,
1971-03-29,5.54,,
1971-03-30,5.5,,
1971-03-31,5.53,,
1971-04-01,5.58,,
1971-04-02,5.6,,
1971-04-05,5.63,,
1971-04-06,5.6,,
1971-04-07,5.58,,
1971-04-08,5.62,,
1971-04-12,5.73,,
1971-04-13,5.72,,
1971-04-14,5.77,,
1971-04-15,5.8,,
1971-04-16,5.82,,
1971-04-19,5.88,,
1971-04-20,5.97,,
1971-04-21,6.04,,
1971-04-22,6.02,,
1971-04-23,6.01,,
1971-04-26,6.0,,
1971-04-27,6.0,,
1971-04-28,5.99,,
1971-04-29,6.07,,
1971-04-30,6.08,,
1971-05-03,6.15,,
1971-05-04,6.25,,
1971-05-05,6.26,,
1971-05-06,6.28,,
1971-05-07,6.25,,
1971-05-10,6.22,,
1971-05-11,6.26,,
1971-05-12,6.35,,
1971-05-13,6.47,,
1971-05-14,6.49,,
1971-05-17,6.57,,
1971-05-18,6.65,,
1971-05-19,6.6,,
1971-05-20,6.49,,
1971-05-21,6.53,,
1971-05-24,6.49,,
1971-05-25,6.44,,
1971-05-26,6.37,,
1971-05-27,6.35,,
1971-05-28,6.38,,
1971-06-01,6.36,,
1971-06-02,6.24,,
1971-06-03,6.19,,
1971-06-04,6.26,,
1971-06-07,6.34,,
1971-06-08,6.38,,
1971-06-09,6.44,,
1971-06-10,6.48,,
1971-06-11,6.5,,
1971-06-14,6.63,,
1971-06-15,6.73,,
1971-06-16,6.68,,
1971-06-17,6.68,,
1971-06-18,6.58,,
1971-06-21,6.53,,
1971-06-22,6.62,,
1971-06-23,6.61,,
1971-06-24,6.61,,
1971-06-25,6.62,,
1971-06-28,6.64,,
1971-06-29,6.67,,
1971-06-30,6.7,,
1971-07-01,6.69,,
1971-07-02,6.69,,
1971-07-06,6.68,,
1971-07-07,6.66,,
1971-07-08,6.67,,
1971-07-09,6.68,,
1971-07-12,6.6,,
1971-07-13,6.61,,
1971-07-14,6.6,,
1971-07-15,6.59,,
1971-07-16,6.66,,
1971-07-19,6.71,,
1971-07-20,6.7,,
1971-07-21,6.7,,
1971-07-22,6.79,,
1971-07-23,6.84,,
1971-07-26,6.86,,
1971-07-27,6.91,,
1971-07-28,6.95,,
1971-07-29,6.88,,
1971-07-30,6.85,,
1971-08-02,6.86,,
1971-08-03,6.91,,
1971-08-04,6.89,,
1971-08-05,6.86,,
1971-08-06,6.86,,
1971-08-09,6.88,,
1971-08-10,6.89,,
1971-08-11,6.86,,
1971-08-12,6.8,,
1971-08-13,6.68,,
1971-08-16,6.41,,
1971-08-17,6.3,,
1971-08-18,6.35,,
1971-08-19,6.34,,
1971-08-20,6.37,,
1971-08-23,6.48,,
1971-08-24,6.38,,
1971-08-25,6.4,,
1971-08-26,6.37,,
1971-08-27,6.33,,
1971-08-30,6.32,,
1971-08-31,6.28,,
1971-09-01,6.22,,
1971-09-02,6.17,,
1971-09-03,6.12,,
1971-09-07,6.07,,
1971-09-08,6.08,,
1971-09-09,6.13,,
1971-09-10,6.12,,
1971-09-13,6.2,,
1971-09-14,6.18,,
1971-09-15,6.17,,
1971-09-16,6.14,,
1971-09-17,6.13,,
1971-09-20,6.15,,
1971-09-21,6.17,,
1971-09-22,6.19,,
1971-09-23,6.2,,
1971-09-24,6.16,,
1971-09-27,6.13,,
1971-09-28,6.12,,
1971-09-29,6.08,,
1971-09-30,6.0,,
1971-10-01,6.0,,
1971-10-04,5.98,,
1971-10-05,6.01,,
1971-10-06,5.98,,
1971-10-07,5.97,,
1971-10-08,5.94,,
1971-10-12,5.88,,
1971-10-13,5.86,,
1971-10-14,5.88,,
1971-10-15,5.9,,
1971-10-18,5.95,,
1971-10-19,5.96,,
1971-10-20,5.92,,
1971-10-21,5.88,,
1971-10-22,5.9,,
1971-10-26,5.89,,
1971-10-27,5.92,,
1971-10-28,5.9,,
1971-10-29,5.87,,
1971-11-01,5.8,,
1971-11-03,5.72,,
1971-11-04,5.72,,
1971-11-05,5.72,,
1971-11-08,5.77,,
1971-11-09,5.77,,
1971-11-10,5.82,,
1971-11-11,5.79,,
1971-11-12,5.77,,
1971-11-15,5.77,,
1971-11-16,5.76,,
1971-11-17,5.75,,
1971-11-18,5.77,,
1971-11-19,5.79,,
1971-11-22,5.82,,
1971-11-23,5.89,,
1971-11-24,5.95,,
1971-11-26,5.94,,
1971-11-29,5.95,,
1971-11-30,5.93,,
1971-12-01,5.92,,
1971-12-02,5.9,,
1971-12-03,5.88,,
1971-12-06,5.88,,
1971-12-07,5.92,,
1971-12-08,5.92,,
1971-12-09,5.94,,
1971-12-10,5.93,,
1971-12-13,5.9,,
1971-12-14,5.94,,
1971-12-15,5.96,,
1971-12-16,5.95,,
1971-12-17,5.93,,
1971-12-20,5.97,,
1971-12-21,6.0,,
1971-12-22,6.01,,
1971-12-23,5.97,,
1971-12-27,5.91,,
1971-12-28,5.86,,
1971-12-29,5.9,,
1971-12-30,5.9,,
1971-12-31,5.89,,
1972-01-03,5.94,,
1972-01-04,5.93,,
1972-01-05,5.91,,
1972-01-06,5.9,,
1972-01-07,5.88,,
1972-01-10,5.86,,
1972-01-11,5.88,,
1972-01-12,5.88,,
1972-01-13,5.86,,
1972-01-14,5.85,,
1972-01-17,5.89,,
1972-01-18,5.92,,
1972-01-19,5.96,,
1972-01-20,5.98,,
1972-01-21,5.99,,
1972-01-24,6.02,,
1972-01-25,6.02,,
1972-01-26,6.01,,
1972-01-27,6.05,,
1972-01-28,6.08,,
1972-01-31,6.09,,
1972-02-01,6.09,,
1972-02-02,6.08,,
1972-02-03,6.08,,
1972-02-04,6.08,,
1972-02-07,6.09,,
1972-02-08,6.11,,
1972-02-09,6.12,,
1972-02-10,6.11,,
1972-02-11,6.12,,
1972-02-14,6.1,,
1972-02-15,6.1,,
1972-02-16,6.08,,
1972-02-17,6.06,,
1972-02-18,6.06,,
1972-02-22,6.06,,
1972-02-23,6.07,,
1972-02-24,6.07,,
1972-02-25,6.06,,
1972-02-28,6.04,,
1972-02-29,6.04,,
1972-03-01,6.04,,
1972-03-02,6.03,,
1972-03-03,6.02,,
1972-03-06,6.01,,
1972-03-07,6.02,,
1972-03-08,6.02,,
1972-03-09,6.02,,
1972-03-10,6.03,,
1972-03-13,6.07,,
1972-03-14,6.06,,
1972-03-15,6.11,,
1972-03-16,6.08,,
1972-03-17,6.08,,
1972-03-20,6.09,,
1972-03-21,6.08,,
1972-03-22,6.08,,
1972-03-23,6.1,,
1972-03-24,6.12,,
1972-03-27,6.1,,
1972-03-28,6.11,,
1972-03-29,6.12,,
1972-03-30,6.12,,
1972-04-03,6.14,,
1972-04-04,6.18,,
1972-04-05,6.18,,
1972-04-06,6.18,,
1972-04-07,6.18,,
1972-04-10,6.17,,
1972-04-11,6.18,,
1972-04-12,6.21,,
1972-04-13,6.25,,
1972-04-14,6.25,,
1972-04-17,6.24,,
1972-04-18,6.24,,
1972-04-19,6.22,,
1972-04-20,6.21,,
1972-04-21,6.2,,
1972-04-24,6.21,,
1972-04-25,6.21,,
1972-04-26,6.19,,
1972-04-27,6.11,,
1972-04-28,6.14,,
1972-05-01,6.14,,
1972-05-02,6.16,,
1972-05-03,6.17,,
1972-05-04,6.17,,
1972-05-05,6.17,,
1972-05-08,6.17,,
1972-05-09,6.2,,
1972-05-10,6.19,,
1972-05-11,6.19,,
1972-05-12,6.16,,
1972-05-15,6.16,,
1972-05-16,6.16,,
1972-05-17,6.15,,
1972-05-18,6.13,,
1972-05-19,6.1,,
1972-05-22,6.07,,
1972-05-23,6.05,,
1972-05-24,6.06,,
1972-05-25,6.04,,
1972-05-26,6.04,,
1972-05-30,6.05,,
1972-05-31,6.05,,
1972-06-01,6.07,,
1972-06-02,6.09,,
1972-06-05,6.1,,
1972-06-06,6.13,,
1972-06-07,6.12,,
1972-06-08,6.12,,
1972-06-09,6.11,,
1972-06-12,6.1,,
1972-06-13,6.1,,
1972-06-14,6.1,,
1972-06-15,6.1,,
1972-06-16,6.1,,
1972-06-19,6.08,,
1972-06-20,6.08,,
1972-06-21,6.09,,
1972-06-22,6.11,,
1972-06-23,6.1,,
1972-06-26,6.12,,
1972-06-27,6.12,,
1972-06-28,6.12,,
1972-06-29,6.14,,
1972-06-30,6.15,,
1972-07-03,6.14,,
1972-07-05,6.13,,
1972-07-06,6.13,,
1972-07-07,6.13,,
1972-07-10,6.13,,
1972-07-11,6.13,,
1972-07-12,6.12,,
1972-07-13,6.11,,
1972-07-14,6.1,,
1972-07-17,6.11,,
1972-07-18,6.11,,
1972-07-19,6.09,,
1972-07-20,6.09,,
1972-07-21,6.1,,
1972-07-24,6.1,,
1972-07-25,6.09,,
1972-07-26,6.08,,
1972-07-27,6.13,,
1972-07-28,6.12,,
1972-07-31,6.12,,
1972-08-01,6.14,,
1972-08-02,6.14,,
1972-08-03,6.15,,
1972-08-04,6.16,,
1972-08-07,6.16,,
1972-08-08,6.15,,
1972-08-09,6.14,,
1972-08-10,6.14,,
1972-08-11,6.14,,
1972-08-14,6.16,,
1972-08-15,6.17,,
1972-08-16,6.18,,
1972-08-17,6.2,,
1972-08-18,6.21,,
1972-08-21,6.21,,
1972-08-22,6.2,,
1972-08-23,6.22,,
1972-08-24,6.23,,
1972-08-25,6.26,,
1972-08-28,6.3,,
1972-08-29,6.34,,
1972-08-30,6.42,,
1972-08-31,6.42,,
1972-09-01,6.43,,
1972-09-05,6.46,,
1972-09-06,6.49,,
1972-09-07,6.52,,
1972-09-08,6.56,,
1972-09-11,6.54,,
1972-09-12,6.54,,
1972-09-13,6.54,,
1972-09-14,6.57,,
1972-09-15,6.56,,
1972-09-18,6.55,,
1972-09-19,6.55,,
1972-09-20,6.56,,
1972-09-21,6.59,,
1972-09-22,6.62,,
1972-09-25,6.62,,
1972-09-26,6.6,,
1972-09-27,6.59,,
1972-09-28,6.56,,
1972-09-29,6.54,,
1972-10-02,6.54,,
1972-10-03,6.54,,
1972-10-04,6.53,,
1972-10-05,6.53,,
1972-10-06,6.52,,
1972-10-10,6.48,,
1972-10-11,6.47,,
1972-10-12,6.5,,
1972-10-13,6.5,,
1972-10-16,6.49,,
1972-10-17,6.49,,
1972-10-18,6.49,,
1972-10-19,6.48,,
1972-10-20,6.47,,
1972-10-24,6.45,,
1972-10-25,6.44,,
1972-10-26,6.42,,
1972-10-27,6.42,,
1972-10-30,6.42,,
1972-10-31,6.41,,
1972-11-01,6.39,,
1972-11-02,6.34,,
1972-11-03,6.3,,
1972-11-06,6.27,,
1972-11-08,6.3,,
1972-11-09,6.3,,
1972-11-10,6.3,,
1972-11-13,6.27,,
1972-11-14,6.26,,
1972-11-15,6.23,,
1972-11-16,6.24,,
1972-11-17,6.24,,
1972-11-20,6.23,,
1972-11-21,6.26,,
1972-11-22,6.27,,
1972-11-24,6.27,,
1972-11-27,6.3,,
1972-11-28,6.29,,
1972-11-29,6.27,,
1972-11-30,6.28,,
1972-12-01,6.29,,
1972-12-04,6.3,,
1972-12-05,6.31,,
1972-12-06,6.31,,
1972-12-07,6.31,,
1972-12-08,6.32,,
1972-12-11,6.34,,
1972-12-12,6.35,,
1972-12-13,6.35,,
1972-12-14,6.35,,
1972-12-15,6.35,,
1972-12-18,6.38,,
1972-12-19,6.4,,
1972-12-20,6.4,,
1972-12-21,6.4,,
1972-12-22,6.4,,
1972-12-26,6.39,,
1972-12-27,6.4,,
1972-12-28,6.41,,
1972-12-29,6.41,,
1973-01-02,6.43,,
1973-01-03,6.42,,
1973-01-04,6.4,,
1973-01-05,6.42,,
1973-01-08,6.43,,
1973-01-09,6.42,,
1973-01-10,6.43,,
1973-01-11,6.43,,
1973-01-12,6.44,,
1973-01-15,6.44,,
1973-01-16,6.44,,
1973-01-17,6.45,,
1973-01-18,6.46,,
1973-01-19,6.49,,
1973-01-22,6.5,,
1973-01-23,6.48,,
1973-01-24,6.49,,
1973-01-25,6.51,,
1973-01-26,6.53,,
1973-01-29,6.55,,
1973-01-30,6.52,,
1973-01-31,6.54,,
1973-02-01,6.6,,
1973-02-02,6.64,,
1973-02-05,6.64,,
1973-02-06,6.64,,
1973-02-07,6.64,,
1973-02-08,6.66,,
1973-02-09,6.63,,
1973-02-13,6.61,,
1973-02-14,6.62,,
1973-02-15,6.62,,
1973-02-16,6.63,,
1973-02-20,6.66,,
1973-02-21,6.66,,
1973-02-22,6.65,,
1973-02-23,6.61,,
1973-02-26,6.65,,
1973-02-27,6.64,,
1973-02-28,6.64,,
1973-03-01,6.65,,
1973-03-02,6.67,,
1973-03-05,6.68,,
1973-03-06,6.68,,
1973-03-07,6.66,,
1973-03-08,6.67,,
1973-03-09,6.68,,
1973-03-12,6.68,,
1973-03-13,6.7,,
1973-03-14,6.71,,
1973-03-15,6.73,,
1973-03-16,6.77,,
1973-03-19,6.75,,
1973-03-20,6.76,,
1973-03-21,6.76,,
1973-03-22,6.76,,
1973-03-23,6.76,,
1973-03-26,6.73,,
1973-03-27,6.72,,
1973-03-28,6.67,,
1973-03-29,6.68,,
1973-03-30,6.73,,
1973-04-02,6.74,,
1973-04-03,6.73,,
1973-04-04,6.7,,
1973-04-05,6.68,,
1973-04-06,6.64,,
1973-04-09,6.62,,
1973-04-10,6.64,,
1973-04-11,6.65,,
1973-04-12,6.66,,
1973-04-13,6.63,,
1973-04-16,6.62,,
1973-04-17,6.64,,
1973-04-18,6.64,,
1973-04-19,6.66,,
1973-04-23,6.73,,
1973-04-24,6.66,,
1973-04-25,6.66,,
1973-04-26,6.68,,
1973-04-27,6.69,,
1973-04-30,6.7,,
1973-05-01,6.72,,
1973-05-02,6.76,,
1973-05-03,6.77,,
1973-05-04,6.79,,
1973-05-07,6.81,,
1973-05-08,6.8,,
1973-05-09,6.8,,
1973-05-10,6.81,,
1973-05-11,6.82,,
1973-05-14,6.83,,
1973-05-15,6.86,,
1973-05-16,6.84,,
1973-05-17,6.85,,
1973-05-18,6.86,,
1973-05-21,6.89,,
1973-05-22,6.9,,
1973-05-23,6.92,,
1973-05-24,6.91,,
1973-05-25,6.91,,
1973-05-29,6.93,,
1973-05-30,6.93,,
1973-05-31,6.93,,
1973-06-01,6.96,,
1973-06-04,6.98,,
1973-06-05,6.95,,
1973-06-06,6.89,,
1973-06-07,6.89,,
1973-06-08,6.87,,
1973-06-11,6.87,,
1973-06-12,6.86,,
1973-06-13,6.85,,
1973-06-14,6.85,,
1973-06-15,6.86,,
1973-06-18,6.87,,
1973-06-19,6.87,,
1973-06-20,6.89,,
1973-06-21,6.89,,
1973-06-22,6.91,,
1973-06-25,6.93,,
1973-06-26,6.93,,
1973-06-27,6.92,,
1973-06-28,6.92,,
1973-06-29,6.94,,
1973-07-02,7.01,,
1973-07-03,7.01,,
1973-07-05,7.01,,
1973-07-06,7.03,,
1973-07-09,7.05,,
1973-07-10,7.05,,
1973-07-11,7.05,,
1973-07-12,7.04,,
1973-07-13,7.05,,
1973-07-16,7.06,,
1973-07-17,7.06,,
1973-07-18,7.07,,
1973-07-19,7.11,,
1973-07-20,7.17,,
1973-07-23,7.17,,
1973-07-24,7.19,,
1973-07-25,7.19,,
1973-07-26,7.28,,
1973-07-27,7.35,,
1973-07-30,7.37,,
1973-07-31,7.43,,
1973-08-01,7.55,,
1973-08-02,7.52,,
1973-08-03,7.53,,
1973-08-06,7.54,,
1973-08-07,7.58,,
1973-08-08,7.52,,
1973-08-09,7.54,,
1973-08-10,7.52,,
1973-08-13,7.47,,
1973-08-14,7.46,,
1973-08-15,7.45,,
1973-08-16,7.37,,
1973-08-17,7.28,,
1973-08-20,7.38,,
1973-08-21,7.36,,
1973-08-22,7.39,,
1973-08-23,7.31,,
1973-08-24,7.23,,
1973-08-27,7.26,,
1973-08-28,7.29,,
1973-08-29,7.26,,
1973-08-30,7.25,,
1973-08-31,7.25,,
1973-09-04,7.21,,
1973-09-05,7.11,,
1973-09-06,7.1,,
1973-09-07,7.11,,
1973-09-10,7.16,,
1973-09-11,7.19,,
1973-09-12,7.2,,
1973-09-13,7.21,,
1973-09-14,7.21,,
1973-09-17,7.16,,
1973-09-18,7.08,,
1973-09-19,7.1,,
1973-09-20,7.09,,
1973-09-21,7.02,,
1973-09-24,7.0,,
1973-09-25,6.96,,
1973-09-26,6.97,,
1973-09-27,6.94,,
1973-09-28,6.9,,
1973-10-01,6.91,,
1973-10-02,6.89,,
1973-10-03,6.9,,
1973-10-04,6.88,,
1973-10-05,6.86,,
1973-10-09,6.78,,
1973-10-10,6.77,,
1973-10-11,6.78,,
1973-10-12,6.75,,
1973-10-15,6.77,,
1973-10-16,6.81,,
1973-10-17,6.82,,
1973-10-18,6.81,,
1973-10-19,6.8,,
1973-10-23,6.8,,
1973-10-24,6.75,,
1973-10-25,6.73,,
1973-10-26,6.72,,
1973-10-29,6.72,,
1973-10-30,6.72,,
1973-10-31,6.71,,
1973-11-01,6.71,,
1973-11-02,6.72,,
1973-11-05,6.74,,
1973-11-07,6.76,,
1973-11-08,6.77,,
1973-11-09,6.76,,
1973-11-12,6.76,,
1973-11-13,6.76,,
1973-11-14,6.79,,
1973-11-15,6.76,,
1973-11-16,6.72,,
1973-11-19,6.71,,
1973-11-20,6.72,,
1973-11-21,6.71,,
1973-11-23,6.7,,
1973-11-26,6.69,,
1973-11-27,6.7,,
1973-11-28,6.7,,
1973-11-29,6.7,,
1973-11-30,6.69,,
1973-12-03,6.69,,
1973-12-04,6.69,,
1973-12-05,6.72,,
1973-12-06,6.75,,
1973-12-07,6.74,,
1973-12-10,6.71,,
1973-12-11,6.69,,
1973-12-12,6.69,,
1973-12-13,6.68,,
1973-12-14,6.68,,
1973-12-17,6.67,,
1973-12-18,6.68,,
1973-12-19,6.71,,
1973-12-20,6.73,,
1973-12-21,6.78,,
1973-12-26,6.83,,
1973-12-27,6.88,,
1973-12-28,6.91,,
1973-12-31,6.9,,
1974-01-02,6.94,,
1974-01-03,6.96,,
1974-01-04,6.94,,
1974-01-07,6.96,,
1974-01-08,6.96,,
1974-01-09,6.96,,
1974-01-10,7.0,,
1974-01-11,7.01,,
1974-01-14,7.01,,
1974-01-15,6.99,,
1974-01-16,6.99,,
1974-01-17,6.97,,
1974-01-18,6.98,,
1974-01-21,6.99,,
1974-01-22,7.0,,
1974-01-23,7.01,,
1974-01-24,7.02,,
1974-01-25,7.02,,
1974-01-28,7.01,,
1974-01-29,7.02,,
1974-01-30,7.01,,
1974-01-31,7.0,,
1974-02-01,7.0,,
1974-02-04,6.98,,
1974-02-05,6.95,,
1974-02-06,6.93,,
1974-02-07,6.93,,
1974-02-08,6.93,,
1974-02-11,6.93,,
1974-02-13,6.93,,
1974-02-14,6.93,,
1974-02-15,6.93,,
1974-02-19,6.93,,
1974-02-20,6.96,,
1974-02-21,6.98,,
1974-02-22,6.97,,
1974-02-25,6.96,,
1974-02-26,6.98,,
1974-02-27,7.0,,
1974-02-28,7.01,,
1974-03-01,7.08,,
1974-03-04,7.09,,
1974-03-05,7.1,,
1974-03-06,7.09,,
1974-03-07,7.06,,
1974-03-08,7.06,,
1974-03-11,7.08,,
1974-03-12,7.09,,
1974-03-13,7.13,,
1974-03-14,7.13,,
1974-03-15,7.18,,
1974-03-18,7.23,,
1974-03-19,7.24,,
1974-03-20,7.27,,
1974-03-21,7.3,,
1974-03-22,7.35,,
1974-03-25,7.39,,
1974-03-26,7.38,,
1974-03-27,7.35,,
1974-03-28,7.38,,
1974-03-29,7.41,,
1974-04-01,7.42,,
1974-04-02,7.43,,
1974-04-03,7.43,,
1974-04-04,7.51,,
1974-04-05,7.54,,
1974-04-08,7.5,,
1974-04-09,7.49,,
1974-04-10,7.46,,
1974-04-11,7.45,,
1974-04-15,7.42,,
1974-04-16,7.43,,
1974-04-17,7.45,,
1974-04-18,7.5,,
1974-04-19,7.51,,
1974-04-22,7.52,,
1974-04-23,7.54,,
1974-04-24,7.58,,
1974-04-25,7.63,,
1974-04-26,7.64,,
1974-04-29,7.65,,
1974-04-30,7.66,,
1974-05-01,7.62,,
1974-05-02,7.58,,
1974-05-03,7.65,,
1974-05-06,7.65,,
1974-05-07,7.65,,
1974-05-08,7.65,,
1974-05-09,7.7,,
1974-05-10,7.63,,
1974-05-13,7.54,,
1974-05-14,7.57,,
1974-05-15,7.55,,
1974-05-16,7.54,,
1974-05-17,7.57,,
1974-05-20,7.58,,
1974-05-21,7.57,,
1974-05-22,7.56,,
1974-05-23,7.52,,
1974-05-24,7.49,,
1974-05-28,7.5,,
1974-05-29,7.52,,
1974-05-30,7.51,,
1974-05-31,7.52,,
1974-06-03,7.53,,
1974-06-04,7.52,,
1974-06-05,7.52,,
1974-06-06,7.5,,
1974-06-07,7.46,,
1974-06-10,7.47,,
1974-06-11,7.48,,
1974-06-12,7.5,,
1974-06-13,7.5,,
1974-06-14,7.5,,
1974-06-17,7.49,,
1974-06-18,7.52,,
1974-06-19,7.52,,
1974-06-20,7.55,,
1974-06-21,7.55,,
1974-06-24,7.58,,
1974-06-25,7.62,,
1974-06-26,7.62,,
1974-06-27,7.64,,
1974-06-28,7.64,,
1974-07-01,7.65,,
1974-07-02,7.65,,
1974-07-03,7.7,,
1974-07-05,7.71,,
1974-07-08,7.77,,
1974-07-09,7.81,,
1974-07-10,7.82,,
1974-07-11,7.84,,
1974-07-12,7.85,,
1974-07-15,7.86,,
1974-07-16,7.88,,
1974-07-17,7.91,,
1974-07-18,7.9,,
1974-07-19,7.87,,
1974-07-22,7.77,,
1974-07-23,7.79,,
1974-07-24,7.76,,
1974-07-25,7.75,,
1974-07-26,7.79,,
1974-07-29,7.85,,
1974-07-30,7.89,,
1974-07-31,7.89,,
1974-08-01,7.92,,
1974-08-02,7.96,,
1974-08-05,7.99,,
1974-08-06,7.97,,
1974-08-07,7.97,,
1974-08-08,7.97,,
1974-08-09,8.03,,
1974-08-12,8.05,,
1974-08-13,8.06,,
1974-08-14,8.05,,
1974-08-15,8.02,,
1974-08-16,8.0,,
1974-08-19,7.98,,
1974-08-20,7.99,,
1974-08-21,8.05,,
1974-08-22,8.09,,
1974-08-23,8.15,,
1974-08-26,8.16,,
1974-08-27,8.15,,
1974-08-28,8.15,,
1974-08-29,8.15,,
1974-08-30,8.11,,
1974-09-03,8.11,,
1974-09-04,8.12,,
1974-09-05,8.1,,
1974-09-06,8.09,,
1974-09-09,8.02,,
1974-09-10,8.04,,
1974-09-11,8.05,,
1974-09-12,8.13,,
1974-09-13,8.13,,
1974-09-16,8.1,,
1974-09-17,8.09,,
1974-09-18,8.08,,
1974-09-19,8.04,,
1974-09-20,8.02,,
1974-09-23,7.91,,
1974-09-24,7.94,,
1974-09-25,7.94,,
1974-09-26,7.96,,
1974-09-27,7.94,,
1974-09-30,7.94,,
1974-10-01,7.97,,
1974-10-02,7.98,,
1974-10-03,8.04,,
1974-10-04,8.02,,
1974-10-07,8.01,,
1974-10-08,7.95,,
1974-10-09,7.95,,
1974-10-10,7.93,,
1974-10-11,7.88,,
1974-10-15,7.87,,
1974-10-16,7.87,,
1974-10-17,7.88,,
1974-10-18,7.86,,
1974-10-21,7.81,,
1974-10-22,7.81,,
1974-10-23,7.85,,
1974-10-24,7.87,,
1974-10-25,7.86,,
1974-10-28,7.88,,
1974-10-29,7.84,,
1974-10-30,7.81,,
1974-10-31,7.79,,
1974-11-01,7.8,,
1974-11-04,7.8,,
1974-11-06,7.76,,
1974-11-07,7.74,,
1974-11-08,7.72,,
1974-11-12,7.78,,
1974-11-13,7.75,,
1974-11-14,7.72,,
1974-11-15,7.61,,
1974-11-18,7.63,,
1974-11-19,7.63,,
1974-11-20,7.59,,
1974-11-21,7.6,,
1974-11-22,7.6,,
1974-11-25,7.62,,
1974-11-26,7.63,,
1974-11-27,7.64,,
1974-11-29,7.64,,
1974-12-02,7.71,,
1974-12-03,7.74,,
1974-12-04,7.68,,
1974-12-05,7.64,,
1974-12-06,7.59,,
1974-12-09,7.4,,
1974-12-10,7.42,,
1974-12-11,7.38,,
1974-12-12,7.39,,
1974-12-13,7.38,,
1974-12-16,7.34,,
1974-12-17,7.28,,
1974-12-18,7.25,,
1974-12-19,7.25,,
1974-12-20,7.27,,
1974-12-23,7.41,,
1974-12-24,7.43,,
1974-12-26,7.37,,
1974-12-27,7.39,,
1974-12-30,7.39,,
1974-12-31,7.4,,
1975-01-02,7.42,,
1975-01-03,7.43,,
1975-01-06,7.39,,
1975-01-07,7.38,,
1975-01-08,7.39,,
1975-01-09,7.35,,
1975-01-10,7.37,,
1975-01-13,7.46,,
1975-01-14,7.49,,
1975-01-15,7.54,,
1975-01-16,7.54,,
1975-01-17,7.53,,
1975-01-20,7.59,,
1975-01-21,7.55,,
1975-01-22,7.51,,
1975-01-23,7.57,,
1975-01-24,7.64,,
1975-01-27,7.61,,
1975-01-28,7.61,,
1975-01-29,7.59,,
1975-01-30,7.54,,
1975-01-31,7.53,,
1975-02-03,7.49,,
1975-02-04,7.47,,
1975-02-05,7.35,,
1975-02-06,7.43,,
1975-02-07,7.38,,
1975-02-10,7.45,,
1975-02-11,7.42,,
1975-02-13,7.44,,
1975-02-14,7.35,,
1975-02-18,7.28,,
1975-02-19,7.26,,
1975-02-20,7.3,,
1975-02-21,7.22,,
1975-02-24,7.36,,
1975-02-25,7.43,,
1975-02-26,7.5,,
1975-02-27,7.47,,
1975-02-28,7.46,,
1975-03-03,7.5,,
1975-03-04,7.53,,
1975-03-05,7.48,,
1975-03-06,7.49,,
1975-03-07,7.52,,
1975-03-10,7.56,,
1975-03-11,7.58,,
1975-03-12,7.58,,
1975-03-13,7.56,,
1975-03-14,7.58,,
1975-03-17,7.7,,
1975-03-18,7.7,,
1975-03-19,7.8,,
1975-03-20,7.95,,
1975-03-21,7.84,,
1975-03-24,8.05,,
1975-03-25,8.03,,
1975-03-26,8.02,,
1975-03-27,8.08,,
1975-03-31,8.01,,
1975-04-01,8.08,,
1975-04-02,8.22,,
1975-04-03,8.13,,
1975-04-04,8.15,,
1975-04-07,8.26,,
1975-04-08,8.21,,
1975-04-09,8.17,,
1975-04-10,8.19,,
1975-04-11,8.22,,
1975-04-14,8.16,,
1975-04-15,8.16,,
1975-04-16,8.15,,
1975-04-17,8.21,,
1975-04-18,8.27,,
1975-04-21,8.32,,
1975-04-22,8.32,,
1975-04-23,8.27,,
1975-04-24,8.25,,
1975-04-25,8.25,,
1975-04-28,8.35,,
1975-04-29,8.34,,
1975-04-30,8.31,,
1975-05-01,8.31,,
1975-05-02,8.11,,
1975-05-05,8.08,,
1975-05-06,8.11,,
1975-05-07,8.07,,
1975-05-08,8.09,,
1975-05-09,8.08,,
1975-05-12,8.07,,
1975-05-13,8.06,,
1975-05-14,8.02,,
1975-05-15,8.02,,
1975-05-16,8.01,,
1975-05-19,8.0,,
1975-05-20,7.98,,
1975-05-21,7.98,,
1975-05-22,8.02,,
1975-05-23,8.02,,
1975-05-27,7.98,,
1975-05-28,8.02,,
1975-05-29,8.18,,
1975-05-30,8.04,,
1975-06-02,8.02,,
1975-06-03,8.0,,
1975-06-04,7.99,,
1975-06-05,7.97,,
1975-06-06,7.88,,
1975-06-09,7.78,,
1975-06-10,7.77,,
1975-06-11,7.65,,
1975-06-12,7.67,,
1975-06-13,7.69,,
1975-06-16,7.66,,
1975-06-17,7.72,,
1975-06-18,7.83,,
1975-06-19,7.8,,
1975-06-20,7.94,,
1975-06-23,7.9,,
1975-06-24,7.9,,
1975-06-25,8.02,,
1975-06-26,7.98,,
1975-06-27,7.95,,
1975-06-30,7.96,,
1975-07-01,7.97,,
1975-07-02,8.05,,
1975-07-03,8.05,,
1975-07-07,8.06,,
1975-07-08,8.01,,
1975-07-09,8.02,,
1975-07-10,8.02,,
1975-07-11,7.99,,
1975-07-14,7.99,,
1975-07-15,7.98,,
1975-07-16,8.03,,
1975-07-17,8.04,,
1975-07-18,8.06,,
1975-07-21,8.07,,
1975-07-22,8.1,,
1975-07-23,8.09,,
1975-07-24,8.09,,
1975-07-25,8.12,,
1975-07-28,8.12,,
1975-07-29,8.13,,
1975-07-30,8.16,,
1975-07-31,8.2,,
1975-08-01,8.26,,
1975-08-04,8.37,,
1975-08-05,8.37,,
1975-08-06,8.4,,
1975-08-07,8.48,,
1975-08-08,8.4,,
1975-08-11,8.38,,
1975-08-12,8.4,,
1975-08-13,8.39,,
1975-08-14,8.45,,
1975-08-15,8.48,,
1975-08-18,8.46,,
1975-08-19,8.42,,
1975-08-20,8.42,,
1975-08-21,8.48,,
1975-08-22,8.46,,
1975-08-25,8.46,,
1975-08-26,8.4,,
1975-08-27,8.37,,
1975-08-28,8.28,,
1975-08-29,8.22,,
1975-09-02,8.26,,
1975-09-03,8.29,,
1975-09-04,8.29,,
1975-09-05,8.35,,
1975-09-08,8.36,,
1975-09-09,8.4,,
1975-09-10,8.46,,
1975-09-11,8.55,,
1975-09-12,8.57,,
1975-09-15,8.58,,
1975-09-16,8.59,,
1975-09-17,8.53,,
1975-09-18,8.5,,
1975-09-19,8.42,,
1975-09-22,8.38,,
1975-09-23,8.35,,
1975-09-24,8.31,,
1975-09-25,8.38,,
1975-09-26,8.45,,
1975-09-29,8.46,,
1975-09-30,8.48,,
1975-10-01,8.47,,
1975-10-02,8.44,,
1975-10-03,8.33,,
1975-10-06,8.3,,
1975-10-07,8.33,,
1975-10-08,8.3,,
1975-10-09,8.23,,
1975-10-10,8.15,,
1975-10-14,8.19,,
1975-10-15,8.19,,
1975-10-16,8.07,,
1975-10-17,8.07,,
1975-10-20,8.07,,
1975-10-21,8.05,,
1975-10-22,8.05,,
1975-10-23,7.99,,
1975-10-24,8.0,,
1975-10-27,8.0,,
1975-10-28,7.99,,
1975-10-29,7.98,,
1975-10-30,7.92,,
1975-10-31,7.91,,
1975-11-03,7.97,,
1975-11-05,7.91,,
1975-11-06,7.94,,
1975-11-07,7.91,,
1975-11-10,7.9,,
1975-11-12,7.95,,
1975-11-13,7.97,,
1975-11-14,8.06,,
1975-11-17,8.08,,
1975-11-18,8.13,,
1975-11-19,8.14,,
1975-11-20,8.12,,
1975-11-21,8.21,,
1975-11-24,8.16,,
1975-11-25,8.16,,
1975-11-26,8.15,,
1975-11-28,8.14,,
1975-12-01,8.12,,
1975-12-02,8.1,,
1975-12-03,8.1,,
1975-12-04,8.15,,
1975-12-05,8.13,,
1975-12-08,8.19,,
1975-12-09,8.23,,
1975-12-10,8.23,,
1975-12-11,8.16,,
1975-12-12,8.12,,
1975-12-15,8.06,,
1975-12-16,8.0,,
1975-12-17,7.95,,
1975-12-18,7.96,,
1975-12-19,7.88,,
1975-12-22,7.87,,
1975-12-23,7.87,,
1975-12-24,7.82,,
1975-12-26,7.75,,
1975-12-29,7.75,,
1975-12-30,7.73,,
1975-12-31,7.76,,
1976-01-02,7.77,,
1976-01-05,7.74,,
1976-01-06,7.64,,
1976-01-07,7.69,,
1976-01-08,7.74,,
1976-01-09,7.64,,
1976-01-12,7.63,,
1976-01-13,7.64,,
1976-01-14,7.71,,
1976-01-15,7.73,,
1976-01-16,7.79,,
1976-01-19,7.76,,
1976-01-20,7.71,,
1976-01-21,7.78,,
1976-01-22,7.8,,
1976-01-23,7.78,,
1976-01-26,7.79,,
1976-01-27,7.8,,
1976-01-28,7.83,,
1976-01-29,7.82,,
1976-01-30,7.8,,
1976-02-02,7.8,,
1976-02-03,7.82,,
1976-02-04,7.85,,
1976-02-05,7.83,,
1976-02-06,7.88,,
1976-02-09,7.86,,
1976-02-10,7.88,,
1976-02-11,7.85,,
1976-02-13,7.82,,
1976-02-17,7.78,,
1976-02-18,7.79,,
1976-02-19,7.8,,
1976-02-20,7.77,,
1976-02-23,7.72,,
1976-02-24,7.69,,
1976-02-25,7.68,,
1976-02-26,7.68,,
1976-02-27,7.77,,
1976-03-01,7.86,,
1976-03-02,7.82,,
1976-03-03,7.82,,
1976-03-04,7.85,,
1976-03-05,7.8,,
1976-03-08,7.76,,
1976-03-09,7.78,,
1976-03-10,7.76,,
1976-03-11,7.77,,
1976-03-12,7.71,,
1976-03-15,7.74,,
1976-03-16,7.76,,
1976-03-17,7.76,,
1976-03-18,7.73,,
1976-03-19,7.74,,
1976-03-22,7.68,,
1976-03-23,7.67,,
1976-03-24,7.65,,
1976-03-25,7.64,,
1976-03-26,7.64,,
1976-03-29,7.64,,
1976-03-30,7.65,,
1976-03-31,7.66,,
1976-04-01,7.68,,
1976-04-02,7.67,,
1976-04-05,7.62,,
1976-04-06,7.59,,
1976-04-07,7.56,,
1976-04-08,7.55,,
1976-04-09,7.52,,
1976-04-12,7.52,,
1976-04-13,7.5,,
1976-04-14,7.47,,
1976-04-15,7.47,,
1976-04-19,7.51,,
1976-04-20,7.5,,
1976-04-21,7.47,,
1976-04-22,7.52,,
1976-04-23,7.59,,
1976-04-26,7.61,,
1976-04-27,7.62,,
1976-04-28,7.6,,
1976-04-29,7.61,,
1976-04-30,7.67,,
1976-05-03,7.69,,
1976-05-04,7.66,,
1976-05-05,7.68,,
1976-05-06,7.78,,
1976-05-07,7.87,,
1976-05-10,7.92,,
1976-05-11,7.92,,
1976-05-12,7.94,,
1976-05-13,7.92,,
1976-05-14,7.93,,
1976-05-17,7.94,,
1976-05-18,7.94,,
1976-05-19,7.94,,
1976-05-20,7.95,,
1976-05-21,8.0,,
1976-05-24,7.98,,
1976-05-25,7.94,,
1976-05-26,7.95,,
1976-05-27,7.99,,
1976-05-28,7.96,,
1976-06-01,7.94,,
1976-06-02,7.94,,
1976-06-03,7.92,,
1976-06-04,7.89,,
1976-06-07,7.88,,
1976-06-08,7.9,,
1976-06-09,7.9,,
1976-06-10,7.86,,
1976-06-11,7.86,,
1976-06-14,7.84,,
1976-06-15,7.85,,
1976-06-16,7.87,,
1976-06-17,7.85,,
1976-06-18,7.81,,
1976-06-21,7.8,,
1976-06-22,7.81,,
1976-06-23,7.81,,
1976-06-24,7.81,,
1976-06-25,7.83,,
1976-06-28,7.86,,
1976-06-29,7.86,,
1976-06-30,7.86,,
1976-07-01,7.88,,
1976-07-02,7.84,,
1976-07-06,7.82,,
1976-07-07,7.84,,
1976-07-08,7.82,,
1976-07-09,7.78,,
1976-07-12,7.76,,
1976-07-13,7.77,,
1976-07-14,7.79,,
1976-07-15,7.77,,
1976-07-16,7.83,,
1976-07-19,7.86,,
1976-07-20,7.87,,
1976-07-21,7.86,,
1976-07-22,7.86,,
1976-07-23,7.84,,
1976-07-26,7.87,,
1976-07-27,7.85,,
1976-07-28,7.85,,
1976-07-29,7.85,,
1976-07-30,7.86,,
1976-08-02,7.85,,
1976-08-03,7.82,,
1976-08-04,7.81,,
1976-08-05,7.82,,
1976-08-06,7.84,,
1976-08-09,7.84,,
1976-08-10,7.84,,
1976-08-11,7.82,,
1976-08-12,7.81,,
1976-08-13,7.78,,
1976-08-16,7.74,,
1976-08-17,7.75,,
1976-08-18,7.76,,
1976-08-19,7.76,,
1976-08-20,7.76,,
1976-08-23,7.73,,
1976-08-24,7.72,,
1976-08-25,7.69,,
1976-08-26,7.68,,
1976-08-27,7.72,,
1976-08-30,7.71,,
1976-08-31,7.66,,
1976-09-01,7.64,,
1976-09-02,7.67,,
1976-09-03,7.65,,
1976-09-07,7.64,,
1976-09-08,7.64,,
1976-09-09,7.66,,
1976-09-10,7.64,,
1976-09-13,7.64,,
1976-09-14,7.64,,
1976-09-15,7.62,,
1976-09-16,7.6,,
1976-09-17,7.49,,
1976-09-20,7.52,,
1976-09-21,7.51,,
1976-09-22,7.53,,
1976-09-23,7.54,,
1976-09-24,7.58,,
1976-09-27,7.6,,
1976-09-28,7.56,,
1976-09-29,7.56,,
1976-09-30,7.55,,
1976-10-01,7.49,,
1976-10-04,7.46,,
1976-10-05,7.47,,
1976-10-06,7.44,,
1976-10-07,7.43,,
1976-10-08,7.38,,
1976-10-12,7.35,,
1976-10-13,7.35,,
1976-10-14,7.34,,
1976-10-15,7.31,,
1976-10-18,7.31,,
1976-10-19,7.35,,
1976-10-20,7.38,,
1976-10-21,7.39,,
1976-10-22,7.48,,
1976-10-25,7.53,,
1976-10-26,7.48,,
1976-10-27,7.45,,
1976-10-28,7.41,,
1976-10-29,7.42,,
1976-11-01,7.38,,
1976-11-03,7.44,,
1976-11-04,7.38,,
1976-11-05,7.41,,
1976-11-08,7.46,,
1976-11-09,7.46,,
1976-11-10,7.45,,
1976-11-12,7.43,,
1976-11-15,7.41,,
1976-11-16,7.33,,
1976-11-17,7.32,,
1976-11-18,7.33,,
1976-11-19,7.24,,
1976-11-22,7.17,,
1976-11-23,7.16,,
1976-11-24,7.14,,
1976-11-26,6.99,,
1976-11-29,7.02,,
1976-11-30,7.01,,
1976-12-01,6.97,,
1976-12-02,6.92,,
1976-12-03,6.86,,
1976-12-06,6.87,,
1976-12-07,6.88,,
1976-12-08,6.91,,
1976-12-09,6.92,,
1976-12-10,6.82,,
1976-12-13,6.9,,
1976-12-14,6.89,,
1976-12-15,6.88,,
1976-12-16,6.88,,
1976-12-17,6.88,,
1976-12-20,6.84,,
1976-12-21,6.85,,
1976-12-22,6.86,,
1976-12-23,6.84,,
1976-12-27,6.84,,
1976-12-28,6.86,,
1976-12-29,6.84,,
1976-12-30,6.8,,
1976-12-31,6.81,,
1977-01-03,6.84,,
1977-01-04,6.9,,
1977-01-05,6.88,,
1977-01-06,6.93,,
1977-01-07,7.07,,
1977-01-10,7.2,,
1977-01-11,7.28,,
1977-01-12,7.26,,
1977-01-13,7.18,,
1977-01-14,7.28,,
1977-01-17,7.28,,
1977-01-18,7.34,,
1977-01-19,7.28,,
1977-01-20,7.26,,
1977-01-21,7.28,,
1977-01-24,7.34,,
1977-01-25,7.32,,
1977-01-26,7.33,,
1977-01-27,7.43,,
1977-01-28,7.4,,
1977-01-31,7.4,,
1977-02-01,7.41,,
1977-02-02,7.47,,
1977-02-03,7.46,,
1977-02-04,7.28,,
1977-02-07,7.34,,
1977-02-08,7.35,,
1977-02-09,7.34,,
1977-02-10,7.34,,
1977-02-11,7.36,,
1977-02-14,7.38,,
1977-02-15,7.36,7.7,
1977-02-16,7.34,7.67,
1977-02-17,7.26,7.67,
1977-02-18,7.41,7.76,
1977-02-22,7.42,7.77,
1977-02-23,7.48,7.81,
1977-02-24,7.5,7.82,
1977-02-25,7.48,7.79,
1977-02-28,7.45,7.8,
1977-03-01,7.49,7.84,
1977-03-02,7.45,7.81,
1977-03-03,7.43,7.79,
1977-03-04,7.48,7.82,
1977-03-07,7.5,7.84,
1977-03-08,7.52,7.84,
1977-03-09,7.5,7.81,
1977-03-10,7.49,7.81,
1977-03-11,7.44,7.8,
1977-03-14,7.45,7.8,
1977-03-15,7.44,7.78,
1977-03-16,7.44,7.79,
1977-03-17,7.47,7.78,
1977-03-18,7.44,7.76,
1977-03-21,7.43,7.74,
1977-03-22,7.43,7.77,
1977-03-23,7.44,7.78,
1977-03-24,7.46,7.78,
1977-03-25,7.48,7.78,
1977-03-28,7.47,7.8,
1977-03-29,7.47,7.8,
1977-03-30,7.44,7.8,
1977-03-31,7.42,7.79,
1977-04-01,7.43,7.78,
1977-04-04,7.44,7.78,
1977-04-05,7.47,7.78,
1977-04-06,7.46,7.78,
1977-04-07,7.43,7.78,
1977-04-11,7.39,7.76,
1977-04-12,7.39,7.76,
1977-04-13,7.36,7.76,
1977-04-14,7.22,7.63,
1977-04-15,7.25,7.65,
1977-04-18,7.25,7.64,
1977-04-19,7.3,7.67,
1977-04-20,7.32,7.69,
1977-04-21,7.33,7.69,
1977-04-22,7.36,7.73,
1977-04-25,7.4,7.76,
1977-04-26,7.38,7.74,
1977-04-27,7.38,7.75,
1977-04-28,7.4,7.76,
1977-04-29,7.45,7.8,
1977-05-02,7.45,7.8,
1977-05-03,7.44,7.79,
1977-05-04,7.45,7.78,
1977-05-05,7.47,7.8,
1977-05-06,7.5,7.86,
1977-05-09,7.5,7.86,
1977-05-10,7.52,7.86,
1977-05-11,7.52,7.86,
1977-05-12,7.5,7.86,
1977-05-13,7.48,7.8,
1977-05-16,7.46,7.79,
1977-05-17,7.45,7.77,
1977-05-18,7.43,7.77,
1977-05-19,7.49,7.81,
1977-05-20,7.49,7.81,
1977-05-23,7.46,7.8,
1977-05-24,7.41,7.76,
1977-05-25,7.39,7.74,
1977-05-26,7.42,7.76,
1977-05-27,7.38,7.74,
1977-05-31,7.38,7.74,
1977-06-01,7.38,7.75,
1977-06-02,7.39,7.74,
1977-06-03,7.36,7.72,
1977-06-06,7.37,7.72,
1977-06-07,7.36,7.67,
1977-06-08,7.36,7.67,
1977-06-09,7.35,7.67,
1977-06-10,7.3,7.66,
1977-06-13,7.27,7.62,
1977-06-14,7.22,7.59,
1977-06-15,7.23,7.6,
1977-06-16,7.24,7.62,
1977-06-17,7.24,7.62,
1977-06-20,7.27,7.63,
1977-06-21,7.26,7.62,
1977-06-22,7.25,7.61,
1977-06-23,7.26,7.61,
1977-06-24,7.2,7.59,
1977-06-27,7.2,7.58,
1977-06-28,7.16,7.56,
1977-06-29,7.19,7.56,
1977-06-30,7.2,7.58,
1977-07-01,7.34,7.58,
1977-07-05,7.35,7.63,
1977-07-06,7.37,7.63,
1977-07-07,7.29,7.62,
1977-07-08,7.31,7.65,
1977-07-11,7.33,7.65,
1977-07-12,7.32,7.65,
1977-07-13,7.28,7.62,
1977-07-15,7.31,7.64,
1977-07-18,7.34,7.64,
1977-07-19,7.33,7.64,
1977-07-20,7.32,7.64,
1977-07-21,7.32,7.65,
1977-07-22,7.31,7.65,
1977-07-25,7.28,7.64,
1977-07-26,7.28,7.64,
1977-07-27,7.36,7.66,
1977-07-28,7.41,7.7,
1977-07-29,7.42,7.72,
1977-08-01,7.43,7.7,
1977-08-02,7.44,7.72,
1977-08-03,7.42,7.7,
1977-08-04,7.43,7.7,
1977-08-05,7.42,7.72,
1977-08-08,7.41,7.71,
1977-08-09,7.45,7.73,
1977-08-10,7.46,7.73,
1977-08-11,7.47,7.74,
1977-08-12,7.48,7.74,
1977-08-15,7.48,7.74,
1977-08-16,7.48,7.74,
1977-08-17,7.44,7.72,
1977-08-18,7.42,7.71,
1977-08-19,7.4,7.68,
1977-08-22,7.39,7.67,
1977-08-23,7.36,7.65,
1977-08-24,7.35,7.65,
1977-08-25,7.32,7.62,
1977-08-26,7.27,7.58,
1977-08-29,7.25,7.58,
1977-08-30,7.27,7.59,
1977-08-31,7.28,7.6,
1977-09-01,7.3,7.61,
1977-09-02,7.24,7.58,
1977-09-06,7.24,7.57,
1977-09-07,7.26,7.59,
1977-09-08,7.28,7.6,
1977-09-09,7.36,7.65,
1977-09-12,7.38,7.66,
1977-09-13,7.37,7.66,
1977-09-14,7.34,7.63,
1977-09-15,7.33,7.63,
1977-09-16,7.32,7.63,
1977-09-19,7.32,7.63,
1977-09-20,7.36,7.65,
1977-09-21,7.36,7.66,
1977-09-22,7.39,7.67,
1977-09-23,7.39,7.67,
1977-09-26,7.42,7.7,
1977-09-27,7.38,7.68,
1977-09-28,7.38,7.68,
1977-09-29,7.39,7.68,
1977-09-30,7.41,7.68,
1977-10-03,7.41,7.7,
1977-10-04,7.4,7.69,
1977-10-05,7.4,7.69,
1977-10-06,7.44,7.72,
1977-10-07,7.48,7.73,
1977-10-11,7.54,7.77,
1977-10-12,7.54,7.79,
1977-10-13,7.54,7.79,
1977-10-14,7.54,7.79,
1977-10-17,7.55,7.79,
1977-10-18,7.55,7.8,
1977-10-19,7.54,7.79,
1977-10-20,7.54,7.78,
1977-10-21,7.55,7.79,
1977-10-24,7.56,7.8,
1977-10-25,7.58,7.81,
1977-10-26,7.57,7.81,
1977-10-27,7.56,7.81,
1977-10-28,7.56,7.81,
1977-10-31,7.62,7.83,
1977-11-01,7.63,7.86,
1977-11-02,7.69,7.89,
1977-11-03,7.68,7.92,
1977-11-04,7.64,7.89,
1977-11-07,7.62,7.88,
1977-11-09,7.6,7.86,
1977-11-10,7.59,7.86,
1977-11-14,7.56,7.83,
1977-11-15,7.56,7.84,
1977-11-16,7.55,7.84,
1977-11-17,7.54,7.83,
1977-11-18,7.54,7.82,
1977-11-21,7.56,7.83,
1977-11-22,7.54,7.83,
1977-11-23,7.52,7.81,
1977-11-25,7.52,7.82,
1977-11-28,7.53,7.82,
1977-11-29,7.55,7.83,
1977-11-30,7.55,7.83,
1977-12-01,7.58,7.85,
1977-12-02,7.59,7.86,
1977-12-05,7.6,7.87,
1977-12-06,7.63,7.88,
1977-12-07,7.63,7.89,
1977-12-08,7.64,7.9,
1977-12-09,7.63,7.88,
1977-12-12,7.64,7.89,
1977-12-13,7.65,7.9,
1977-12-14,7.66,7.91,
1977-12-15,7.67,7.92,
1977-12-16,7.67,7.93,
1977-12-19,7.69,7.95,
1977-12-20,7.74,7.99,
1977-12-21,7.72,7.98,
1977-12-22,7.75,7.99,
1977-12-23,7.75,8.0,
1977-12-27,7.77,8.02,
1977-12-28,7.78,8.05,
1977-12-29,7.82,8.06,
1977-12-30,7.78,8.03,
1978-01-03,7.83,8.08,
1978-01-04,7.82,8.08,
1978-01-05,7.83,8.07,
1978-01-06,7.85,8.1,
1978-01-09,8.01,8.21,
1978-01-10,8.02,8.2,
1978-01-11,8.03,8.22,
1978-01-12,8.02,8.22,
1978-01-13,7.98,8.2,
1978-01-16,7.98,8.21,
1978-01-17,7.98,8.19,
1978-01-18,7.98,8.19,
1978-01-19,7.97,8.19,
1978-01-20,7.97,8.19,
1978-01-23,7.97,8.19,
1978-01-24,7.99,8.2,
1978-01-25,8.0,8.23,
1978-01-26,7.98,8.21,
1978-01-27,7.97,8.21,
1978-01-30,7.96,8.2,
1978-01-31,7.94,8.18,
1978-02-01,7.96,8.2,
1978-02-02,7.96,8.2,
1978-02-03,7.97,8.22,
1978-02-06,7.99,8.24,
1978-02-07,7.99,8.24,
1978-02-08,8.0,8.24,
1978-02-09,8.01,8.24,
1978-02-10,8.02,8.24,
1978-02-14,8.05,8.25,
1978-02-15,8.08,8.27,
1978-02-16,8.1,8.3,
1978-02-17,8.09,8.29,
1978-02-21,8.1,8.3,
1978-02-22,8.1,8.3,
1978-02-23,8.08,8.28,
1978-02-24,8.04,8.27,
1978-02-27,8.02,8.25,
1978-02-28,8.04,8.25,
1978-03-01,8.05,8.26,
1978-03-02,8.04,8.25,
1978-03-03,8.04,8.24,
1978-03-06,8.05,8.25,
1978-03-07,8.03,8.23,
1978-03-08,8.03,8.23,
1978-03-09,8.02,8.22,
1978-03-10,8.0,8.21,
1978-03-13,7.99,8.2,
1978-03-14,7.99,8.2,
1978-03-15,8.0,8.2,
1978-03-16,8.0,8.2,
1978-03-17,8.0,8.2,
1978-03-20,7.97,8.18,
1978-03-21,7.97,8.18,
1978-03-22,7.98,8.19,
1978-03-23,8.01,8.22,
1978-03-27,8.12,8.3,
1978-03-28,8.12,8.29,
1978-03-29,8.11,8.28,
1978-03-30,8.12,8.29,
1978-03-31,8.15,8.33,
1978-04-03,8.13,8.32,
1978-04-04,8.12,8.31,
1978-04-05,8.14,8.32,
1978-04-06,8.16,8.33,
1978-04-07,8.14,8.34,
1978-04-10,8.15,8.35,
1978-04-11,8.16,8.35,
1978-04-12,8.16,8.35,
1978-04-13,8.15,8.35,
1978-04-14,8.12,8.33,
1978-04-17,8.08,8.3,
1978-04-18,8.08,8.29,
1978-04-19,8.13,8.31,
1978-04-20,8.14,8.32,
1978-04-21,8.16,8.34,
1978-04-24,8.18,8.36,
1978-04-25,8.18,8.36,
1978-04-26,8.22,8.38,
1978-04-27,8.24,8.4,
1978-04-28,8.24,8.39,
1978-05-01,8.24,8.38,
1978-05-02,8.25,8.38,
1978-05-03,8.28,8.4,
1978-05-04,8.27,8.39,
1978-05-05,8.34,8.45,
1978-05-08,8.35,8.45,
1978-05-09,8.34,8.45,
1978-05-10,8.34,8.45,
1978-05-11,8.34,8.42,
1978-05-12,8.36,8.44,
1978-05-15,8.35,8.42,
1978-05-16,8.34,8.42,
1978-05-17,8.33,8.4,
1978-05-18,8.37,8.42,
1978-05-19,8.38,8.45,
1978-05-22,8.38,8.44,
1978-05-23,8.37,8.44,
1978-05-24,8.39,8.45,
1978-05-25,8.4,8.48,
1978-05-26,8.42,8.5,
1978-05-31,8.42,8.5,
1978-06-01,8.41,8.5,
1978-06-02,8.39,8.48,
1978-06-05,8.38,8.45,
1978-06-06,8.37,8.45,
1978-06-07,8.37,8.44,
1978-06-08,8.38,8.44,
1978-06-09,8.41,8.45,
1978-06-12,8.4,8.45,
1978-06-13,8.41,8.45,
1978-06-14,8.41,8.44,
1978-06-15,8.41,8.44,
1978-06-16,8.43,8.46,
1978-06-19,8.45,8.48,
1978-06-20,8.47,8.5,
1978-06-21,8.5,8.54,
1978-06-22,8.5,8.53,
1978-06-23,8.55,8.55,
1978-06-26,8.59,8.6,
1978-06-27,8.58,8.58,
1978-06-28,8.57,8.57,
1978-06-29,8.57,8.59,
1978-06-30,8.62,8.62,
1978-07-03,8.59,8.6,
1978-07-05,8.62,8.62,
1978-07-06,8.62,8.62,
1978-07-07,8.66,8.67,
1978-07-10,8.68,8.69,
1978-07-11,8.68,8.69,
1978-07-12,8.67,8.69,
1978-07-13,8.68,8.7,
1978-07-14,8.68,8.69,
1978-07-17,8.65,8.66,
1978-07-18,8.63,8.65,
1978-07-19,8.62,8.65,
1978-07-20,8.66,8.66,
1978-07-21,8.67,8.67,
1978-07-24,8.67,8.68,
1978-07-25,8.67,8.68,
1978-07-26,8.66,8.66,
1978-07-27,8.58,8.6,
1978-07-28,8.55,8.55,
1978-07-31,8.56,8.56,
1978-08-01,8.54,8.55,
1978-08-02,8.44,8.44,
1978-08-03,8.39,8.44,
1978-08-04,8.38,8.45,
1978-08-07,8.36,8.44,
1978-08-08,8.35,8.42,
1978-08-09,8.34,8.41,
1978-08-10,8.45,8.48,
1978-08-11,8.44,8.48,
1978-08-14,8.45,8.51,
1978-08-15,8.46,8.53,
1978-08-16,8.55,8.6,
1978-08-17,8.48,8.55,
1978-08-18,8.46,8.53,
1978-08-21,8.41,8.48,
1978-08-22,8.41,8.48,
1978-08-23,8.32,8.42,
1978-08-24,8.35,8.44,
1978-08-25,8.34,8.43,
1978-08-28,8.35,8.43,
1978-08-29,8.37,8.45,
1978-08-30,8.42,8.47,
1978-08-31,8.39,8.46,
1978-09-01,8.38,8.45,
1978-09-05,8.34,8.41,
1978-09-06,8.35,8.4,
1978-09-07,8.34,8.41,
1978-09-08,8.34,8.4,
1978-09-11,8.31,8.38,
1978-09-12,8.29,8.36,
1978-09-13,8.3,8.37,
1978-09-14,8.32,8.38,
1978-09-15,8.35,8.4,
1978-09-18,8.37,8.43,
1978-09-19,8.38,8.45,
1978-09-20,8.46,8.51,
1978-09-21,8.51,8.53,
1978-09-22,8.56,8.59,
1978-09-25,8.56,8.58,
1978-09-26,8.53,8.57,
1978-09-27,8.54,8.59,
1978-09-28,8.54,8.6,
1978-09-29,8.56,8.61,
1978-10-02,8.58,8.63,
1978-10-03,8.57,8.63,
1978-10-04,8.59,8.63,
1978-10-05,8.6,8.64,
1978-10-06,8.58,8.61,
1978-10-10,8.58,8.61,
1978-10-11,8.56,8.61,
1978-10-12,8.51,8.58,
1978-10-13,8.52,8.59,
1978-10-16,8.59,8.65,
1978-10-17,8.6,8.65,
1978-10-18,8.62,8.65,
1978-10-19,8.64,8.67,
1978-10-20,8.66,8.69,
1978-10-23,8.66,8.69,
1978-10-24,8.64,8.67,
1978-10-25,8.65,8.68,
1978-10-26,8.72,8.71,
1978-10-27,8.78,8.75,
1978-10-30,8.88,8.84,
1978-10-31,8.96,8.87,
1978-11-01,8.66,8.66,
1978-11-02,8.73,8.71,
1978-11-03,8.86,8.76,
1978-11-06,8.85,8.8,
1978-11-08,8.86,8.81,
1978-11-09,8.87,8.82,
1978-11-10,8.86,8.79,
1978-11-13,8.83,8.76,
1978-11-14,8.82,8.76,
1978-11-15,8.76,8.69,
1978-11-16,8.72,8.69,
1978-11-17,8.72,8.69,
1978-11-20,8.72,8.7,
1978-11-21,8.77,8.71,
1978-11-22,8.77,8.73,
1978-11-24,8.86,8.79,
1978-11-27,8.86,8.78,
1978-11-28,8.86,8.79,
1978-11-29,8.86,8.79,
1978-11-30,8.86,8.8,
1978-12-01,8.8,8.73,
1978-12-04,8.82,8.79,
1978-12-05,8.85,8.79,
1978-12-06,8.85,8.78,
1978-12-07,8.89,8.81,
1978-12-08,8.9,8.81,
1978-12-11,8.9,8.81,
1978-12-12,8.92,8.82,
1978-12-13,8.98,8.89,
1978-12-14,8.96,8.88,
1978-12-15,9.0,8.9,
1978-12-18,9.13,8.99,
1978-12-19,9.14,8.97,
1978-12-20,9.16,8.99,
1978-12-21,9.16,8.98,
1978-12-22,9.11,8.95,
1978-12-26,9.13,8.94,
1978-12-27,9.12,8.93,
1978-12-28,9.16,8.97,
1978-12-29,9.15,8.96,
1979-01-02,9.18,8.99,
1979-01-03,9.16,8.96,
1979-01-04,9.11,8.94,
1979-01-05,9.1,8.95,
1979-01-08,9.14,8.98,
1979-01-09,9.16,8.99,
1979-01-10,9.16,8.99,
1979-01-11,9.15,8.98,
1979-01-12,9.14,8.97,
1979-01-15,9.15,8.97,
1979-01-16,9.16,8.98,
1979-01-17,9.18,8.99,
1979-01-18,9.18,8.99,
1979-01-19,9.15,8.97,
1979-01-22,9.12,8.94,
1979-01-23,9.1,8.93,
1979-01-24,9.08,8.91,
1979-01-25,8.98,8.84,
1979-01-26,8.93,8.82,
1979-01-29,8.96,8.85,
1979-01-30,8.95,8.85,
1979-01-31,8.95,8.85,
1979-02-01,8.94,8.85,
1979-02-02,8.89,8.84,
1979-02-05,8.95,8.88,
1979-02-06,9.0,8.92,
1979-02-07,9.09,9.0,
1979-02-08,9.09,9.0,
1979-02-09,9.11,9.02,
1979-02-13,9.11,9.0,
1979-02-14,9.12,9.0,
1979-02-15,9.12,9.01,
1979-02-16,9.11,9.01,
1979-02-20,9.12,9.02,
1979-02-21,9.15,9.04,
1979-02-22,9.2,9.08,
1979-02-23,9.21,9.1,
1979-02-26,9.2,9.08,
1979-02-27,9.19,9.08,
1979-02-28,9.17,9.08,
1979-03-01,9.17,9.09,
1979-03-02,9.16,9.09,
1979-03-05,9.11,9.02,
1979-03-06,9.14,9.06,
1979-03-07,9.1,9.02,
1979-03-08,9.1,9.01,
1979-03-09,9.11,9.04,
1979-03-12,9.11,9.02,
1979-03-13,9.11,9.02,
1979-03-14,9.12,9.04,
1979-03-15,9.14,9.05,
1979-03-16,9.12,9.03,
1979-03-19,9.12,9.03,
1979-03-20,9.13,9.04,
1979-03-21,9.13,9.03,
1979-03-22,9.12,9.03,
1979-03-23,9.12,9.02,
1979-03-26,9.12,9.03,
1979-03-27,9.11,9.01,
1979-03-28,9.07,8.99,
1979-03-29,9.06,8.99,
1979-03-30,9.11,9.02,
1979-04-02,9.11,9.02,
1979-04-03,9.1,9.01,
1979-04-04,9.09,9.0,
1979-04-05,9.07,8.99,
1979-04-06,9.1,9.01,
1979-04-09,9.14,9.04,
1979-04-10,9.17,9.07,
1979-04-11,9.2,9.08,
1979-04-12,9.2,9.09,
1979-04-16,9.19,9.09,
1979-04-17,9.16,9.07,
1979-04-18,9.15,9.06,
1979-04-19,9.15,9.06,
1979-04-20,9.19,9.11,
1979-04-23,9.21,9.13,
1979-04-24,9.24,9.14,
1979-04-25,9.23,9.13,
1979-04-26,9.27,9.18,
1979-04-27,9.32,9.19,
1979-04-30,9.35,9.22,
1979-05-01,9.36,9.21,
1979-05-02,9.34,9.22,
1979-05-03,9.38,9.27,
1979-05-04,9.39,9.29,
1979-05-07,9.39,9.28,
1979-05-08,9.38,9.28,
1979-05-09,9.36,9.26,
1979-05-10,9.36,9.27,
1979-05-11,9.34,9.26,
1979-05-14,9.3,9.22,
1979-05-15,9.32,9.24,
1979-05-16,9.31,9.22,
1979-05-17,9.24,9.2,
1979-05-18,9.23,9.18,
1979-05-21,9.24,9.2,
1979-05-22,9.15,9.16,
1979-05-23,9.07,9.09,
1979-05-24,9.06,9.07,
1979-05-25,9.01,9.03,
1979-05-29,9.01,9.03,
1979-05-31,9.06,9.08,
1979-06-01,9.05,9.07,
1979-06-04,9.06,9.07,
1979-06-05,9.02,9.04,
1979-06-06,8.97,9.0,
1979-06-07,8.89,8.9,
1979-06-08,8.9,8.91,
1979-06-11,8.94,8.94,
1979-06-12,8.79,8.84,
1979-06-13,8.83,8.87,
1979-06-14,8.87,8.89,
1979-06-15,8.96,8.94,
1979-06-18,8.95,8.93,
1979-06-19,8.95,8.94,
1979-06-20,8.94,8.92,
1979-06-21,8.93,8.92,
1979-06-22,8.98,8.95,
1979-06-25,8.93,8.92,
1979-06-26,8.82,8.84,
1979-06-27,8.8,8.83,
1979-06-28,8.8,8.84,
1979-06-29,8.81,8.83,
1979-07-02,8.76,8.8,
1979-07-03,8.77,8.81,
1979-07-05,8.8,8.82,
1979-07-06,8.82,8.83,
1979-07-09,8.86,8.86,
1979-07-10,8.92,8.89,
1979-07-11,8.97,8.93,
1979-07-12,8.95,8.91,
1979-07-13,8.94,8.91,
1979-07-16,8.99,8.95,
1979-07-17,9.01,8.97,
1979-07-18,9.03,8.99,
1979-07-19,9.04,8.99,
1979-07-20,8.98,8.95,
1979-07-23,9.03,8.99,
1979-07-24,9.06,9.01,
1979-07-25,8.99,8.97,
1979-07-26,8.97,8.98,
1979-07-27,9.02,9.01,
1979-07-30,9.03,9.01,
1979-07-31,9.01,8.99,
1979-08-01,8.99,8.97,
1979-08-02,8.91,8.92,
1979-08-03,8.92,8.94,
1979-08-06,8.91,8.92,
1979-08-07,8.91,8.9,
1979-08-08,8.93,8.91,
1979-08-09,8.97,8.95,
1979-08-10,9.0,8.97,
1979-08-13,9.0,8.97,
1979-08-14,8.98,8.95,
1979-08-15,9.0,8.96,
1979-08-16,9.0,8.95,
1979-08-17,9.01,8.95,
1979-08-20,9.02,8.96,
1979-08-21,9.04,8.99,
1979-08-22,9.04,8.99,
1979-08-23,9.05,9.0,
1979-08-24,9.14,9.05,
1979-08-27,9.12,9.03,
1979-08-28,9.15,9.03,
1979-08-29,9.14,9.02,
1979-08-30,9.21,9.07,
1979-08-31,9.24,9.09,
1979-09-04,9.32,9.14,
1979-09-05,9.32,9.15,
1979-09-06,9.35,9.16,
1979-09-07,9.34,9.18,
1979-09-10,9.36,9.19,
1979-09-11,9.25,9.13,
1979-09-12,9.3,9.15,
1979-09-13,9.34,9.17,
1979-09-14,9.29,9.13,
1979-09-17,9.37,9.19,
1979-09-18,9.36,9.19,
1979-09-19,9.31,9.16,
1979-09-20,9.29,9.13,
1979-09-21,9.26,9.11,
1979-09-24,9.34,9.17,
1979-09-25,9.32,9.16,
1979-09-26,9.36,9.2,
1979-09-27,9.44,9.25,
1979-09-28,9.44,9.25,
1979-10-01,9.51,9.32,
1979-10-02,9.47,9.28,
1979-10-03,9.5,9.3,
1979-10-04,9.58,9.34,
1979-10-05,9.6,9.36,
1979-10-09,9.93,9.61,
1979-10-10,10.09,9.69,
1979-10-11,10.17,9.77,
1979-10-12,10.15,9.76,
1979-10-15,10.31,9.84,
1979-10-16,10.27,9.82,
1979-10-17,10.2,9.75,
1979-10-18,10.41,9.91,
1979-10-19,10.68,10.07,
1979-10-22,10.96,10.29,
1979-10-23,11.02,10.33,
1979-10-24,10.83,10.2,
1979-10-25,10.98,10.31,
1979-10-26,10.67,10.12,
1979-10-29,10.78,10.22,
1979-10-30,10.75,10.17,
1979-10-31,10.72,10.19,
1979-11-01,10.79,10.3,
1979-11-02,10.84,10.44,
1979-11-05,10.85,10.42,
1979-11-07,11.0,10.53,
1979-11-08,10.96,10.51,
1979-11-09,10.68,10.34,
1979-11-13,10.63,10.32,
1979-11-14,10.75,10.4,
1979-11-15,10.62,10.3,
1979-11-16,10.77,10.41,
1979-11-19,10.8,10.42,
1979-11-20,10.78,10.39,
1979-11-21,10.73,10.36,
1979-11-23,10.51,10.21,
1979-11-26,10.37,10.1,
1979-11-27,10.24,10.02,
1979-11-28,10.37,10.09,
1979-11-29,10.34,10.06,
1979-11-30,10.38,10.09,
1979-12-03,10.44,10.11,
1979-12-04,10.32,10.04,
1979-12-05,10.27,10.01,
1979-12-06,10.13,9.93,
1979-12-07,10.3,10.04,
1979-12-10,10.27,10.03,
1979-12-11,10.46,10.18,
1979-12-12,10.58,10.27,
1979-12-13,10.51,10.23,
1979-12-14,10.45,10.17,
1979-12-17,10.42,10.14,
1979-12-18,10.34,10.11,
1979-12-19,10.33,10.09,
1979-12-20,10.38,10.13,
1979-12-21,10.39,10.17,
1979-12-24,10.45,10.17,
1979-12-26,10.48,10.2,
1979-12-27,10.46,10.19,
1979-12-28,10.41,10.16,
1979-12-31,10.33,10.11,
1980-01-02,10.5,10.23,
1980-01-03,10.6,10.31,
1980-01-04,10.66,10.34,
1980-01-07,10.63,10.35,
1980-01-08,10.57,10.28,
1980-01-09,10.58,10.29,
1980-01-10,10.51,10.26,
1980-01-11,10.68,10.38,
1980-01-14,10.7,10.4,
1980-01-15,10.65,10.4,
1980-01-16,10.65,10.41,
1980-01-17,10.71,10.47,
1980-01-18,10.82,10.61,
1980-01-21,10.96,10.77,
1980-01-22,10.85,10.69,
1980-01-23,10.82,10.68,
1980-01-24,11.01,10.87,
1980-01-25,11.1,11.0,
1980-01-28,11.15,11.03,
1980-01-29,11.21,11.12,
1980-01-30,11.16,11.11,
1980-01-31,11.13,11.09,
1980-02-01,11.29,11.23,
1980-02-04,11.4,11.32,
1980-02-05,11.73,11.64,
1980-02-06,11.92,11.78,
1980-02-07,11.71,11.7,
1980-02-08,11.8,11.72,
1980-02-11,12.01,11.94,
1980-02-13,11.86,11.82,
1980-02-14,11.97,11.9,
1980-02-15,12.2,12.11,
1980-02-19,12.85,12.61,
1980-02-20,12.84,12.56,
1980-02-21,13.22,12.77,
1980-02-22,13.06,12.59,
1980-02-25,13.27,12.69,
1980-02-26,13.65,12.85,
1980-02-27,13.46,12.76,
1980-02-28,12.92,12.29,
1980-02-29,12.72,12.25,
1980-03-03,12.79,12.32,
1980-03-04,12.91,12.35,
1980-03-05,13.03,12.4,
1980-03-06,13.13,12.64,
1980-03-07,12.86,12.5,
1980-03-10,12.63,12.25,
1980-03-11,12.41,12.12,
1980-03-12,12.62,12.39,
1980-03-13,12.5,12.19,
1980-03-14,12.52,12.21,
1980-03-17,12.58,12.2,
1980-03-18,12.4,12.0,
1980-03-19,12.35,11.97,
1980-03-20,12.62,12.22,
1980-03-21,12.75,12.28,
1980-03-24,13.17,12.69,
1980-03-25,13.1,12.67,
1980-03-26,13.03,12.56,
1980-03-27,12.97,12.5,
1980-03-28,12.72,12.35,
1980-03-31,12.64,12.31,
1980-04-01,12.69,12.35,
1980-04-02,12.63,12.28,
1980-04-03,12.52,12.27,
1980-04-07,12.13,11.87,
1980-04-08,12.21,11.85,
1980-04-09,12.06,11.79,
1980-04-10,12.06,11.74,
1980-04-11,11.79,11.53,
1980-04-14,11.62,11.5,
1980-04-15,11.57,11.47,
1980-04-16,10.9,10.91,
1980-04-17,11.13,10.99,
1980-04-18,11.05,10.98,
1980-04-21,10.9,10.96,
1980-04-22,10.82,10.94,
1980-04-23,10.89,11.02,
1980-04-24,10.96,11.13,
1980-04-25,10.95,11.18,
1980-04-28,10.63,10.86,
1980-04-29,10.67,10.89,
1980-04-30,10.76,10.89,
1980-05-01,10.57,10.72,
1980-05-02,10.24,10.47,
1980-05-05,10.18,10.35,
1980-05-06,9.8,10.23,
1980-05-07,9.96,10.19,
1980-05-08,10.18,10.34,
1980-05-09,10.3,10.41,
1980-05-12,10.3,10.44,
1980-05-13,10.13,10.29,
1980-05-14,10.14,10.26,
1980-05-15,10.31,10.46,
1980-05-16,10.37,10.53,
1980-05-19,10.53,10.68,
1980-05-20,10.22,10.47,
1980-05-21,10.08,10.31,
1980-05-22,10.1,10.34,
1980-05-23,9.85,10.09,
1980-05-27,9.96,10.1,
1980-05-28,10.1,10.22,
1980-05-29,10.24,10.32,
1980-05-30,10.25,10.37,
1980-06-02,10.31,10.45,
1980-06-03,10.16,10.29,
1980-06-04,10.07,10.18,
1980-06-05,10.02,10.08,
1980-06-06,9.81,9.87,
1980-06-09,9.73,9.75,
1980-06-10,9.83,9.88,
1980-06-11,9.7,9.79,
1980-06-12,9.53,9.6,
1980-06-13,9.51,9.49,
1980-06-16,9.47,9.49,
1980-06-17,9.49,9.52,
1980-06-18,9.56,9.6,
1980-06-19,9.56,9.57,
1980-06-20,9.49,9.5,
1980-06-23,9.63,9.66,
1980-06-24,9.68,9.7,
1980-06-25,9.79,9.79,
1980-06-26,9.87,9.91,
1980-06-27,10.04,9.97,
1980-06-30,10.09,9.99,
1980-07-01,10.13,10.12,
1980-07-02,10.19,10.12,
1980-07-03,10.01,10.0,
1980-07-07,10.2,10.22,
1980-07-08,10.09,10.06,
1980-07-09,10.14,10.14,
1980-07-10,10.21,10.21,
1980-07-11,10.28,10.3,
1980-07-14,10.33,10.36,
1980-07-15,10.17,10.19,
1980-07-16,10.07,10.05,
1980-07-17,10.21,10.15,
1980-07-18,10.2,10.19,
1980-07-21,10.13,10.11,
1980-07-22,10.18,10.18,
1980-07-23,10.12,10.15,
1980-07-24,10.24,10.24,
1980-07-25,10.35,10.33,
1980-07-28,10.46,10.42,
1980-07-29,10.45,10.4,
1980-07-30,10.53,10.51,
1980-07-31,10.76,10.8,
1980-08-01,10.76,10.76,
1980-08-04,10.69,10.68,
1980-08-05,10.7,10.69,
1980-08-06,10.8,10.73,
1980-08-07,10.71,10.68,
1980-08-08,10.87,10.9,
1980-08-11,11.03,11.05,
1980-08-12,10.98,11.01,
1980-08-13,10.89,10.93,
1980-08-14,10.9,10.9,
1980-08-15,10.86,10.83,
1980-08-18,11.13,11.02,
1980-08-19,11.24,11.16,
1980-08-20,11.22,11.13,
1980-08-21,11.3,11.15,
1980-08-22,11.13,11.01,
1980-08-25,11.4,11.18,
1980-08-26,11.42,11.18,
1980-08-27,11.67,11.33,
1980-08-28,11.89,11.43,
1980-08-29,11.55,11.27,
1980-09-02,11.32,11.08,
1980-09-03,11.08,10.94,
1980-09-04,11.16,11.02,
1980-09-05,11.21,11.06,
1980-09-08,11.29,11.15,
1980-09-09,11.19,11.05,
1980-09-10,11.14,11.02,
1980-09-11,11.32,11.15,
1980-09-12,11.37,11.18,
1980-09-15,11.62,11.38,
1980-09-16,11.52,11.33,
1980-09-17,11.57,11.41,
1980-09-18,11.53,11.35,
1980-09-19,11.33,11.25,
1980-09-22,11.69,11.6,
1980-09-23,11.76,11.53,
1980-09-24,11.75,11.53,
1980-09-25,11.91,11.66,
1980-09-26,11.99,11.81,
1980-09-29,12.07,11.93,
1980-09-30,11.86,11.7,
1980-10-01,11.78,11.69,
1980-10-02,11.83,11.66,
1980-10-03,11.4,11.33,
1980-10-06,11.35,11.26,
1980-10-07,11.43,11.3,
1980-10-08,11.51,11.38,
1980-10-09,11.39,11.21,
1980-10-10,11.44,11.26,
1980-10-14,11.37,11.16,
1980-10-15,11.29,11.11,
1980-10-16,11.47,11.27,
1980-10-17,11.62,11.44,
1980-10-20,11.64,11.44,
1980-10-21,11.7,11.53,
1980-10-22,11.88,11.74,
1980-10-23,11.82,11.68,
1980-10-24,11.74,11.61,
1980-10-27,12.13,11.96,
1980-10-28,12.32,12.14,
1980-10-29,12.48,12.21,
1980-10-30,12.48,12.28,
1980-10-31,12.46,12.23,
1980-11-03,12.46,12.22,
1980-11-05,12.61,12.36,
1980-11-06,13.04,12.59,
1980-11-07,12.66,12.59,
1980-11-10,12.78,12.71,
1980-11-12,12.47,12.26,
1980-11-13,12.49,12.23,
1980-11-14,12.79,12.45,
1980-11-17,12.95,12.6,
1980-11-18,12.62,12.29,
1980-11-19,12.51,12.19,
1980-11-20,12.59,12.22,
1980-11-21,12.8,12.37,
1980-11-24,12.76,12.31,
1980-11-25,12.74,12.3,
1980-11-26,12.65,12.27,
1980-11-28,12.72,12.32,
1980-12-01,12.92,12.51,
1980-12-02,12.95,12.5,
1980-12-03,12.92,12.41,
1980-12-04,12.91,12.43,
1980-12-05,12.85,12.33,
1980-12-08,12.91,12.42,
1980-12-09,13.1,12.68,
1980-12-10,13.15,12.8,
1980-12-11,13.57,13.17,
1980-12-12,13.21,12.82,
1980-12-15,13.25,12.85,
1980-12-16,13.51,12.95,
1980-12-17,13.28,12.74,
1980-12-18,13.22,12.62,
1980-12-19,12.64,12.22,
1980-12-22,12.14,11.75,
1980-12-23,12.35,11.93,
1980-12-24,12.42,11.95,
1980-12-26,12.25,11.84,
1980-12-29,12.2,11.84,
1980-12-30,12.39,11.96,
1980-12-31,12.43,11.98,
1981-01-02,12.42,12.01,
1981-01-05,12.15,11.67,
1981-01-06,12.11,11.67,
1981-01-07,12.38,11.89,
1981-01-08,12.35,11.91,
1981-01-09,12.57,12.13,
1981-01-12,12.45,12.08,
1981-01-13,12.53,12.08,
1981-01-14,12.53,12.07,
1981-01-15,12.62,12.25,
1981-01-16,12.53,12.13,
1981-01-19,12.64,12.25,
1981-01-20,12.5,12.11,
1981-01-21,12.77,12.33,
1981-01-22,12.87,12.46,
1981-01-23,12.84,12.38,
1981-01-26,12.7,12.28,
1981-01-27,12.73,12.31,
1981-01-28,12.77,12.33,
1981-01-29,12.8,12.38,
1981-01-30,12.68,12.28,
1981-02-02,12.86,12.45,
1981-02-03,12.98,12.61,
1981-02-04,12.86,12.49,
1981-02-05,12.95,12.7,
1981-02-06,13.09,12.73,
1981-02-09,13.21,12.81,
1981-02-10,13.27,12.92,
1981-02-11,13.42,13.01,
1981-02-13,13.65,13.2,
1981-02-17,13.33,12.93,
1981-02-18,13.3,12.88,
1981-02-19,13.09,12.71,
1981-02-20,12.9,12.54,
1981-02-23,13.19,12.81,
1981-02-24,13.21,12.81,
1981-02-25,13.29,12.89,
1981-02-26,13.47,12.98,
1981-02-27,13.43,12.97,
1981-03-02,13.62,13.19,
1981-03-03,13.43,13.0,
1981-03-04,13.45,13.03,
1981-03-05,13.43,13.0,
1981-03-06,13.2,12.73,
1981-03-09,13.09,12.64,
1981-03-10,13.08,12.69,
1981-03-11,13.12,12.74,
1981-03-12,13.03,12.59,
1981-03-13,12.86,12.42,
1981-03-16,12.85,12.41,
1981-03-17,12.68,12.25,
1981-03-18,12.58,12.16,
1981-03-19,12.67,12.28,
1981-03-20,12.77,12.34,
1981-03-23,13.13,12.71,
1981-03-24,13.3,12.84,
1981-03-25,13.21,12.77,
1981-03-26,13.34,12.92,
1981-03-27,13.36,12.93,
1981-03-30,13.22,12.8,
1981-03-31,13.13,12.65,
1981-04-01,13.14,12.65,
1981-04-02,13.25,12.8,
1981-04-03,13.4,12.94,
1981-04-06,13.74,13.28,
1981-04-07,13.41,12.99,
1981-04-08,13.61,13.15,
1981-04-09,13.45,13.02,
1981-04-10,13.59,13.15,
1981-04-13,13.68,13.23,
1981-04-14,13.58,13.13,
1981-04-15,13.74,13.29,
1981-04-16,13.79,13.32,
1981-04-20,13.69,13.17,
1981-04-21,13.73,13.2,
1981-04-22,13.78,13.25,
1981-04-23,13.8,13.28,
1981-04-24,13.88,13.35,
1981-04-27,13.92,13.38,
1981-04-28,13.93,13.39,
1981-04-29,14.05,13.5,
1981-04-30,14.11,13.65,
1981-05-01,14.05,13.59,
1981-05-04,14.47,13.98,
1981-05-05,14.69,14.11,
1981-05-06,14.56,13.97,
1981-05-07,14.33,13.84,
1981-05-08,14.23,13.76,
1981-05-11,14.34,13.89,
1981-05-12,14.46,13.95,
1981-05-13,14.49,13.95,
1981-05-14,14.24,13.66,
1981-05-15,14.07,13.58,
1981-05-18,13.8,13.31,
1981-05-19,13.95,13.47,
1981-05-20,14.0,13.45,
1981-05-21,14.05,13.53,
1981-05-22,13.82,13.36,
1981-05-26,13.67,13.22,
1981-05-27,13.71,13.27,
1981-05-28,13.56,13.1,
1981-05-29,13.5,13.06,
1981-06-01,13.46,13.06,
1981-06-02,13.58,13.13,
1981-06-03,13.55,13.08,
1981-06-04,13.51,13.04,
1981-06-05,13.56,13.11,
1981-06-08,13.36,12.87,
1981-06-09,13.37,12.89,
1981-06-10,13.31,12.82,
1981-06-11,13.32,12.84,
1981-06-12,13.35,12.84,
1981-06-15,13.09,12.61,
1981-06-16,13.08,12.59,
1981-06-17,13.23,12.73,
1981-06-18,13.57,12.98,
1981-06-19,13.46,12.9,
1981-06-22,13.44,12.86,
1981-06-23,13.56,12.99,
1981-06-24,13.66,13.1,
1981-06-25,13.7,13.14,
1981-06-26,13.69,13.14,
1981-06-29,13.68,13.11,
1981-06-30,13.86,13.3,
1981-07-01,14.04,13.47,
1981-07-02,13.95,13.35,
1981-07-06,13.81,13.19,
1981-07-07,14.04,13.42,
1981-07-08,14.11,13.43,
1981-07-09,14.12,13.47,
1981-07-10,13.94,13.25,
1981-07-13,13.99,13.33,
1981-07-14,14.15,13.49,
1981-07-15,14.07,13.35,
1981-07-16,14.11,13.44,
1981-07-17,14.09,13.4,
1981-07-20,14.59,13.87,
1981-07-21,14.61,13.84,
1981-07-22,14.63,13.87,
1981-07-23,14.57,13.8,
1981-07-24,14.41,13.65,
1981-07-27,14.43,13.7,
1981-07-28,14.53,13.8,
1981-07-29,14.61,13.92,
1981-07-30,14.71,13.95,
1981-07-31,14.67,13.96,
1981-08-03,14.95,14.27,
1981-08-04,14.95,14.17,
1981-08-05,14.91,14.15,
1981-08-06,14.86,14.04,
1981-08-07,14.83,14.07,
1981-08-10,14.65,13.88,
1981-08-11,14.4,13.63,
1981-08-12,14.61,13.82,
1981-08-13,14.65,13.88,
1981-08-14,14.74,13.95,
1981-08-17,14.71,13.9,
1981-08-18,14.79,13.95,
1981-08-19,14.77,13.95,
1981-08-20,14.89,14.08,
1981-08-21,14.97,14.14,
1981-08-24,15.32,14.57,
1981-08-25,15.35,14.61,
1981-08-26,15.31,14.6,
1981-08-27,15.36,14.59,
1981-08-28,15.25,14.49,
1981-08-31,15.41,14.78,
1981-09-01,15.41,14.7,
1981-09-02,15.4,14.7,
1981-09-03,15.48,14.82,
1981-09-04,15.51,14.84,
1981-09-08,15.59,14.99,
1981-09-09,15.53,14.73,
1981-09-10,15.3,14.68,
1981-09-11,15.05,14.49,
1981-09-14,15.2,14.51,
1981-09-15,15.08,14.44,
1981-09-16,15.11,14.42,
1981-09-17,14.95,14.26,
1981-09-18,14.91,14.22,
1981-09-21,14.78,14.09,
1981-09-22,15.03,14.33,
1981-09-23,15.23,14.61,
1981-09-24,15.31,14.69,
1981-09-25,15.68,15.08,
1981-09-28,15.65,15.01,
1981-09-29,15.76,15.2,
1981-09-30,15.84,15.19,
1981-10-01,15.75,15.14,
1981-10-02,15.41,14.8,
1981-10-05,15.19,14.62,
1981-10-06,15.14,14.6,
1981-10-07,15.04,14.54,
1981-10-08,15.0,14.44,
1981-10-09,14.73,14.26,
1981-10-13,14.83,14.36,
1981-10-14,14.87,14.48,
1981-10-15,14.88,14.39,
1981-10-16,14.94,14.55,
1981-10-19,14.95,14.52,
1981-10-20,15.09,14.66,
1981-10-21,15.34,14.94,
1981-10-22,15.38,14.91,
1981-10-23,15.3,14.81,
1981-10-26,15.6,15.21,
1981-10-27,15.54,15.09,
1981-10-28,15.44,15.03,
1981-10-29,15.06,14.66,
1981-10-30,14.63,14.36,
1981-11-02,14.57,14.41,
1981-11-04,14.18,13.96,
1981-11-05,14.19,14.06,
1981-11-06,13.94,13.85,
1981-11-09,13.39,13.56,
1981-11-10,13.4,13.55,
1981-11-12,13.19,13.21,
1981-11-13,13.18,13.26,
1981-11-16,13.07,13.11,
1981-11-17,13.18,13.25,
1981-11-18,13.0,13.05,
1981-11-19,13.04,13.09,
1981-11-20,13.14,13.08,
1981-11-23,13.44,13.38,
1981-11-24,13.13,13.03,
1981-11-25,12.98,12.83,
1981-11-27,12.92,12.76,
1981-11-30,13.13,12.91,
1981-12-01,13.37,13.06,
1981-12-02,13.49,13.21,
1981-12-03,13.45,13.16,
1981-12-04,13.15,12.89,
1981-12-07,13.5,13.26,
1981-12-08,13.5,13.24,
1981-12-09,13.64,13.39,
1981-12-10,13.8,13.58,
1981-12-11,13.84,13.55,
1981-12-14,13.62,13.34,
1981-12-15,13.55,13.3,
1981-12-16,13.53,13.32,
1981-12-17,13.71,13.48,
1981-12-18,13.51,13.3,
1981-12-21,13.83,13.55,
1981-12-22,14.02,13.65,
1981-12-23,14.14,13.85,
1981-12-24,14.01,13.76,
1981-12-28,14.01,13.72,
1981-12-29,14.12,13.88,
1981-12-30,14.17,13.86,
1981-12-31,13.98,13.65,
1982-01-04,14.19,13.87,
1982-01-05,14.44,14.14,
1982-01-06,14.59,14.28,
1982-01-07,14.63,14.32,
1982-01-08,14.48,14.13,
1982-01-11,14.81,14.43,
1982-01-12,14.62,14.27,
1982-01-13,14.83,14.47,
1982-01-14,14.7,14.31,
1982-01-15,14.82,14.41,
1982-01-18,14.75,14.27,
1982-01-19,14.8,14.36,
1982-01-20,14.81,14.32,
1982-01-21,14.62,14.21,
1982-01-22,14.69,14.24,
1982-01-25,14.62,14.2,
1982-01-26,14.54,14.19,
1982-01-27,14.51,14.17,
1982-01-28,14.29,13.98,
1982-01-29,14.14,13.91,
1982-02-01,14.58,14.33,
1982-02-02,14.47,14.26,
1982-02-03,14.69,14.41,
1982-02-04,14.76,14.54,
1982-02-05,14.65,14.43,
1982-02-08,14.88,14.74,
1982-02-09,14.95,14.8,
1982-02-10,14.81,14.64,
1982-02-11,14.71,14.54,
1982-02-16,14.53,14.33,
1982-02-17,14.5,14.3,
1982-02-18,14.28,14.06,
1982-02-19,14.24,14.02,
1982-02-22,13.87,13.65,
1982-02-23,13.93,13.73,
1982-02-24,13.87,13.62,
1982-02-25,13.91,13.72,
1982-02-26,14.03,13.83,
1982-03-01,13.85,13.63,
1982-03-02,13.74,13.44,
1982-03-03,13.69,13.39,
1982-03-04,13.61,13.35,
1982-03-05,13.59,13.35,
1982-03-08,13.67,13.49,
1982-03-09,13.69,13.43,
1982-03-10,13.73,13.5,
1982-03-11,13.95,13.65,
1982-03-12,13.97,13.65,
1982-03-15,13.96,13.56,
1982-03-16,13.91,13.57,
1982-03-17,13.88,13.52,
1982-03-18,13.87,13.51,
1982-03-19,13.89,13.56,
1982-03-22,13.74,13.37,
1982-03-23,13.72,13.36,
1982-03-24,13.91,13.51,
1982-03-25,13.9,13.49,
1982-03-26,14.01,13.65,
1982-03-29,14.16,13.79,
1982-03-30,14.19,13.81,
1982-03-31,14.18,13.68,
1982-04-01,14.1,13.6,
1982-04-02,14.1,13.61,
1982-04-05,14.16,13.72,
1982-04-06,14.18,13.73,
1982-04-07,14.18,13.71,
1982-04-08,13.98,13.48,
1982-04-12,13.83,13.3,
1982-04-13,13.83,13.32,
1982-04-14,13.95,13.42,
1982-04-15,13.91,13.32,
1982-04-16,13.71,13.18,
1982-04-19,13.66,13.13,
1982-04-20,13.72,13.21,
1982-04-21,13.69,13.22,
1982-04-22,13.71,13.19,
1982-04-23,13.69,13.18,
1982-04-26,13.7,13.16,
1982-04-27,13.7,13.19,
1982-04-28,13.77,13.27,
1982-04-29,13.87,13.38,
1982-04-30,13.87,13.39,
1982-05-03,13.95,13.45,
1982-05-04,13.87,13.37,
1982-05-05,13.8,13.34,
1982-05-06,13.54,13.13,
1982-05-07,13.48,13.08,
1982-05-10,13.49,13.13,
1982-05-11,13.46,13.08,
1982-05-12,13.59,13.23,
1982-05-13,13.62,13.25,
1982-05-14,13.48,13.17,
1982-05-17,13.57,13.29,
1982-05-18,13.6,13.26,
1982-05-19,13.64,13.3,
1982-05-20,13.53,13.17,
1982-05-21,13.52,13.17,
1982-05-24,13.58,13.19,
1982-05-25,13.62,13.2,
1982-05-26,13.68,13.29,
1982-05-27,13.72,13.36,
1982-05-28,13.71,13.39,
1982-06-01,13.93,13.66,
1982-06-02,13.86,13.6,
1982-06-03,13.9,13.66,
1982-06-04,13.98,13.76,
1982-06-07,13.94,13.66,
1982-06-08,13.98,13.71,
1982-06-09,13.99,13.71,
1982-06-10,14.02,13.72,
1982-06-11,13.93,13.61,
1982-06-14,14.21,13.89,
1982-06-15,14.21,13.87,
1982-06-16,14.26,13.91,
1982-06-17,14.48,14.1,
1982-06-18,14.62,14.19,
1982-06-21,14.63,14.15,
1982-06-22,14.66,14.21,
1982-06-23,14.74,14.26,
1982-06-24,14.71,14.2,
1982-06-25,14.76,14.24,
1982-06-28,14.73,14.19,
1982-06-29,14.61,14.11,
1982-06-30,14.44,13.91,
1982-07-01,14.4,13.9,
1982-07-02,14.5,14.03,
1982-07-06,14.48,14.0,
1982-07-07,14.49,13.9,
1982-07-08,14.19,13.7,
1982-07-09,14.03,13.57,
1982-07-12,13.87,13.46,
1982-07-13,14.02,13.61,
1982-07-14,14.1,13.68,
1982-07-15,13.96,13.57,
1982-07-16,13.7,13.35,
1982-07-19,13.68,13.34,
1982-07-20,13.53,13.24,
1982-07-21,13.6,13.3,
1982-07-22,13.51,13.2,
1982-07-23,13.56,13.25,
1982-07-26,13.91,13.48,
1982-07-27,13.86,13.46,
1982-07-28,13.97,13.6,
1982-07-29,13.83,13.51,
1982-07-30,13.68,13.42,
1982-08-02,13.41,13.17,
1982-08-03,13.51,13.27,
1982-08-04,13.68,13.27,
1982-08-05,13.7,13.29,
1982-08-06,13.85,13.41,
1982-08-09,13.7,13.31,
1982-08-10,13.69,13.27,
1982-08-11,13.71,13.26,
1982-08-12,13.55,13.15,
1982-08-13,13.2,12.98,
1982-08-16,13.09,12.8,
1982-08-17,12.65,12.42,
1982-08-18,12.57,12.29,
1982-08-19,12.47,12.31,
1982-08-20,12.24,12.14,
1982-08-23,12.47,12.29,
1982-08-24,12.35,12.16,
1982-08-25,12.43,12.21,
1982-08-26,12.55,12.31,
1982-08-27,12.77,12.54,
1982-08-30,12.81,12.54,
1982-08-31,12.81,12.5,
1982-09-01,12.76,12.41,
1982-09-02,12.6,12.3,
1982-09-03,12.47,12.16,
1982-09-07,12.53,12.19,
1982-09-08,12.51,12.17,
1982-09-09,12.53,12.21,
1982-09-10,12.73,12.41,
1982-09-13,12.63,12.26,
1982-09-14,12.56,12.24,
1982-09-15,12.6,12.25,
1982-09-16,12.6,12.18,
1982-09-17,12.51,12.12,
1982-09-20,12.47,12.04,
1982-09-21,12.18,11.82,
1982-09-22,12.04,11.83,
1982-09-23,11.94,11.75,
1982-09-24,12.09,11.88,
1982-09-27,11.99,11.82,
1982-09-28,11.85,11.76,
1982-09-29,11.8,11.79,
1982-09-30,11.73,11.79,
1982-10-01,11.51,11.65,
1982-10-04,11.72,11.83,
1982-10-05,11.69,11.81,
1982-10-06,11.5,11.69,
1982-10-07,10.91,11.29,
1982-10-08,10.83,11.19,
1982-10-12,10.53,10.85,
1982-10-13,10.39,10.75,
1982-10-14,10.61,10.86,
1982-10-15,10.75,11.03,
1982-10-18,10.58,10.9,
1982-10-19,10.56,10.87,
1982-10-20,10.69,10.91,
1982-10-21,10.69,10.92,
1982-10-22,10.81,11.03,
1982-10-25,11.11,11.25,
1982-10-26,10.87,11.17,
1982-10-27,10.9,11.23,
1982-10-28,10.77,11.12,
1982-10-29,10.71,11.01,
1982-11-01,10.56,10.84,
1982-11-03,10.46,10.72,
1982-11-04,10.42,10.66,
1982-11-05,10.48,10.59,
1982-11-08,10.55,10.61,
1982-11-09,10.51,10.44,
1982-11-10,10.48,10.37,
1982-11-12,10.58,10.43,
1982-11-15,10.65,10.52,
1982-11-16,10.67,10.6,
1982-11-17,10.59,10.54,
1982-11-18,10.46,10.33,
1982-11-19,10.42,10.35,
1982-11-22,10.43,10.43,
1982-11-23,10.53,10.46,
1982-11-24,10.59,10.52,
1982-11-26,10.51,10.47,
1982-11-29,10.78,10.72,
1982-11-30,10.79,10.7,
1982-12-01,10.74,10.69,
1982-12-02,10.68,10.63,
1982-12-03,10.47,10.44,
1982-12-06,10.46,10.41,
1982-12-07,10.48,10.45,
1982-12-08,10.62,10.54,
1982-12-09,10.58,10.52,
1982-12-10,10.66,10.63,
1982-12-13,10.61,10.57,
1982-12-14,10.46,10.48,
1982-12-15,10.5,10.55,
1982-12-16,10.59,10.66,
1982-12-17,10.64,10.69,
1982-12-20,10.7,10.77,
1982-12-21,10.54,10.53,
1982-12-22,10.53,10.55,
1982-12-23,10.47,10.5,
1982-12-27,10.44,10.44,
1982-12-28,10.44,10.43,
1982-12-29,10.47,10.49,
1982-12-30,10.44,10.46,
1982-12-31,10.36,10.43,
1983-01-03,10.32,10.39,
1983-01-04,10.37,10.45,
1983-01-05,10.35,10.47,
1983-01-06,10.39,10.5,
1983-01-07,10.36,10.5,
1983-01-10,10.38,10.51,
1983-01-11,10.34,10.48,
1983-01-12,10.32,10.46,
1983-01-13,10.27,10.45,
1983-01-14,10.28,10.5,
1983-01-17,10.28,10.5,
1983-01-18,10.3,10.56,
1983-01-19,10.41,10.67,
1983-01-20,10.43,10.66,
1983-01-21,10.61,10.78,
1983-01-24,10.7,10.88,
1983-01-25,10.62,10.82,
1983-01-26,10.69,10.92,
1983-01-27,10.67,10.85,
1983-01-28,10.71,10.9,
1983-01-31,10.8,10.99,
1983-02-01,10.78,10.95,
1983-02-02,10.88,10.94,
1983-02-03,10.93,11.06,
1983-02-04,10.99,11.12,
1983-02-07,10.96,11.1,
1983-02-08,10.99,11.12,
1983-02-09,11.0,11.14,
1983-02-10,10.83,10.96,
1983-02-11,10.8,10.94,
1983-02-14,10.8,10.95,
1983-02-15,10.84,10.99,
1983-02-16,10.81,10.95,
1983-02-17,10.71,10.86,
1983-02-18,10.6,10.78,
1983-02-22,10.46,10.63,
1983-02-23,10.44,10.62,
1983-02-24,10.42,10.61,
1983-02-25,10.26,10.5,
1983-02-28,10.27,10.51,
1983-03-01,10.22,10.45,
1983-03-02,10.26,10.48,
1983-03-03,10.23,10.44,
1983-03-04,10.27,10.46,
1983-03-07,10.43,10.59,
1983-03-08,10.52,10.65,
1983-03-09,10.48,10.64,
1983-03-10,10.55,10.67,
1983-03-11,10.59,10.75,
1983-03-14,10.48,10.66,
1983-03-15,10.46,10.62,
1983-03-16,10.53,10.68,
1983-03-17,10.56,10.68,
1983-03-18,10.58,10.71,
1983-03-21,10.6,10.71,
1983-03-22,10.62,10.71,
1983-03-23,10.58,10.64,
1983-03-24,10.58,10.61,
1983-03-25,10.64,10.7,
1983-03-28,10.66,10.71,
1983-03-29,10.6,10.66,
1983-03-30,10.59,10.65,
1983-03-31,10.62,10.69,
1983-04-04,10.6,10.67,
1983-04-05,10.49,10.55,
1983-04-06,10.49,10.54,
1983-04-07,10.51,10.56,
1983-04-08,10.51,10.58,
1983-04-11,10.41,10.46,
1983-04-12,10.42,10.46,
1983-04-13,10.39,10.44,
1983-04-14,10.29,10.37,
1983-04-15,10.33,10.4,
1983-04-18,10.29,10.35,
1983-04-19,10.39,10.46,
1983-04-20,10.39,10.48,
1983-04-21,10.43,10.53,
1983-04-22,10.42,10.52,
1983-04-25,10.4,10.48,
1983-04-26,10.37,10.47,
1983-04-27,10.29,10.43,
1983-04-28,10.31,10.41,
1983-04-29,10.27,10.38,
1983-05-02,10.26,10.39,
1983-05-03,10.26,10.38,
1983-05-04,10.12,10.27,
1983-05-05,10.16,10.3,
1983-05-06,10.13,10.28,
1983-05-09,10.25,10.37,
1983-05-10,10.16,10.3,
1983-05-11,10.18,10.33,
1983-05-12,10.23,10.4,
1983-05-13,10.22,10.37,
1983-05-16,10.37,10.54,
1983-05-17,10.41,10.58,
1983-05-18,10.43,10.6,
1983-05-19,10.49,10.67,
1983-05-20,10.54,10.69,
1983-05-23,10.57,10.71,
1983-05-24,10.56,10.69,
1983-05-25,10.58,10.71,
1983-05-26,10.63,10.76,
1983-05-27,10.62,10.78,
1983-05-31,10.81,10.97,
1983-06-01,10.77,10.91,
1983-06-02,10.78,10.91,
1983-06-03,10.79,10.93,
1983-06-06,10.79,10.9,
1983-06-07,10.85,10.97,
1983-06-08,10.92,11.02,
1983-06-09,10.88,10.96,
1983-06-10,10.89,10.95,
1983-06-13,10.75,10.84,
1983-06-14,10.77,10.88,
1983-06-15,10.72,10.81,
1983-06-16,10.64,10.72,
1983-06-17,10.68,10.77,
1983-06-20,10.8,10.85,
1983-06-21,10.79,10.86,
1983-06-22,10.83,10.9,
1983-06-23,10.9,10.95,
1983-06-24,11.02,11.06,
1983-06-27,11.11,11.16,
1983-06-28,11.04,11.1,
1983-06-29,10.99,11.06,
1983-06-30,10.96,11.01,
1983-07-01,10.93,11.0,
1983-07-05,11.21,11.25,
1983-07-06,11.16,11.21,
1983-07-07,11.29,11.31,
1983-07-08,11.33,11.37,
1983-07-11,11.28,11.29,
1983-07-12,11.42,11.45,
1983-07-13,11.4,11.44,
1983-07-14,11.38,11.38,
1983-07-15,11.51,11.47,
1983-07-18,11.41,11.37,
1983-07-19,11.36,11.33,
1983-07-20,11.28,11.28,
1983-07-21,11.32,11.34,
1983-07-22,11.43,11.48,
1983-07-25,11.41,11.42,
1983-07-26,11.49,11.5,
1983-07-27,11.51,11.53,
1983-07-28,11.66,11.68,
1983-07-29,11.76,11.8,
1983-08-01,11.8,11.82,
1983-08-02,11.82,11.78,
1983-08-03,11.92,11.87,
1983-08-04,12.12,12.12,
1983-08-05,12.1,12.07,
1983-08-08,12.2,12.15,
1983-08-09,12.13,12.09,
1983-08-10,12.17,12.13,
1983-08-11,12.04,12.0,
1983-08-12,11.96,11.89,
1983-08-15,11.76,11.71,
1983-08-16,11.71,11.7,
1983-08-17,11.65,11.61,
1983-08-18,11.7,11.68,
1983-08-19,11.72,11.73,
1983-08-22,11.54,11.51,
1983-08-23,11.57,11.56,
1983-08-24,11.54,11.52,
1983-08-25,11.62,11.57,
1983-08-26,11.65,11.6,
1983-08-29,11.86,11.81,
1983-08-30,11.9,11.89,
1983-08-31,11.98,11.96,
1983-09-01,11.97,11.95,
1983-09-02,12.01,11.97,
1983-09-06,11.85,11.82,
1983-09-07,11.7,11.68,
1983-09-08,11.77,11.73,
1983-09-09,11.73,11.7,
1983-09-12,11.56,11.56,
1983-09-13,11.63,11.61,
1983-09-14,11.76,11.73,
1983-09-15,11.82,11.8,
1983-09-16,11.68,11.65,
1983-09-19,11.66,11.65,
1983-09-20,11.57,11.57,
1983-09-21,11.64,11.6,
1983-09-22,11.6,11.56,
1983-09-23,11.49,11.47,
1983-09-26,11.41,11.42,
1983-09-27,11.45,11.44,
1983-09-28,11.49,11.47,
1983-09-29,11.5,11.48,
1983-09-30,11.44,11.44,
1983-10-03,11.47,11.48,
1983-10-04,11.46,11.47,
1983-10-05,11.35,11.38,
1983-10-06,11.31,11.36,
1983-10-07,11.33,11.38,
1983-10-11,11.57,11.61,
1983-10-12,11.59,11.62,
1983-10-13,11.65,11.69,
1983-10-14,11.58,11.61,
1983-10-17,11.47,11.51,
1983-10-18,11.49,11.56,
1983-10-19,11.49,11.51,
1983-10-20,11.47,11.51,
1983-10-21,11.43,11.47,
1983-10-24,11.66,11.69,
1983-10-25,11.7,11.73,
1983-10-26,11.72,11.73,
1983-10-27,11.66,11.71,
1983-10-28,11.68,11.74,
1983-10-31,11.74,11.78,
1983-11-01,11.69,11.77,
1983-11-02,11.7,11.76,
1983-11-03,11.75,11.83,
1983-11-04,11.85,11.91,
1983-11-07,11.85,11.9,
1983-11-09,11.84,11.87,
1983-11-10,11.71,11.74,
1983-11-14,11.68,11.73,
1983-11-15,11.7,11.72,
1983-11-16,11.7,11.76,
1983-11-17,11.72,11.78,
1983-11-18,11.72,11.79,
1983-11-21,11.65,11.7,
1983-11-22,11.57,11.64,
1983-11-23,11.59,11.65,
1983-11-25,11.55,11.63,
1983-11-28,11.63,11.7,
1983-11-29,11.58,11.62,
1983-11-30,11.63,11.67,
1983-12-01,11.63,11.67,
1983-12-02,11.75,11.79,
1983-12-05,11.78,11.81,
1983-12-06,11.76,11.81,
1983-12-07,11.79,11.83,
1983-12-08,11.89,11.93,
1983-12-09,11.9,11.95,
1983-12-12,11.87,11.94,
1983-12-13,11.95,12.0,
1983-12-14,11.97,12.01,
1983-12-15,11.96,11.99,
1983-12-16,11.88,11.94,
1983-12-19,11.87,11.94,
1983-12-20,11.86,11.94,
1983-12-21,11.83,11.91,
1983-12-22,11.77,11.84,
1983-12-23,11.79,11.86,
1983-12-27,11.75,11.8,
1983-12-28,11.81,11.84,
1983-12-29,11.79,11.84,
1983-12-30,11.82,11.87,
1984-01-03,11.86,11.93,
1984-01-04,11.78,11.83,
1984-01-05,11.77,11.84,
1984-01-06,11.73,11.82,
1984-01-09,11.75,11.84,
1984-01-10,11.71,11.79,
1984-01-11,11.76,11.83,
1984-01-12,11.76,11.81,
1984-01-13,11.59,11.67,
1984-01-16,11.54,11.62,
1984-01-17,11.57,11.65,
1984-01-18,11.61,11.7,
1984-01-19,11.6,11.68,
1984-01-20,11.64,11.71,
1984-01-23,11.63,11.69,
1984-01-24,11.63,11.69,
1984-01-25,11.64,11.72,
1984-01-26,11.63,11.7,
1984-01-27,11.63,11.73,
1984-01-30,11.66,11.74,
1984-01-31,11.67,11.78,
1984-02-01,11.64,11.74,
1984-02-02,11.6,11.71,
1984-02-03,11.6,11.72,
1984-02-06,11.7,11.79,
1984-02-07,11.71,11.79,
1984-02-08,11.72,11.83,
1984-02-09,11.73,11.84,
1984-02-10,11.83,11.92,
1984-02-14,11.85,11.95,
1984-02-15,11.81,11.92,
1984-02-16,11.83,11.94,
1984-02-17,11.92,12.02,
1984-02-21,11.91,12.02,
1984-02-22,11.93,12.06,
1984-02-23,12.05,12.17,
1984-02-24,11.99,12.1,
1984-02-27,12.05,12.16,
1984-02-28,12.09,12.22,
1984-02-29,12.04,12.14,
1984-03-01,12.07,12.16,
1984-03-02,11.99,12.05,
1984-03-05,12.07,12.17,
1984-03-06,12.09,12.19,
1984-03-07,12.22,12.31,
1984-03-08,12.24,12.33,
1984-03-09,12.28,12.35,
1984-03-12,12.24,12.33,
1984-03-13,12.27,12.37,
1984-03-14,12.31,12.4,
1984-03-15,12.31,12.39,
1984-03-16,12.34,12.43,
1984-03-19,12.45,12.53,
1984-03-20,12.44,12.51,
1984-03-21,12.45,12.53,
1984-03-22,12.49,12.53,
1984-03-23,12.48,12.5,
1984-03-26,12.46,12.48,
1984-03-27,12.46,12.5,
1984-03-28,12.42,12.44,
1984-03-29,12.41,12.42,
1984-03-30,12.53,12.52,
1984-04-02,12.56,12.55,
1984-04-03,12.65,12.63,
1984-04-04,12.67,12.67,
1984-04-05,12.65,12.67,
1984-04-06,12.51,12.5,
1984-04-09,12.47,12.48,
1984-04-10,12.52,12.54,
1984-04-11,12.5,12.51,
1984-04-12,12.4,12.41,
1984-04-13,12.57,12.58,
1984-04-16,12.61,12.65,
1984-04-17,12.57,12.62,
1984-04-18,12.7,12.73,
1984-04-19,12.77,12.81,
1984-04-23,12.8,12.82,
1984-04-24,12.75,12.75,
1984-04-25,12.69,12.71,
1984-04-26,12.67,12.68,
1984-04-27,12.79,12.82,
1984-04-30,12.82,12.86,
1984-05-01,12.82,12.87,
1984-05-02,12.86,12.9,
1984-05-03,12.89,12.92,
1984-05-04,13.07,13.08,
1984-05-07,13.13,13.17,
1984-05-08,13.09,13.12,
1984-05-09,13.21,13.26,
1984-05-10,13.25,13.3,
1984-05-11,13.46,13.51,
1984-05-14,13.58,13.62,
1984-05-15,13.48,13.5,
1984-05-16,13.41,13.46,
1984-05-17,13.54,13.57,
1984-05-18,13.45,13.46,
1984-05-21,13.43,13.46,
1984-05-22,13.52,13.53,
1984-05-23,13.54,13.56,
1984-05-24,13.72,13.73,
1984-05-25,13.75,13.72,
1984-05-29,13.89,13.85,
1984-05-30,13.99,13.94,
1984-05-31,13.91,13.84,
1984-06-01,13.63,13.58,
1984-06-04,13.42,13.37,
1984-06-05,13.37,13.35,
1984-06-06,13.54,13.47,
1984-06-07,13.54,13.48,
1984-06-08,13.46,13.42,
1984-06-11,13.58,13.48,
1984-06-12,13.54,13.39,
1984-06-13,13.44,13.29,
1984-06-14,13.39,13.28,
1984-06-15,13.21,13.14,
1984-06-18,13.27,13.16,
1984-06-19,13.38,13.3,
1984-06-20,13.65,13.49,
1984-06-21,13.72,13.55,
1984-06-22,13.74,13.55,
1984-06-25,13.75,13.56,
1984-06-26,13.79,13.6,
1984-06-27,13.76,13.56,
1984-06-28,13.8,13.57,
1984-06-29,13.84,13.64,
1984-07-02,13.87,13.64,
1984-07-03,13.8,13.52,
1984-07-05,13.77,13.55,
1984-07-06,13.75,13.55,
1984-07-09,13.48,13.28,
1984-07-10,13.53,13.28,
1984-07-11,13.55,13.33,
1984-07-12,13.42,13.2,
1984-07-13,13.3,13.12,
1984-07-16,13.32,13.12,
1984-07-17,13.37,13.18,
1984-07-18,13.32,13.14,
1984-07-19,13.25,13.12,
1984-07-20,13.36,13.26,
1984-07-23,13.35,13.27,
1984-07-24,13.31,13.25,
1984-07-25,13.06,12.97,
1984-07-26,12.89,12.88,
1984-07-27,12.95,12.91,
1984-07-30,13.05,12.99,
1984-07-31,12.91,12.87,
1984-08-01,12.81,12.78,
1984-08-02,12.74,12.7,
1984-08-03,12.61,12.59,
1984-08-06,12.73,12.69,
1984-08-07,12.69,12.64,
1984-08-08,12.66,12.62,
1984-08-09,12.61,12.47,
1984-08-10,12.68,12.47,
1984-08-13,12.74,12.54,
1984-08-14,12.67,12.48,
1984-08-15,12.74,12.57,
1984-08-16,12.7,12.51,
1984-08-17,12.7,12.46,
1984-08-20,12.69,12.41,
1984-08-21,12.62,12.35,
1984-08-22,12.65,12.43,
1984-08-23,12.69,12.45,
1984-08-24,12.66,12.44,
1984-08-27,12.81,12.6,
1984-08-28,12.81,12.57,
1984-08-29,12.83,12.57,
1984-08-30,12.84,12.56,
1984-08-31,12.79,12.51,
1984-09-04,12.88,12.57,
1984-09-05,12.92,12.61,
1984-09-06,12.81,12.48,
1984-09-07,12.7,12.44,
1984-09-10,12.62,12.37,
1984-09-11,12.54,12.31,
1984-09-12,12.55,12.33,
1984-09-13,12.44,12.22,
1984-09-14,12.42,12.22,
1984-09-17,12.4,12.18,
1984-09-18,12.35,12.15,
1984-09-19,12.25,12.07,
1984-09-20,12.28,12.08,
1984-09-21,12.45,12.22,
1984-09-24,12.52,12.31,
1984-09-25,12.56,12.34,
1984-09-26,12.46,12.27,
1984-09-27,12.31,12.12,
1984-09-28,12.47,12.28,
1984-10-01,12.54,12.35,
1984-10-02,12.54,12.35,
1984-10-03,12.54,12.36,
1984-10-04,12.52,12.31,
1984-10-05,12.39,12.2,
1984-10-09,12.36,12.18,
1984-10-10,12.36,12.19,
1984-10-11,12.31,12.15,
1984-10-12,12.28,12.12,
1984-10-15,12.34,12.16,
1984-10-16,12.32,12.15,
1984-10-17,12.28,12.08,
1984-10-18,12.09,11.88,
1984-10-19,11.93,11.74,
1984-10-22,11.9,11.69,
1984-10-23,11.78,11.64,
1984-10-24,11.74,11.62,
1984-10-25,11.83,11.68,
1984-10-26,11.99,11.78,
1984-10-29,11.95,11.75,
1984-10-30,11.75,11.61,
1984-10-31,11.79,11.64,
1984-11-01,11.66,11.53,
1984-11-02,11.66,11.55,
1984-11-05,11.6,11.5,
1984-11-07,11.72,11.63,
1984-11-08,11.81,11.78,
1984-11-09,11.71,11.66,
1984-11-13,11.78,11.74,
1984-11-14,11.81,11.78,
1984-11-15,11.73,11.7,
1984-11-16,11.69,11.67,
1984-11-19,11.61,11.6,
1984-11-20,11.53,11.56,
1984-11-21,11.39,11.46,
1984-11-23,11.24,11.32,
1984-11-26,11.28,11.35,
1984-11-27,11.28,11.33,
1984-11-28,11.38,11.44,
1984-11-29,11.42,11.47,
1984-11-30,11.58,11.58,
1984-12-03,11.56,11.56,
1984-12-04,11.52,11.53,
1984-12-05,11.52,11.53,
1984-12-06,11.61,11.62,
1984-12-07,11.7,11.7,
1984-12-10,11.66,11.66,
1984-12-11,11.57,11.59,
1984-12-12,11.54,11.56,
1984-12-13,11.7,11.67,
1984-12-14,11.56,11.56,
1984-12-17,11.49,11.5,
1984-12-18,11.29,11.35,
1984-12-19,11.34,11.38,
1984-12-20,11.37,11.43,
1984-12-21,11.34,11.38,
1984-12-24,11.31,11.36,
1984-12-26,11.45,11.46,
1984-12-27,11.45,11.48,
1984-12-28,11.46,11.49,
1984-12-31,11.55,11.54,
1985-01-02,11.7,11.69,
1985-01-03,11.62,11.64,
1985-01-04,11.67,11.7,
1985-01-07,11.5,11.53,
1985-01-08,11.45,11.49,
1985-01-09,11.47,11.5,
1985-01-10,11.48,11.53,
1985-01-11,11.59,11.64,
1985-01-14,11.6,11.68,
1985-01-15,11.49,11.57,
1985-01-16,11.51,11.59,
1985-01-17,11.48,11.59,
1985-01-18,11.39,11.51,
1985-01-22,11.27,11.38,
1985-01-23,11.21,11.33,
1985-01-24,11.06,11.18,
1985-01-25,11.11,11.21,
1985-01-28,11.11,11.2,
1985-01-29,11.11,11.18,
1985-01-30,11.08,11.16,
1985-01-31,11.17,11.21,
1985-02-01,11.29,11.32,
1985-02-04,11.35,11.34,
1985-02-05,11.3,11.3,
1985-02-06,11.4,11.37,
1985-02-07,11.41,11.29,
1985-02-08,11.37,11.27,
1985-02-11,11.42,11.35,
1985-02-13,11.39,11.31,
1985-02-14,11.29,11.24,
1985-02-15,11.38,11.37,
1985-02-19,11.37,11.35,
1985-02-20,11.52,11.5,
1985-02-21,11.64,11.58,
1985-02-22,11.76,11.71,
1985-02-25,11.75,11.71,
1985-02-26,11.72,11.67,
1985-02-27,11.89,11.88,
1985-02-28,11.91,11.9,
1985-03-01,11.86,11.82,
1985-03-04,11.93,11.91,
1985-03-05,11.86,11.83,
1985-03-06,11.92,11.89,
1985-03-07,11.94,11.93,
1985-03-08,11.71,11.71,
1985-03-11,11.72,11.71,
1985-03-12,11.78,11.74,
1985-03-13,11.9,11.83,
1985-03-14,11.92,11.84,
1985-03-15,11.93,11.86,
1985-03-18,12.02,11.97,
1985-03-19,11.99,11.93,
1985-03-20,11.91,11.84,
1985-03-21,11.82,11.77,
1985-03-22,11.88,11.83,
1985-03-25,11.86,11.79,
1985-03-26,11.77,11.72,
1985-03-27,11.84,11.78,
1985-03-28,11.75,11.73,
1985-03-29,11.65,11.64,
1985-04-01,11.66,11.65,
1985-04-02,11.7,11.68,
1985-04-03,11.73,11.71,
1985-04-04,11.75,11.74,
1985-04-08,11.77,11.75,
1985-04-09,11.66,11.66,
1985-04-10,11.58,11.54,
1985-04-11,11.42,11.4,
1985-04-12,11.43,11.42,
1985-04-15,11.37,11.37,
1985-04-16,11.25,11.3,
1985-04-17,11.29,11.33,
1985-04-18,11.13,11.21,
1985-04-19,11.16,11.26,
1985-04-22,11.13,11.23,
1985-04-23,11.25,11.34,
1985-04-24,11.25,11.36,
1985-04-25,11.37,11.44,
1985-04-26,11.35,11.42,
1985-04-29,11.47,11.54,
1985-04-30,11.41,11.48,
1985-05-01,11.27,11.37,
1985-05-02,11.29,11.36,
1985-05-03,11.21,11.31,
1985-05-06,11.19,11.3,
1985-05-07,11.17,11.29,
1985-05-08,11.26,11.39,
1985-05-09,11.2,11.34,
1985-05-10,11.04,11.2,
1985-05-13,11.04,11.2,
1985-05-14,10.87,11.07,
1985-05-15,10.89,11.08,
1985-05-16,10.81,11.02,
1985-05-17,10.84,11.05,
1985-05-20,10.56,10.82,
1985-05-21,10.6,10.85,
1985-05-22,10.62,10.9,
1985-05-23,10.64,10.91,
1985-05-24,10.57,10.85,
1985-05-28,10.43,10.72,
1985-05-29,10.46,10.73,
1985-05-30,10.39,10.67,
1985-05-31,10.28,10.58,
1985-06-03,10.05,10.4,
1985-06-04,10.05,10.39,
1985-06-05,9.83,10.25,
1985-06-06,9.89,10.29,
1985-06-07,10.19,10.52,
1985-06-10,10.16,10.47,
1985-06-11,10.08,10.41,
1985-06-12,10.16,10.46,
1985-06-13,10.21,10.51,
1985-06-14,9.98,10.31,
1985-06-17,9.97,10.28,
1985-06-18,9.9,10.23,
1985-06-19,10.04,10.37,
1985-06-20,10.14,10.44,
1985-06-21,10.34,10.57,
1985-06-24,10.45,10.64,
1985-06-25,10.5,10.67,
1985-06-26,10.54,10.68,
1985-06-27,10.39,10.54,
1985-06-28,10.25,10.47,
1985-07-01,10.19,10.44,
1985-07-02,10.2,10.43,
1985-07-03,10.23,10.45,
1985-07-05,9.93,10.23,
1985-07-08,10.05,10.31,
1985-07-09,10.05,10.31,
1985-07-10,10.07,10.33,
1985-07-11,10.22,10.43,
1985-07-12,10.23,10.42,
1985-07-15,10.22,10.42,
1985-07-16,10.15,10.37,
1985-07-17,10.12,10.32,
1985-07-18,10.3,10.48,
1985-07-19,10.34,10.52,
1985-07-22,10.46,10.6,
1985-07-23,10.47,10.6,
1985-07-24,10.51,10.63,
1985-07-25,10.52,10.64,
1985-07-26,10.59,10.72,
1985-07-29,10.67,10.79,
1985-07-30,10.66,10.78,
1985-07-31,10.57,10.7,
1985-08-01,10.51,10.62,
1985-08-02,10.66,10.77,
1985-08-05,10.64,10.73,
1985-08-06,10.65,10.75,
1985-08-07,10.55,10.71,
1985-08-08,10.43,10.63,
1985-08-09,10.37,10.61,
1985-08-12,10.38,10.66,
1985-08-13,10.46,10.71,
1985-08-14,10.38,10.61,
1985-08-15,10.36,10.64,
1985-08-16,10.26,10.54,
1985-08-19,10.23,10.5,
1985-08-20,10.2,10.48,
1985-08-21,10.12,10.42,
1985-08-22,10.1,10.41,
1985-08-23,10.14,10.42,
1985-08-26,10.18,10.46,
1985-08-27,10.12,10.38,
1985-08-28,10.16,10.41,
1985-08-29,10.12,10.37,
1985-08-30,10.28,10.48,
1985-09-03,10.24,10.46,
1985-09-04,10.16,10.4,
1985-09-05,10.27,10.49,
1985-09-06,10.5,10.73,
1985-09-09,10.49,10.73,
1985-09-10,10.48,10.71,
1985-09-11,10.51,10.73,
1985-09-12,10.52,10.73,
1985-09-13,10.4,10.62,
1985-09-16,10.37,10.58,
1985-09-17,10.41,10.64,
1985-09-18,10.43,10.67,
1985-09-19,10.43,10.65,
1985-09-20,10.36,10.58,
1985-09-23,10.39,10.64,
1985-09-24,10.33,10.62,
1985-09-25,10.27,10.56,
1985-09-26,10.22,10.5,
1985-09-30,10.31,10.57,
1985-10-01,10.29,10.55,
1985-10-02,10.3,10.59,
1985-10-03,10.32,10.59,
1985-10-04,10.36,10.61,
1985-10-07,10.42,10.66,
1985-10-08,10.36,10.63,
1985-10-09,10.37,10.64,
1985-10-10,10.35,10.61,
1985-10-11,10.34,10.61,
1985-10-15,10.3,10.56,
1985-10-16,10.25,10.52,
1985-10-17,10.21,10.47,
1985-10-18,10.17,10.44,
1985-10-21,10.18,10.44,
1985-10-22,10.12,10.39,
1985-10-23,10.14,10.39,
1985-10-24,10.15,10.41,
1985-10-25,10.21,10.47,
1985-10-28,10.28,10.53,
1985-10-29,10.11,10.37,
1985-10-30,9.97,10.26,
1985-10-31,10.01,10.28,
1985-11-01,9.98,10.24,
1985-11-04,9.98,10.23,
1985-11-05,9.93,10.18,
1985-11-06,9.93,10.19,
1985-11-07,9.91,10.18,
1985-11-08,9.84,10.13,
1985-11-12,9.74,10.03,
1985-11-13,9.78,10.07,
1985-11-14,9.84,10.12,
1985-11-15,9.92,10.18,
1985-11-18,9.72,10.03,
1985-11-19,9.73,10.0,
1985-11-20,9.72,10.0,
1985-11-21,9.58,9.93,
1985-11-22,9.66,9.95,
1985-11-25,9.68,9.98,
1985-11-26,9.68,9.96,
1985-11-27,9.64,9.91,
1985-11-29,9.59,9.86,
1985-12-02,9.69,9.94,
1985-12-03,9.68,9.92,
1985-12-04,9.63,9.88,
1985-12-05,9.62,9.88,
1985-12-06,9.65,9.9,
1985-12-09,9.49,9.77,
1985-12-10,9.36,9.65,
1985-12-11,9.2,9.53,
1985-12-12,9.27,9.58,
1985-12-13,9.21,9.53,
1985-12-16,9.16,9.45,
1985-12-17,9.04,9.35,
1985-12-18,9.11,9.4,
1985-12-19,9.1,9.37,
1985-12-20,9.04,9.33,
1985-12-23,9.08,9.34,
1985-12-24,9.07,9.33,
1985-12-26,9.04,9.31,
1985-12-27,8.99,9.27,
1985-12-30,9.01,9.28,
1985-12-31,9.0,9.27,
1986-01-02,9.04,9.28,
1986-01-03,9.05,9.3,
1986-01-06,9.07,9.31,
1986-01-07,8.94,9.18,
1986-01-08,9.13,9.36,
1986-01-09,9.27,9.45,
1986-01-10,9.39,9.54,
1986-01-13,9.49,9.65,
1986-01-14,9.43,9.56,
1986-01-15,9.31,9.42,
1986-01-16,9.3,9.43,
1986-01-17,9.24,9.4,
1986-01-21,9.22,9.4,
1986-01-22,9.28,9.45,
1986-01-23,9.23,9.42,
1986-01-24,9.23,9.45,
1986-01-27,9.13,9.37,
1986-01-28,9.05,9.3,
1986-01-29,9.09,9.35,
1986-01-30,9.1,9.36,
1986-01-31,9.08,9.34,
1986-02-03,9.02,9.28,
1986-02-04,8.96,9.23,
1986-02-05,8.97,9.28,
1986-02-06,9.03,9.25,
1986-02-07,9.11,9.32,
1986-02-10,9.0,9.23,
1986-02-11,8.93,9.16,
1986-02-12,8.91,9.13,
1986-02-13,8.85,9.08,
1986-02-14,8.68,8.93,
1986-02-18,8.64,8.89,
1986-02-19,8.7,8.92,
1986-02-20,8.67,8.88,
1986-02-21,8.48,8.73,
1986-02-24,8.39,8.61,
1986-02-25,8.4,8.6,
1986-02-26,8.36,8.54,
1986-02-27,8.15,8.32,
1986-02-28,8.13,8.27,
1986-03-03,7.99,8.16,
1986-03-04,7.93,8.1,
1986-03-05,8.12,8.26,
1986-03-06,8.04,8.19,
1986-03-07,7.96,8.15,
1986-03-10,7.76,8.0,
1986-03-11,7.7,7.94,
1986-03-12,7.68,7.91,
1986-03-13,7.75,7.95,
1986-03-14,7.72,7.95,
1986-03-17,7.77,7.97,
1986-03-18,7.83,8.0,
1986-03-19,7.82,8.0,
1986-03-20,7.78,7.95,
1986-03-21,7.8,7.98,
1986-03-24,7.7,7.89,
1986-03-25,7.7,7.9,
1986-03-26,7.64,7.82,
1986-03-27,7.49,7.63,
1986-03-31,7.39,7.44,
1986-04-01,7.37,7.47,
1986-04-02,7.33,7.43,
1986-04-03,7.41,7.46,
1986-04-04,7.45,7.53,
1986-04-07,7.43,7.54,
1986-04-08,7.31,7.39,
1986-04-09,7.27,7.33,
1986-04-10,7.23,7.31,
1986-04-11,7.29,7.37,
1986-04-14,7.19,7.29,
1986-04-15,7.22,7.34,
1986-04-16,6.98,7.14,
1986-04-17,7.03,7.16,
1986-04-18,7.09,7.19,
1986-04-21,7.04,7.16,
1986-04-22,7.25,7.28,
1986-04-23,7.36,7.45,
1986-04-24,7.51,7.59,
1986-04-25,7.58,7.61,
1986-04-28,7.48,7.54,
1986-04-29,7.38,7.45,
1986-04-30,7.38,7.47,
1986-05-01,7.45,7.54,
1986-05-02,7.51,7.62,
1986-05-05,7.45,7.49,
1986-05-06,7.46,7.5,
1986-05-07,7.43,7.53,
1986-05-08,7.4,7.36,
1986-05-09,7.48,7.37,
1986-05-12,7.67,7.41,
1986-05-13,7.63,7.42,
1986-05-14,7.66,7.43,
1986-05-15,7.79,7.5,
1986-05-16,7.99,7.64,
1986-05-19,7.98,7.68,
1986-05-20,7.88,7.58,
1986-05-21,7.9,7.58,
1986-05-22,7.88,7.5,
1986-05-23,7.84,7.45,
1986-05-27,7.73,7.41,
1986-05-28,7.73,7.45,
1986-05-29,7.99,7.66,
1986-05-30,8.05,7.74,
1986-06-02,8.32,7.91,
1986-06-03,8.19,7.81,
1986-06-04,8.39,7.93,
1986-06-05,8.31,7.9,
1986-06-06,7.95,7.65,
1986-06-09,8.13,7.79,
1986-06-10,8.07,7.78,
1986-06-11,8.01,7.7,
1986-06-12,7.98,7.7,
1986-06-13,7.73,7.52,
1986-06-16,7.63,7.43,
1986-06-17,7.63,7.43,
1986-06-18,7.57,7.44,
1986-06-19,7.69,7.52,
1986-06-20,7.6,7.47,
1986-06-23,7.55,7.43,
1986-06-24,7.47,7.39,
1986-06-25,7.42,7.36,
1986-06-26,7.42,7.35,
1986-06-27,7.38,7.29,
1986-06-30,7.35,7.24,
1986-07-01,7.37,7.21,
1986-07-02,7.37,7.22,
1986-07-03,7.31,7.18,
1986-07-07,7.31,7.16,
1986-07-08,7.44,7.23,
1986-07-09,7.31,7.15,
1986-07-10,7.31,7.16,
1986-07-11,7.3,7.19,
1986-07-14,7.25,7.14,
1986-07-15,7.16,7.12,
1986-07-16,7.2,7.17,
1986-07-17,7.18,7.2,
1986-07-18,7.16,7.19,
1986-07-21,7.14,7.17,
1986-07-22,7.2,7.27,
1986-07-23,7.29,7.36,
1986-07-24,7.35,7.41,
1986-07-25,7.33,7.4,
1986-07-28,7.53,7.59,
1986-07-29,7.41,7.5,
1986-07-30,7.41,7.51,
1986-07-31,7.34,7.46,
1986-08-01,7.34,7.46,
1986-08-04,7.33,7.46,
1986-08-05,7.39,7.54,
1986-08-06,7.47,7.57,
1986-08-07,7.45,7.56,
1986-08-08,7.3,7.41,
1986-08-11,7.25,7.35,
1986-08-12,7.23,7.34,
1986-08-13,7.15,7.28,
1986-08-14,7.16,7.29,
1986-08-15,7.14,7.29,
1986-08-18,7.14,7.28,
1986-08-19,7.02,7.19,
1986-08-20,7.0,7.17,
1986-08-21,6.96,7.19,
1986-08-22,7.07,7.27,
1986-08-25,7.06,7.25,
1986-08-26,6.97,7.2,
1986-08-27,7.06,7.28,
1986-08-28,7.04,7.26,
1986-08-29,6.95,7.21,
1986-09-02,7.03,7.23,
1986-09-03,7.2,7.43,
1986-09-04,7.15,7.4,
1986-09-05,7.32,7.54,
1986-09-08,7.38,7.59,
1986-09-09,7.35,7.53,
1986-09-10,7.35,7.54,
1986-09-11,7.57,7.74,
1986-09-12,7.63,7.74,
1986-09-15,7.53,7.66,
1986-09-16,7.53,7.67,
1986-09-17,7.46,7.64,
1986-09-18,7.62,7.74,
1986-09-19,7.67,7.83,
1986-09-22,7.62,7.79,
1986-09-23,7.58,7.76,
1986-09-24,7.48,7.64,
1986-09-25,7.47,7.64,
1986-09-26,7.47,7.63,
1986-09-29,7.54,7.69,
1986-09-30,7.45,7.6,
1986-10-01,7.41,7.57,
1986-10-02,7.45,7.61,
1986-10-03,7.31,7.53,
1986-10-06,7.28,7.53,
1986-10-07,7.28,7.54,
1986-10-08,7.31,7.6,
1986-10-09,7.33,7.63,
1986-10-10,7.36,7.66,
1986-10-14,7.49,7.79,
1986-10-15,7.51,7.78,
1986-10-16,7.53,7.81,
1986-10-17,7.57,7.84,
1986-10-20,7.66,7.92,
1986-10-21,7.57,7.84,
1986-10-22,7.49,7.78,
1986-10-23,7.43,7.72,
1986-10-24,7.47,7.76,
1986-10-27,7.42,7.71,
1986-10-28,7.45,7.75,
1986-10-29,7.41,7.71,
1986-10-30,7.31,7.61,
1986-10-31,7.34,7.61,
1986-11-03,7.29,7.57,
1986-11-04,7.31,7.59,
1986-11-05,7.24,7.58,
1986-11-06,7.32,7.55,
1986-11-07,7.4,7.63,
1986-11-10,7.38,7.64,
1986-11-12,7.35,7.59,
1986-11-13,7.33,7.59,
1986-11-14,7.29,7.53,
1986-11-17,7.22,7.48,
1986-11-18,7.27,7.52,
1986-11-19,7.19,7.44,
1986-11-20,7.19,7.45,
1986-11-21,7.17,7.44,
1986-11-24,7.11,7.4,
1986-11-25,7.15,7.44,
1986-11-26,7.15,7.42,
1986-11-28,7.15,7.41,
1986-12-01,7.18,7.42,
1986-12-02,7.08,7.34,
1986-12-03,7.06,7.31,
1986-12-04,7.01,7.29,
1986-12-05,7.12,7.38,
1986-12-08,7.1,7.34,
1986-12-09,7.07,7.33,
1986-12-10,7.05,7.32,
1986-12-11,7.12,7.38,
1986-12-12,7.13,7.39,
1986-12-15,7.15,7.41,
1986-12-16,7.12,7.39,
1986-12-17,7.12,7.39,
1986-12-18,7.11,7.38,
1986-12-19,7.1,7.36,
1986-12-22,7.1,7.36,
1986-12-23,7.08,7.34,
1986-12-24,7.07,7.34,
1986-12-26,7.08,7.34,
1986-12-29,7.17,7.41,
1986-12-30,7.23,7.46,
1986-12-31,7.23,7.49,
1987-01-02,7.18,7.44,
1987-01-05,7.08,7.35,
1987-01-06,7.08,7.36,
1987-01-07,7.05,7.33,
1987-01-08,7.04,7.31,
1987-01-09,7.01,7.29,
1987-01-12,7.05,7.33,
1987-01-13,7.1,7.37,
1987-01-14,7.11,7.41,
1987-01-15,7.08,7.39,
1987-01-16,7.03,7.34,
1987-01-20,7.01,7.32,
1987-01-21,7.01,7.33,
1987-01-22,7.03,7.36,
1987-01-23,7.06,7.42,
1987-01-26,7.17,7.49,
1987-01-27,7.16,7.49,
1987-01-28,7.13,7.46,
1987-01-29,7.13,7.45,
1987-01-30,7.18,7.48,
1987-02-02,7.23,7.52,
1987-02-03,7.25,7.53,
1987-02-04,7.23,7.51,
1987-02-05,7.2,7.47,
1987-02-06,7.19,7.47,
1987-02-09,7.25,7.53,
1987-02-10,7.33,7.61,
1987-02-11,7.37,7.64,
1987-02-12,7.31,7.59,
1987-02-13,7.28,7.57,
1987-02-17,7.33,7.63,
1987-02-18,7.3,7.6,
1987-02-19,7.23,7.55,
1987-02-20,7.24,7.55,
1987-02-23,7.23,7.53,
1987-02-24,7.18,7.48,
1987-02-25,7.21,7.5,
1987-02-26,7.21,7.5,
1987-02-27,7.19,7.48,
1987-03-02,7.17,7.46,
1987-03-03,7.21,7.49,
1987-03-04,7.14,7.44,
1987-03-05,7.16,7.45,
1987-03-06,7.23,7.52,
1987-03-09,7.23,7.53,
1987-03-10,7.23,7.53,
1987-03-11,7.23,7.53,
1987-03-12,7.22,7.52,
1987-03-13,7.19,7.49,
1987-03-16,7.22,7.52,
1987-03-17,7.2,7.51,
1987-03-18,7.21,7.52,
1987-03-19,7.21,7.51,
1987-03-20,7.22,7.53,
1987-03-23,7.25,7.56,
1987-03-24,7.27,7.59,
1987-03-25,7.26,7.58,
1987-03-26,7.24,7.56,
1987-03-27,7.33,7.64,
1987-03-30,7.54,7.84,
1987-03-31,7.51,7.81,
1987-04-01,7.59,7.89,
1987-04-02,7.59,7.9,
1987-04-03,7.59,7.89,
1987-04-06,7.54,7.84,
1987-04-07,7.62,7.92,
1987-04-08,7.61,7.9,
1987-04-09,7.78,8.06,
1987-04-10,7.98,8.19,
1987-04-13,8.07,8.26,
1987-04-14,8.28,8.4,
1987-04-15,8.1,8.32,
1987-04-16,8.03,8.22,
1987-04-20,8.2,8.39,
1987-04-21,8.19,8.38,
1987-04-22,8.24,8.44,
1987-04-23,8.39,8.51,
1987-04-24,8.47,8.69,
1987-04-27,8.37,8.59,
1987-04-28,8.28,8.5,
1987-04-29,8.35,8.56,
1987-04-30,8.21,8.45,
1987-05-01,8.39,8.59,
1987-05-04,8.52,8.72,
1987-05-05,8.45,8.64,
1987-05-06,8.54,8.75,
1987-05-07,8.5,8.63,
1987-05-08,8.43,8.61,
1987-05-11,8.57,8.76,
1987-05-12,8.55,8.72,
1987-05-13,8.55,8.71,
1987-05-14,8.57,8.73,
1987-05-15,8.8,8.92,
1987-05-18,8.73,8.88,
1987-05-19,8.89,9.06,
1987-05-20,8.92,9.07,
1987-05-21,8.87,9.03,
1987-05-22,8.78,8.95,
1987-05-26,8.55,8.69,
1987-05-27,8.6,8.75,
1987-05-28,8.56,8.74,
1987-05-29,8.49,8.65,
1987-06-01,8.45,8.63,
1987-06-02,8.72,8.9,
1987-06-03,8.64,8.79,
1987-06-04,8.58,8.76,
1987-06-05,8.5,8.66,
1987-06-08,8.53,8.68,
1987-06-09,8.56,8.73,
1987-06-10,8.56,8.72,
1987-06-11,8.52,8.69,
1987-06-12,8.32,8.5,
1987-06-15,8.28,8.46,
1987-06-16,8.28,8.47,
1987-06-17,8.23,8.42,
1987-06-18,8.27,8.45,
1987-06-19,8.3,8.48,
1987-06-22,8.23,8.41,
1987-06-23,8.23,8.41,
1987-06-24,8.31,8.47,
1987-06-25,8.25,8.4,
1987-06-26,8.37,8.5,
1987-06-29,8.34,8.49,
1987-06-30,8.38,8.51,
1987-07-01,8.36,8.49,
1987-07-02,8.3,8.43,
1987-07-06,8.29,8.42,
1987-07-07,8.28,8.4,
1987-07-08,8.32,8.45,
1987-07-09,8.37,8.52,
1987-07-10,8.32,8.46,
1987-07-13,8.38,8.54,
1987-07-14,8.33,8.51,
1987-07-15,8.43,8.61,
1987-07-16,8.41,8.59,
1987-07-17,8.36,8.55,
1987-07-20,8.41,8.61,
1987-07-21,8.49,8.72,
1987-07-22,8.54,8.78,
1987-07-23,8.56,8.8,
1987-07-24,8.58,8.83,
1987-07-27,8.6,8.84,
1987-07-28,8.62,8.86,
1987-07-29,8.61,8.85,
1987-07-30,8.61,8.84,
1987-07-31,8.66,8.89,
1987-08-03,8.81,9.02,
1987-08-04,8.81,9.04,
1987-08-05,8.71,8.95,
1987-08-06,8.73,8.96,
1987-08-07,8.7,8.93,
1987-08-10,8.74,8.96,
1987-08-11,8.73,8.95,
1987-08-12,8.72,8.95,
1987-08-13,8.63,8.85,
1987-08-14,8.58,8.77,
1987-08-17,8.56,8.77,
1987-08-18,8.73,8.95,
1987-08-19,8.77,8.98,
1987-08-20,8.74,8.94,
1987-08-21,8.77,8.97,
1987-08-24,8.78,8.99,
1987-08-25,8.73,8.94,
1987-08-26,8.79,8.99,
1987-08-27,8.92,9.11,
1987-08-28,9.02,9.18,
1987-08-31,9.0,9.17,
1987-09-01,9.05,9.24,
1987-09-02,9.28,9.45,
1987-09-03,9.29,9.47,
1987-09-04,9.3,9.47,
1987-09-08,9.5,9.65,
1987-09-09,9.48,9.66,
1987-09-10,9.42,9.6,
1987-09-11,9.33,9.5,
1987-09-14,9.34,9.52,
1987-09-15,9.44,9.64,
1987-09-16,9.52,9.7,
1987-09-17,9.48,9.65,
1987-09-18,9.38,9.56,
1987-09-21,9.45,9.63,
1987-09-22,9.37,9.53,
1987-09-23,9.4,9.55,
1987-09-24,9.51,9.67,
1987-09-25,9.53,9.68,
1987-09-28,9.52,9.67,
1987-09-29,9.64,9.8,
1987-09-30,9.63,9.79,
1987-10-01,9.66,9.8,
1987-10-02,9.6,9.7,
1987-10-05,9.69,9.79,
1987-10-06,9.72,9.81,
1987-10-07,9.71,9.79,
1987-10-08,9.86,9.86,
1987-10-09,9.94,9.96,
1987-10-13,9.9,9.92,
1987-10-14,10.13,10.12,
1987-10-15,10.18,10.24,
1987-10-16,10.23,10.24,
1987-10-19,10.15,10.25,
1987-10-20,9.4,9.49,
1987-10-21,9.3,9.44,
1987-10-22,8.97,9.15,
1987-10-23,8.98,9.11,
1987-10-26,8.8,8.94,
1987-10-27,8.92,9.04,
1987-10-28,9.01,9.14,
1987-10-29,8.89,9.08,
1987-10-30,8.88,9.03,
1987-11-02,8.98,9.13,
1987-11-03,8.91,9.03,
1987-11-04,8.85,8.92,
1987-11-05,8.72,8.8,
1987-11-06,8.76,8.85,
1987-11-09,8.78,8.86,
1987-11-10,8.79,8.88,
1987-11-12,8.8,8.88,
1987-11-13,8.84,8.93,
1987-11-16,8.82,8.9,
1987-11-17,8.86,8.94,
1987-11-18,8.85,8.94,
1987-11-19,8.83,8.92,
1987-11-20,8.79,8.88,
1987-11-23,8.8,8.89,
1987-11-24,8.89,9.0,
1987-11-25,8.98,9.06,
1987-11-27,9.11,9.18,
1987-11-30,8.99,9.1,
1987-12-01,9.01,9.15,
1987-12-02,9.01,9.15,
1987-12-03,8.94,9.09,
1987-12-04,8.94,9.12,
1987-12-07,9.07,9.22,
1987-12-08,9.09,9.26,
1987-12-09,9.05,9.22,
1987-12-10,9.23,9.4,
1987-12-11,9.28,9.45,
1987-12-14,9.23,9.41,
1987-12-15,9.09,9.24,
1987-12-16,9.0,9.14,
1987-12-17,9.03,9.15,
1987-12-18,8.89,8.96,
1987-12-21,8.88,9.01,
1987-12-22,8.95,9.05,
1987-12-23,8.83,8.91,
1987-12-24,8.82,8.9,
1987-12-28,8.93,9.01,
1987-12-29,8.85,8.95,
1987-12-30,8.78,8.9,
1987-12-31,8.83,8.95,
1988-01-04,8.83,8.95,
1988-01-05,8.76,8.88,
1988-01-06,8.82,8.97,
1988-01-07,8.83,8.97,
1988-01-08,8.97,9.12,
1988-01-11,8.94,9.1,
1988-01-12,8.93,9.1,
1988-01-13,8.87,9.05,
1988-01-14,8.86,9.05,
1988-01-15,8.6,8.76,
1988-01-19,8.65,8.81,
1988-01-20,8.61,8.78,
1988-01-21,8.53,8.7,
1988-01-22,8.49,8.67,
1988-01-25,8.45,8.62,
1988-01-26,8.54,8.71,
1988-01-27,8.38,8.55,
1988-01-28,8.33,8.49,
1988-01-29,8.26,8.42,
1988-02-01,8.26,8.42,
1988-02-02,8.18,8.32,
1988-02-03,8.21,8.39,
1988-02-04,8.24,8.46,
1988-02-05,8.12,8.36,
1988-02-08,8.19,8.41,
1988-02-09,8.16,8.4,
1988-02-10,8.11,8.35,
1988-02-11,8.16,8.4,
1988-02-12,8.28,8.5,
1988-02-16,8.31,8.53,
1988-02-17,8.32,8.54,
1988-02-18,8.28,8.51,
1988-02-19,8.26,8.5,
1988-02-22,8.24,8.48,
1988-02-23,8.17,8.4,
1988-02-24,8.18,8.41,
1988-02-25,8.23,8.45,
1988-02-26,8.18,8.42,
1988-02-29,8.16,8.39,
1988-03-01,8.15,8.4,
1988-03-02,8.13,8.37,
1988-03-03,8.12,8.36,
1988-03-04,8.28,8.52,
1988-03-07,8.3,8.54,
1988-03-08,8.33,8.58,
1988-03-09,8.32,8.58,
1988-03-10,8.35,8.6,
1988-03-11,8.29,8.55,
1988-03-14,8.29,8.55,
1988-03-15,8.3,8.56,
1988-03-16,8.36,8.63,
1988-03-17,8.3,8.57,
1988-03-18,8.41,8.69,
1988-03-21,8.47,8.74,
1988-03-22,8.46,8.73,
1988-03-23,8.47,8.76,
1988-03-24,8.51,8.77,
1988-03-25,8.47,8.72,
1988-03-28,8.58,8.83,
1988-03-29,8.56,8.81,
1988-03-30,8.57,8.83,
1988-03-31,8.57,8.82,
1988-04-04,8.68,8.92,
1988-04-05,8.67,8.9,
1988-04-06,8.61,8.83,
1988-04-07,8.6,8.82,
1988-04-08,8.52,8.74,
1988-04-11,8.59,8.82,
1988-04-12,8.57,8.79,
1988-04-13,8.56,8.77,
1988-04-14,8.67,8.91,
1988-04-15,8.74,8.97,
1988-04-18,8.81,9.03,
1988-04-19,8.81,9.06,
1988-04-20,8.83,9.06,
1988-04-21,8.82,9.06,
1988-04-22,8.78,9.03,
1988-04-25,8.78,9.03,
1988-04-26,8.8,9.04,
1988-04-27,8.8,9.05,
1988-04-28,8.86,9.11,
1988-04-29,8.87,9.11,
1988-05-02,8.94,9.17,
1988-05-03,8.89,9.12,
1988-05-04,8.9,9.13,
1988-05-05,8.92,9.12,
1988-05-06,9.01,9.18,
1988-05-09,9.03,9.18,
1988-05-10,9.07,9.2,
1988-05-11,9.05,9.22,
1988-05-12,9.04,9.17,
1988-05-13,9.0,9.11,
1988-05-16,9.01,9.13,
1988-05-17,9.12,9.22,
1988-05-18,9.19,9.31,
1988-05-19,9.18,9.3,
1988-05-20,9.22,9.35,
1988-05-23,9.23,9.36,
1988-05-24,9.22,9.34,
1988-05-25,9.2,9.31,
1988-05-26,9.21,9.32,
1988-05-27,9.24,9.33,
1988-05-31,9.2,9.3,
1988-06-01,9.03,9.12,
1988-06-02,9.07,9.16,
1988-06-03,8.97,9.07,
1988-06-06,8.97,9.06,
1988-06-07,9.02,9.12,
1988-06-08,8.92,9.02,
1988-06-09,8.96,9.06,
1988-06-10,8.92,9.04,
1988-06-13,8.91,9.02,
1988-06-14,8.69,8.81,
1988-06-15,8.71,8.83,
1988-06-16,8.89,8.98,
1988-06-17,9.02,9.12,
1988-06-20,9.02,9.09,
1988-06-21,9.03,9.1,
1988-06-22,8.9,8.94,
1988-06-23,8.88,8.9,
1988-06-24,8.85,8.87,
1988-06-27,8.94,8.96,
1988-06-28,8.87,8.89,
1988-06-29,8.88,8.92,
1988-06-30,8.82,8.87,
1988-07-01,8.77,8.84,
1988-07-05,8.82,8.88,
1988-07-06,8.91,8.98,
1988-07-07,8.95,9.0,
1988-07-08,9.04,9.1,
1988-07-11,9.02,9.06,
1988-07-12,9.08,9.11,
1988-07-13,9.12,9.2,
1988-07-14,9.12,9.19,
1988-07-15,9.08,9.16,
1988-07-18,9.15,9.24,
1988-07-19,9.1,9.21,
1988-07-20,9.11,9.24,
1988-07-21,9.16,9.27,
1988-07-22,9.11,9.21,
1988-07-25,9.07,9.16,
1988-07-26,9.09,9.19,
1988-07-27,9.14,9.26,
1988-07-28,9.16,9.27,
1988-07-29,9.12,9.23,
1988-08-01,9.07,9.17,
1988-08-02,9.0,9.08,
1988-08-03,9.04,9.1,
1988-08-04,8.99,9.04,
1988-08-05,9.12,9.14,
1988-08-08,9.12,9.13,
1988-08-09,9.2,9.21,
1988-08-10,9.3,9.36,
1988-08-11,9.35,9.4,
1988-08-12,9.36,9.42,
1988-08-15,9.37,9.44,
1988-08-16,9.35,9.4,
1988-08-17,9.38,9.43,
1988-08-18,9.35,9.41,
1988-08-19,9.35,9.41,
1988-08-22,9.37,9.44,
1988-08-23,9.32,9.39,
1988-08-24,9.34,9.4,
1988-08-25,9.41,9.46,
1988-08-26,9.38,9.43,
1988-08-29,9.3,9.36,
1988-08-30,9.27,9.33,
1988-08-31,9.25,9.31,
1988-09-01,9.25,9.31,
1988-09-02,9.0,9.05,
1988-09-06,8.99,9.05,
1988-09-07,8.99,9.04,
1988-09-08,8.99,9.05,
1988-09-09,8.93,8.99,
1988-09-12,8.97,9.04,
1988-09-13,8.94,9.01,
1988-09-14,8.88,8.96,
1988-09-15,8.91,9.0,
1988-09-16,8.93,9.01,
1988-09-19,8.97,9.07,
1988-09-20,8.97,9.06,
1988-09-21,8.93,9.02,
1988-09-22,8.95,9.05,
1988-09-23,8.97,9.05,
1988-09-26,9.0,9.09,
1988-09-27,9.04,9.11,
1988-09-28,9.06,9.15,
1988-09-29,8.98,9.08,
1988-09-30,8.87,8.98,
1988-10-03,8.84,8.96,
1988-10-04,8.87,8.97,
1988-10-05,8.87,8.98,
1988-10-06,8.87,8.97,
1988-10-07,8.7,8.81,
1988-10-11,8.75,8.86,
1988-10-12,8.84,8.94,
1988-10-13,8.84,8.94,
1988-10-14,8.81,8.9,
1988-10-17,8.79,8.88,
1988-10-18,8.78,8.87,
1988-10-19,8.82,8.91,
1988-10-20,8.79,8.85,
1988-10-21,8.83,8.89,
1988-10-24,8.83,8.93,
1988-10-25,8.83,8.93,
1988-10-26,8.79,8.92,
1988-10-27,8.72,8.84,
1988-10-28,8.69,8.8,
1988-10-31,8.65,8.74,
1988-11-01,8.68,8.76,
1988-11-02,8.73,8.81,
1988-11-03,8.69,8.76,
1988-11-04,8.85,8.91,
1988-11-07,8.91,8.96,
1988-11-08,8.91,8.97,
1988-11-09,8.91,9.01,
1988-11-10,8.9,8.99,
1988-11-14,8.91,9.01,
1988-11-15,8.92,9.01,
1988-11-16,9.0,9.1,
1988-11-17,9.06,9.14,
1988-11-18,9.05,9.12,
1988-11-21,9.04,9.11,
1988-11-22,9.09,9.12,
1988-11-23,9.08,9.11,
1988-11-25,9.17,9.18,
1988-11-28,9.16,9.15,
1988-11-29,9.13,9.13,
1988-11-30,9.06,9.07,
1988-12-01,9.01,9.02,
1988-12-02,9.18,9.18,
1988-12-05,9.13,9.13,
1988-12-06,8.95,8.95,
1988-12-07,9.0,8.98,
1988-12-08,9.02,8.97,
1988-12-09,9.07,8.97,
1988-12-12,9.08,8.94,
1988-12-13,9.15,8.98,
1988-12-14,9.19,9.06,
1988-12-15,9.19,9.07,
1988-12-16,9.17,9.05,
1988-12-19,9.15,9.05,
1988-12-20,9.08,8.96,
1988-12-21,9.07,8.96,
1988-12-22,9.07,8.94,
1988-12-23,9.05,8.92,
1988-12-27,9.13,8.96,
1988-12-28,9.21,9.01,
1988-12-29,9.18,9.01,
1988-12-30,9.14,9.0,
1989-01-03,9.23,9.09,
1989-01-04,9.22,9.08,
1989-01-05,9.27,9.1,
1989-01-06,9.25,9.06,
1989-01-09,9.23,9.05,
1989-01-10,9.24,9.05,
1989-01-11,9.24,9.05,
1989-01-12,9.14,8.98,
1989-01-13,9.06,8.89,
1989-01-17,9.06,8.89,
1989-01-18,8.99,8.84,
1989-01-19,9.0,8.86,
1989-01-20,9.03,8.89,
1989-01-23,9.0,8.87,
1989-01-24,8.93,8.78,
1989-01-25,8.99,8.82,
1989-01-26,8.99,8.81,
1989-01-27,8.95,8.76,
1989-01-30,9.0,8.83,
1989-01-31,9.01,8.84,
1989-02-01,8.99,8.83,
1989-02-02,8.98,8.82,
1989-02-03,9.01,8.84,
1989-02-06,9.01,8.85,
1989-02-07,8.96,8.8,
1989-02-08,8.95,8.82,
1989-02-09,9.13,8.99,
1989-02-10,9.19,9.05,
1989-02-13,9.2,9.06,
1989-02-14,9.23,9.1,
1989-02-15,9.22,9.09,
1989-02-16,9.21,9.06,
1989-02-17,9.2,9.05,
1989-02-21,9.22,9.05,
1989-02-22,9.29,9.12,
1989-02-23,9.36,9.17,
1989-02-24,9.38,9.18,
1989-02-27,9.36,9.17,
1989-02-28,9.32,9.14,
1989-03-01,9.36,9.18,
1989-03-02,9.31,9.13,
1989-03-03,9.31,9.13,
1989-03-06,9.26,9.09,
1989-03-07,9.26,9.09,
1989-03-08,9.23,9.05,
1989-03-09,9.24,9.07,
1989-03-10,9.34,9.15,
1989-03-13,9.35,9.15,
1989-03-14,9.32,9.13,
1989-03-15,9.31,9.13,
1989-03-16,9.3,9.12,
1989-03-17,9.49,9.3,
1989-03-20,9.53,9.31,
1989-03-21,9.53,9.3,
1989-03-22,9.45,9.25,
1989-03-23,9.43,9.23,
1989-03-27,9.44,9.23,
1989-03-28,9.41,9.2,
1989-03-29,9.36,9.15,
1989-03-30,9.34,9.14,
1989-03-31,9.3,9.11,
1989-04-03,9.21,9.07,
1989-04-04,9.17,9.03,
1989-04-05,9.17,9.02,
1989-04-06,9.2,9.04,
1989-04-07,9.27,9.11,
1989-04-10,9.27,9.1,
1989-04-11,9.27,9.1,
1989-04-12,9.29,9.11,
1989-04-13,9.34,9.15,
1989-04-14,9.18,9.04,
1989-04-17,9.2,9.06,
1989-04-18,9.06,8.94,
1989-04-19,9.08,8.96,
1989-04-20,9.2,9.03,
1989-04-21,9.15,8.99,
1989-04-24,9.15,8.99,
1989-04-25,9.12,8.97,
1989-04-26,9.11,8.96,
1989-04-27,9.05,8.92,
1989-04-28,9.02,8.91,
1989-05-01,9.14,9.0,
1989-05-02,9.08,8.95,
1989-05-03,9.06,8.95,
1989-05-04,9.06,8.99,
1989-05-05,8.99,8.95,
1989-05-08,9.04,8.99,
1989-05-09,9.15,9.08,
1989-05-10,9.16,9.12,
1989-05-11,9.1,9.07,
1989-05-12,8.81,8.84,
1989-05-15,8.82,8.85,
1989-05-16,8.82,8.84,
1989-05-17,8.8,8.81,
1989-05-18,8.78,8.78,
1989-05-19,8.71,8.72,
1989-05-22,8.58,8.6,
1989-05-23,8.6,8.62,
1989-05-24,8.63,8.63,
1989-05-25,8.67,8.66,
1989-05-26,8.66,8.63,
1989-05-30,8.64,8.63,
1989-05-31,8.6,8.6,
1989-06-01,8.61,8.61,
1989-06-02,8.43,8.48,
1989-06-05,8.36,8.44,
1989-06-06,8.36,8.41,
1989-06-07,8.27,8.34,
1989-06-08,8.27,8.31,
1989-06-09,8.15,8.15,
1989-06-12,8.16,8.13,
1989-06-13,8.25,8.21,
1989-06-14,8.2,8.17,
1989-06-15,8.33,8.3,
1989-06-16,8.35,8.31,
1989-06-19,8.37,8.34,
1989-06-20,8.31,8.28,
1989-06-21,8.37,8.33,
1989-06-22,8.38,8.34,
1989-06-23,8.25,8.2,
1989-06-26,8.18,8.16,
1989-06-27,8.11,8.08,
1989-06-28,8.17,8.13,
1989-06-29,8.12,8.09,
1989-06-30,8.1,8.05,
1989-07-03,8.09,8.07,
1989-07-05,8.11,8.14,
1989-07-06,8.08,8.1,
1989-07-07,8.02,8.04,
1989-07-10,7.99,8.02,
1989-07-11,8.0,8.04,
1989-07-12,8.0,8.04,
1989-07-13,8.0,8.05,
1989-07-14,8.04,8.09,
1989-07-17,8.05,8.11,
1989-07-18,8.13,8.17,
1989-07-19,8.09,8.14,
1989-07-20,8.01,8.1,
1989-07-21,8.07,8.16,
1989-07-24,8.05,8.14,
1989-07-25,8.01,8.12,
1989-07-26,8.02,8.11,
1989-07-27,7.92,8.03,
1989-07-28,7.87,7.99,
1989-07-31,7.82,7.92,
1989-08-01,7.74,7.83,
1989-08-02,7.76,7.84,
1989-08-03,7.8,7.9,
1989-08-04,8.0,8.08,
1989-08-07,8.03,8.08,
1989-08-08,8.0,8.08,
1989-08-09,8.05,8.12,
1989-08-10,8.02,8.08,
1989-08-11,8.09,8.13,
1989-08-14,8.24,8.23,
1989-08-15,8.21,8.19,
1989-08-16,8.12,8.13,
1989-08-17,8.18,8.16,
1989-08-18,8.15,8.15,
1989-08-21,8.2,8.18,
1989-08-22,8.29,8.25,
1989-08-23,8.25,8.19,
1989-08-24,8.2,8.16,
1989-08-25,8.21,8.18,
1989-08-28,8.27,8.23,
1989-08-29,8.27,8.21,
1989-08-30,8.25,8.2,
1989-08-31,8.26,8.21,
1989-09-01,8.19,8.14,
1989-09-05,8.19,8.14,
1989-09-06,8.17,8.11,
1989-09-07,8.17,8.11,
1989-09-08,8.14,8.07,
1989-09-11,8.13,8.07,
1989-09-12,8.13,8.09,
1989-09-13,8.18,8.15,
1989-09-14,8.13,8.12,
1989-09-15,8.09,8.08,
1989-09-18,8.1,8.09,
1989-09-19,8.09,8.09,
1989-09-20,8.15,8.15,
1989-09-21,8.2,8.19,
1989-09-22,8.22,8.2,
1989-09-25,8.32,8.3,
1989-09-26,8.3,8.25,
1989-09-27,8.3,8.25,
1989-09-28,8.3,8.25,
1989-09-29,8.31,8.24,
1989-10-02,8.28,8.22,
1989-10-03,8.23,8.19,
1989-10-04,8.22,8.16,
1989-10-05,8.15,8.09,
1989-10-06,8.03,8.01,
1989-10-10,8.03,8.01,
1989-10-11,8.07,8.05,
1989-10-12,8.04,8.02,
1989-10-13,7.87,7.88,
1989-10-16,7.98,7.98,
1989-10-17,8.0,8.01,
1989-10-18,8.01,8.03,
1989-10-19,7.96,7.97,
1989-10-20,7.98,7.98,
1989-10-23,7.92,7.94,
1989-10-24,7.87,7.87,
1989-10-25,7.86,7.88,
1989-10-26,7.88,7.89,
1989-10-27,7.94,7.95,
1989-10-30,7.92,7.93,
1989-10-31,7.92,7.92,
1989-11-01,7.91,7.89,
1989-11-02,7.87,7.88,
1989-11-03,7.96,7.92,
1989-11-06,8.0,7.97,
1989-11-07,7.9,7.88,
1989-11-08,7.87,7.88,
1989-11-09,7.9,7.91,
1989-11-10,7.92,7.9,
1989-11-13,7.89,7.89,
1989-11-14,7.87,7.9,
1989-11-15,7.82,7.87,
1989-11-16,7.82,7.87,
1989-11-17,7.88,7.94,
1989-11-20,7.86,7.92,
1989-11-21,7.85,7.91,
1989-11-22,7.81,7.88,
1989-11-24,7.8,7.88,
1989-11-27,7.85,7.92,
1989-11-28,7.86,7.91,
1989-11-29,7.88,7.93,
1989-11-30,7.84,7.9,
1989-12-01,7.81,7.88,
1989-12-04,7.82,7.88,
1989-12-05,7.82,7.88,
1989-12-06,7.85,7.91,
1989-12-07,7.88,7.93,
1989-12-08,7.82,7.88,
1989-12-11,7.83,7.89,
1989-12-12,7.84,7.9,
1989-12-13,7.82,7.88,
1989-12-14,7.79,7.85,
1989-12-15,7.8,7.86,
1989-12-18,7.77,7.83,
1989-12-19,7.78,7.85,
1989-12-20,7.77,7.84,
1989-12-21,7.77,7.86,
1989-12-22,7.82,7.88,
1989-12-26,7.95,8.0,
1989-12-27,7.94,7.98,
1989-12-28,7.91,7.97,
1989-12-29,7.93,7.98,
1990-01-02,7.94,8.0,1.8064
1990-01-03,7.99,8.04,1.8279
1990-01-04,7.98,8.04,1.8294
1990-01-05,7.99,8.06,1.8392
1990-01-08,8.02,8.09,1.8517
1990-01-09,8.02,8.1,1.8577
1990-01-10,8.03,8.11,1.8666
1990-01-11,8.04,8.11,1.8677
1990-01-12,8.1,8.17,1.8932
1990-01-16,8.2,8.25,1.9327
1990-01-17,8.19,8.25,1.9274
1990-01-18,8.32,8.35,1.9679
1990-01-19,8.26,8.29,1.9484
1990-01-22,8.27,8.31,1.9469
1990-01-23,8.26,8.29,1.9415
1990-01-24,8.38,8.41,1.987
1990-01-25,8.42,8.46,2.0154
1990-01-26,8.49,8.55,2.0526
1990-01-29,8.5,8.54,2.055
1990-01-30,8.51,8.55,2.0608
1990-01-31,8.43,8.46,2.0312
1990-02-01,8.42,8.44,2.0127
1990-02-02,8.5,8.51,2.0304
1990-02-05,8.53,8.53,2.0407
1990-02-06,8.57,8.58,2.0604
1990-02-07,8.52,8.57,2.0657
1990-02-08,8.49,8.5,2.0479
1990-02-09,8.31,8.36,1.9918
1990-02-12,8.4,8.43,2.0117
1990-02-13,8.35,8.39,2.0079
1990-02-14,8.36,8.41,2.0191
1990-02-15,8.43,8.47,2.0402
1990-02-16,8.42,8.46,2.0426
1990-02-20,8.62,8.66,2.111
1990-02-21,8.62,8.66,2.1273
1990-02-22,8.54,8.56,2.1041
1990-02-23,8.53,8.56,2.0986
1990-02-26,8.46,8.49,2.0713
1990-02-27,8.41,8.45,2.0416
1990-02-28,8.51,8.54,2.0701
1990-03-01,8.59,8.61,2.1016
1990-03-02,8.54,8.55,2.0932
1990-03-05,8.65,8.66,2.1246
1990-03-06,8.59,8.59,2.1107
1990-03-07,8.58,8.58,2.0979
1990-03-08,8.57,8.56,2.0886
1990-03-09,8.65,8.63,2.1128
1990-03-12,8.63,8.62,2.1135
1990-03-13,8.73,8.72,2.1395
1990-03-14,8.65,8.61,2.1174
1990-03-15,8.66,8.63,2.115
1990-03-16,8.59,8.55,2.0909
1990-03-19,8.59,8.54,2.0879
1990-03-20,8.54,8.47,2.0639
1990-03-21,8.55,8.47,2.0535
1990-03-22,8.53,8.49,2.0505
1990-03-23,8.52,8.48,2.0487
1990-03-26,8.51,8.47,2.0445
1990-03-27,8.52,8.48,2.0442
1990-03-28,8.51,8.47,2.0491
1990-03-29,8.6,8.58,2.0724
1990-03-30,8.65,8.63,2.1089
1990-04-02,8.65,8.63,2.1198
1990-04-03,8.63,8.61,2.1197
1990-04-04,8.55,8.52,2.0954
1990-04-05,8.57,8.52,2.0947
1990-04-06,8.56,8.52,2.0874
1990-04-09,8.59,8.55,2.0969
1990-04-10,8.6,8.57,2.1015
1990-04-11,8.63,8.58,2.1119
1990-04-12,8.64,8.6,2.1184
1990-04-16,8.68,8.64,2.1387
1990-04-17,8.77,8.74,2.1782
1990-04-18,8.86,8.85,2.2207
1990-04-19,8.87,8.86,2.2365
1990-04-20,8.95,8.93,2.2654
1990-04-23,8.98,8.96,2.2868
1990-04-24,9.0,8.98,2.2996
1990-04-25,9.01,8.98,2.3035
1990-04-26,9.07,9.04,2.3235
1990-04-27,9.06,9.04,2.328
1990-04-30,9.04,9.0,2.3162
1990-05-01,9.08,9.04,2.3158
1990-05-02,9.09,9.05,2.3189
1990-05-03,9.04,8.99,2.2977
1990-05-04,8.84,8.83,2.2224
1990-05-07,8.87,8.85,2.2225
1990-05-08,8.84,8.81,2.2131
1990-05-09,8.88,8.9,2.2522
1990-05-10,8.82,8.81,2.2434
1990-05-11,8.64,8.64,2.1851
1990-05-14,8.61,8.58,2.1568
1990-05-15,8.65,8.62,2.1648
1990-05-16,8.68,8.64,2.1668
1990-05-17,8.69,8.65,2.1733
1990-05-18,8.75,8.7,2.1918
1990-05-21,8.74,8.69,2.1913
1990-05-22,8.65,8.61,2.1578
1990-05-23,8.61,8.59,2.1392
1990-05-24,8.63,8.6,2.1364
1990-05-25,8.69,8.67,2.1474
1990-05-29,8.66,8.64,2.1416
1990-05-30,8.62,8.6,2.1309
1990-05-31,8.6,8.58,2.124
1990-06-01,8.44,8.43,2.0602
1990-06-04,8.44,8.43,2.0509
1990-06-05,8.47,8.46,2.0633
1990-06-06,8.46,8.44,2.0676
1990-06-07,8.46,8.43,2.0635
1990-06-08,8.46,8.44,2.066
1990-06-11,8.48,8.45,2.0694
1990-06-12,8.48,8.45,2.069
1990-06-13,8.4,8.39,2.0421
1990-06-14,8.38,8.36,2.0284
1990-06-15,8.46,8.43,2.054
1990-06-18,8.5,8.47,2.0772
1990-06-19,8.51,8.48,2.0837
1990-06-20,8.55,8.52,2.0996
1990-06-21,8.52,8.5,2.0918
1990-06-22,8.51,8.49,2.0842
1990-06-25,8.58,8.56,2.1059
1990-06-26,8.56,8.53,2.1016
1990-06-27,8.52,8.49,2.0873
1990-06-28,8.47,8.45,2.0675
1990-06-29,8.43,8.41,2.0452
1990-07-02,8.43,8.41,2.0416
1990-07-03,8.4,8.4,2.0367
1990-07-05,8.42,8.42,2.042
1990-07-06,8.51,8.51,2.0757
1990-07-09,8.57,8.55,2.097
1990-07-10,8.57,8.56,2.0998
1990-07-11,8.57,8.56,2.0966
1990-07-12,8.5,8.5,2.0723
1990-07-13,8.45,8.46,2.0633
1990-07-16,8.44,8.46,2.0647
1990-07-17,8.44,8.46,2.0652
1990-07-18,8.5,8.55,2.0893
1990-07-19,8.51,8.56,2.1035
1990-07-20,8.48,8.54,2.0924
1990-07-23,8.48,8.54,2.0977
1990-07-24,8.53,8.59,2.1183
1990-07-25,8.49,8.55,2.1053
1990-07-26,8.49,8.54,2.095
1990-07-27,8.42,8.48,2.0719
1990-07-30,8.34,8.4,2.0334
1990-07-31,8.36,8.42,2.0285
1990-08-01,8.29,8.36,2.0042
1990-08-02,8.41,8.46,2.0363
1990-08-03,8.43,8.55,2.0645
1990-08-06,8.71,8.82,2.1791
1990-08-07,8.78,8.86,2.2402
1990-08-08,8.77,8.87,2.2596
1990-08-09,8.66,8.75,2.2215
1990-08-10,8.68,8.79,2.2226
1990-08-13,8.71,8.83,2.2341
1990-08-14,8.66,8.78,2.2181
1990-08-15,8.64,8.76,2.1986
1990-08-16,8.76,8.91,2.2325
1990-08-17,8.8,8.94,2.2544
1990-08-20,8.81,8.92,2.2601
1990-08-21,8.84,8.94,2.2674
1990-08-22,8.91,9.03,2.2909
1990-08-23,9.0,9.11,2.3338
1990-08-24,9.05,9.17,2.3714
1990-08-27,8.9,9.02,2.3256
1990-08-28,8.94,9.07,2.3327
1990-08-29,8.84,8.95,2.299
1990-08-30,8.86,8.98,2.3001
1990-08-31,8.86,8.99,2.3062
1990-09-04,8.9,9.03,2.3278
1990-09-05,8.86,8.98,2.3178
1990-09-06,8.84,8.96,2.3171
1990-09-07,8.81,8.92,2.3047
1990-09-10,8.85,8.98,2.3132
1990-09-11,8.83,8.96,2.3055
1990-09-12,8.82,8.96,2.3014
1990-09-13,8.82,8.96,2.3038
1990-09-14,8.87,9.01,2.3241
1990-09-17,8.9,9.06,2.3422
1990-09-18,8.9,9.05,2.3446
1990-09-19,8.88,9.02,2.3434
1990-09-20,8.91,9.05,2.3516
1990-09-21,8.99,9.13,2.3794
1990-09-24,9.04,9.18,2.4049
1990-09-25,9.02,9.15,2.4073
1990-09-26,9.0,9.14,2.4014
1990-09-27,8.91,9.05,2.3743
1990-09-28,8.82,8.96,2.3464
1990-10-01,8.71,8.84,2.3072
1990-10-02,8.69,8.84,2.2857
1990-10-03,8.71,8.85,2.284
1990-10-04,8.67,8.81,2.2679
1990-10-05,8.65,8.79,2.2597
1990-10-09,8.83,8.98,2.3191
1990-10-10,8.89,9.03,2.3523
1990-10-11,8.92,9.08,2.3856
1990-10-12,8.84,8.98,2.3646
1990-10-15,8.8,8.95,2.3421
1990-10-16,8.79,8.94,2.3274
1990-10-17,8.76,8.89,2.3063
1990-10-18,8.71,8.85,2.2728
1990-10-19,8.62,8.75,2.2283
1990-10-22,8.63,8.76,2.2154
1990-10-23,8.65,8.79,2.2161
1990-10-24,8.66,8.79,2.2196
1990-10-25,8.62,8.74,2.2032
1990-10-26,8.63,8.76,2.2161
1990-10-29,8.7,8.84,2.2458
1990-10-30,8.7,8.83,2.2578
1990-10-31,8.65,8.78,2.2453
1990-11-01,8.57,8.7,2.2147
1990-11-02,8.57,8.7,2.211
1990-11-05,8.5,8.63,2.1855
1990-11-06,8.52,8.64,2.182
1990-11-07,8.57,8.71,2.2061
1990-11-08,8.58,8.73,2.2135
1990-11-09,8.49,8.63,2.183
1990-11-13,8.37,8.52,2.1367
1990-11-14,8.36,8.51,2.1146
1990-11-15,8.37,8.53,2.1124
1990-11-16,8.3,8.46,2.0883
1990-11-19,8.35,8.51,2.0983
1990-11-20,8.31,8.47,2.0883
1990-11-21,8.27,8.44,2.0628
1990-11-23,8.28,8.44,2.0647
1990-11-26,8.27,8.42,2.0648
1990-11-27,8.28,8.44,2.0714
1990-11-28,8.3,8.46,2.0851
1990-11-29,8.32,8.47,2.0929
1990-11-30,8.26,8.4,2.0769
1990-12-03,8.22,8.36,2.051
1990-12-04,8.2,8.37,2.0377
1990-12-05,8.16,8.32,2.0265
1990-12-06,8.18,8.35,2.0312
1990-12-07,8.03,8.19,1.9779
1990-12-10,7.98,8.14,1.956
1990-12-11,7.94,8.1,1.9383
1990-12-12,7.91,8.07,1.9252
1990-12-13,7.98,8.14,1.9619
1990-12-14,8.05,8.2,2.0001
1990-12-17,8.02,8.18,2.0025
1990-12-18,7.99,8.15,1.9942
1990-12-19,8.0,8.19,2.0035
1990-12-20,8.05,8.22,2.0447
1990-12-21,8.11,8.28,2.0926
1990-12-24,8.2,8.36,2.1513
1990-12-26,8.15,8.3,2.146
1990-12-27,8.11,8.25,2.1309
1990-12-28,8.14,8.31,2.15
1990-12-31,8.08,8.26,2.135
1991-01-02,7.97,8.14,2.0915
1991-01-03,7.93,8.11,2.0676
1991-01-04,8.02,8.2,2.0892
1991-01-07,8.13,8.32,2.1347
1991-01-08,8.16,8.37,2.1572
1991-01-09,8.25,8.46,2.2206
1991-01-10,8.16,8.37,2.2168
1991-01-11,8.2,8.39,2.2349
1991-01-14,8.23,8.41,2.2644
1991-01-15,8.22,8.41,2.2695
1991-01-16,8.24,8.4,2.286
1991-01-17,8.05,8.18,2.2109
1991-01-18,8.03,8.17,2.1853
1991-01-22,8.07,8.23,2.1893
1991-01-23,8.04,8.21,2.1775
1991-01-24,8.0,8.18,2.1602
1991-01-25,8.06,8.24,2.1733
1991-01-28,8.06,8.23,2.1665
1991-01-29,8.03,8.2,2.1535
1991-01-30,8.05,8.23,2.1535
1991-01-31,8.03,8.21,2.1499
1991-02-01,7.91,8.09,2.1163
1991-02-04,7.88,8.05,2.1084
1991-02-05,7.85,8.02,2.1008
1991-02-06,7.79,8.02,2.1081
1991-02-07,7.82,8.01,2.1196
1991-02-08,7.77,7.95,2.128
1991-02-11,7.78,7.97,2.1193
1991-02-12,7.78,7.96,2.1142
1991-02-13,7.78,7.97,2.1116
1991-02-14,7.8,7.99,2.1158
1991-02-15,7.78,7.97,2.1139
1991-02-19,7.8,7.99,2.1197
1991-02-20,7.84,8.02,2.1271
1991-02-21,7.88,8.04,2.1445
1991-02-22,7.91,8.07,2.1646
1991-02-25,7.91,8.05,2.1596
1991-02-26,7.96,8.14,2.1756
1991-02-27,7.98,8.15,2.1844
1991-02-28,8.02,8.19,2.1936
1991-03-01,8.12,8.28,2.2368
1991-03-04,8.12,8.29,2.2443
1991-03-05,8.08,8.25,2.2358
1991-03-06,8.11,8.29,2.2446
1991-03-07,8.07,8.23,2.2333
1991-03-08,8.13,8.3,2.2555
1991-03-11,8.06,8.23,2.2524
1991-03-12,8.09,8.26,2.269
1991-03-13,8.02,8.2,2.2532
1991-03-14,8.02,8.2,2.2577
1991-03-15,8.1,8.3,2.2928
1991-03-18,8.15,8.34,2.3232
1991-03-19,8.25,8.42,2.3634
1991-03-20,8.2,8.37,2.3513
1991-03-21,8.16,8.34,2.3288
1991-03-22,8.13,8.33,2.3181
1991-03-25,8.13,8.32,2.3136
1991-03-26,8.13,8.31,2.3151
1991-03-27,8.08,8.26,2.3001
1991-03-28,8.05,8.24,2.293
1991-04-01,8.07,8.25,2.2949
1991-04-02,8.03,8.22,2.278
1991-04-03,8.05,8.24,2.2817
1991-04-04,8.0,8.19,2.2711
1991-04-05,7.99,8.18,2.2651
1991-04-08,7.98,8.16,2.2656
1991-04-09,8.03,8.2,2.2876
1991-04-10,8.1,8.27,2.3287
1991-04-11,8.09,8.27,2.3394
1991-04-12,7.98,8.16,2.3129
1991-04-15,7.95,8.12,2.2914
1991-04-16,7.97,8.13,2.2835
1991-04-17,7.95,8.11,2.2778
1991-04-18,8.02,8.18,2.3026
1991-04-19,8.1,8.24,2.3247
1991-04-22,8.15,8.3,2.3478
1991-04-23,8.12,8.28,2.3374
1991-04-24,8.06,8.22,2.3118
1991-04-25,8.07,8.24,2.3151
1991-04-26,8.06,8.22,2.3168
1991-04-29,8.07,8.23,2.3222
1991-04-30,8.02,8.2,2.314
1991-05-01,8.01,8.18,2.3094
1991-05-02,7.97,8.14,2.2994
1991-05-03,8.04,8.22,2.3264
1991-05-06,8.05,8.23,2.3415
1991-05-07,8.06,8.24,2.3464
1991-05-08,8.04,8.24,2.3462
1991-05-09,8.02,8.21,2.3455
1991-05-10,8.12,8.33,2.3777
1991-05-13,8.07,8.27,2.3776
1991-05-14,8.14,8.36,2.3971
1991-05-15,8.13,8.34,2.4031
1991-05-16,8.12,8.33,2.4058
1991-05-17,8.08,8.28,2.3991
1991-05-20,8.1,8.3,2.3991
1991-05-21,8.06,8.26,2.3787
1991-05-22,8.06,8.28,2.3736
1991-05-23,8.1,8.31,2.3837
1991-05-24,8.1,8.31,2.3903
1991-05-28,8.07,8.28,2.3781
1991-05-29,8.07,8.29,2.3729
1991-05-30,8.02,8.22,2.3526
1991-05-31,8.06,8.26,2.3536
1991-06-03,8.14,8.34,2.3777
1991-06-04,8.14,8.34,2.379
1991-06-05,8.19,8.39,2.3947
1991-06-06,8.23,8.42,2.4158
1991-06-07,8.29,8.48,2.4499
1991-06-10,8.29,8.48,2.4553
1991-06-11,8.29,8.48,2.4553
1991-06-12,8.36,8.55,2.478
1991-06-13,8.34,8.53,2.4754
1991-06-14,8.29,8.47,2.4511
1991-06-17,8.3,8.49,2.4486
1991-06-18,8.32,8.52,2.4522
1991-06-19,8.33,8.52,2.4631
1991-06-20,8.3,8.48,2.4543
1991-06-21,8.32,8.51,2.4624
1991-06-24,8.33,8.51,2.4694
1991-06-25,8.33,8.51,2.4714
1991-06-26,8.33,8.51,2.4756
1991-06-27,8.32,8.49,2.4714
1991-06-28,8.24,8.42,2.4551
1991-07-01,8.26,8.44,2.449
1991-07-02,8.27,8.44,2.4521
1991-07-03,8.26,8.42,2.4475
1991-07-05,8.34,8.49,2.4728
1991-07-08,8.34,8.51,2.483
1991-07-09,8.36,8.53,2.4899
1991-07-10,8.35,8.53,2.488
1991-07-11,8.3,8.47,2.4646
1991-07-12,8.26,8.44,2.4377
1991-07-15,8.26,8.44,2.4323
1991-07-16,8.27,8.46,2.4266
1991-07-17,8.3,8.49,2.4405
1991-07-18,8.31,8.5,2.4463
1991-07-19,8.28,8.48,2.4392
1991-07-22,8.28,8.48,2.438
1991-07-23,8.31,8.5,2.4458
1991-07-24,8.24,8.42,2.421
1991-07-25,8.2,8.38,2.3984
1991-07-26,8.2,8.39,2.392
1991-07-29,8.2,8.39,2.3893
1991-07-30,8.21,8.39,2.3907
1991-07-31,8.2,8.36,2.3828
1991-08-01,8.2,8.38,2.3881
1991-08-02,8.06,8.25,2.3409
1991-08-05,8.04,8.24,2.3244
1991-08-06,7.97,8.18,2.3023
1991-08-07,7.93,8.17,2.2978
1991-08-08,7.98,8.22,2.3224
1991-08-09,7.98,8.23,2.3328
1991-08-12,7.95,8.21,2.333
1991-08-13,7.91,8.17,2.3206
1991-08-14,7.82,8.08,2.2852
1991-08-15,7.84,8.09,2.2836
1991-08-16,7.84,8.09,2.2824
1991-08-19,7.83,8.11,2.2943
1991-08-20,7.81,8.09,2.2943
1991-08-21,7.8,8.07,2.2896
1991-08-22,7.78,8.05,2.2693
1991-08-23,7.88,8.13,2.2841
1991-08-26,7.91,8.15,2.2995
1991-08-27,7.89,8.14,2.2954
1991-08-28,7.82,8.06,2.2726
1991-08-29,7.74,7.99,2.2476
1991-08-30,7.82,8.06,2.2691
1991-09-03,7.81,8.05,2.2659
1991-09-04,7.81,8.06,2.2664
1991-09-05,7.83,8.09,2.2739
1991-09-06,7.76,8.02,2.252
1991-09-09,7.73,8.0,2.2337
1991-09-10,7.73,8.01,2.2338
1991-09-11,7.74,8.02,2.237
1991-09-12,7.67,7.96,2.2171
1991-09-13,7.66,7.95,2.2069
1991-09-16,7.63,7.93,2.1965
1991-09-17,7.62,7.92,2.185
1991-09-18,7.62,7.92,2.1815
1991-09-19,7.61,7.92,2.1783
1991-09-20,7.57,7.89,2.165
1991-09-23,7.55,7.88,2.1564
1991-09-24,7.56,7.89,2.158
1991-09-25,7.58,7.91,2.1668
1991-09-26,7.56,7.89,2.1696
1991-09-27,7.49,7.83,2.1438
1991-09-30,7.47,7.82,2.1287
1991-10-01,7.45,7.81,2.1171
1991-10-02,7.47,7.83,2.1144
1991-10-03,7.47,7.84,2.1133
1991-10-04,7.39,7.79,2.0897
1991-10-07,7.4,7.79,2.0808
1991-10-08,7.43,7.82,2.0884
1991-10-09,7.51,7.91,2.1241
1991-10-10,7.58,7.98,2.1577
1991-10-11,7.49,7.9,2.1352
1991-10-15,7.46,7.87,2.1181
1991-10-16,7.45,7.88,2.1099
1991-10-17,7.55,8.0,2.1421
1991-10-18,7.53,7.97,2.1431
1991-10-21,7.62,8.06,2.1722
1991-10-22,7.67,8.1,2.197
1991-10-23,7.69,8.09,
1991-10-24,7.65,8.03,2.2014
1991-10-25,7.68,8.05,2.222
1991-10-28,7.65,8.03,2.2227
1991-10-29,7.51,7.91,2.1838
1991-10-30,7.48,7.9,2.1737
1991-10-31,7.47,7.91,2.1692
1991-11-01,7.48,7.93,2.1797
1991-11-04,7.5,7.95,2.2023
1991-11-05,7.56,8.02,2.2278
1991-11-06,7.51,8.01,2.2272
1991-11-07,7.43,7.92,2.2044
1991-11-08,7.41,7.88,2.2003
1991-11-12,7.37,7.8,2.1783
1991-11-13,7.41,7.88,2.1849
1991-11-14,7.35,7.82,2.1638
1991-11-15,7.33,7.84,2.1571
1991-11-18,7.33,7.84,2.1566
1991-11-19,7.37,7.9,2.1687
1991-11-20,7.38,7.92,2.1865
1991-11-21,7.39,7.96,2.1995
1991-11-22,7.44,7.99,2.2231
1991-11-25,7.45,7.99,2.2458
1991-11-26,7.42,7.95,2.2434
1991-11-27,7.42,7.97,2.2457
1991-11-29,7.38,7.94,2.2385
1991-12-02,7.32,7.92,2.2106
1991-12-03,7.28,7.9,2.1896
1991-12-04,7.17,7.84,2.1427
1991-12-05,7.21,7.86,2.1424
1991-12-06,7.26,7.78,2.1573
1991-12-09,7.22,7.78,2.1512
1991-12-10,7.21,7.79,2.1572
1991-12-11,7.22,7.81,2.1688
1991-12-12,7.19,7.77,2.1648
1991-12-13,7.22,7.79,2.1843
1991-12-16,7.21,7.77,2.1855
1991-12-17,7.18,7.75,2.1751
1991-12-18,7.19,7.76,2.1888
1991-12-19,7.11,7.68,2.1682
1991-12-20,6.97,7.59,2.1403
1991-12-23,6.88,7.53,2.1206
1991-12-24,6.88,7.53,2.1181
1991-12-26,6.85,7.51,2.1113
1991-12-27,6.82,7.52,2.0981
1991-12-30,6.76,7.45,2.0724
1991-12-31,6.71,7.41,2.0433
1992-01-02,6.78,7.46,2.0654
1992-01-03,6.85,7.48,2.1013
1992-01-06,6.82,7.44,2.1054
1992-01-07,6.76,7.39,2.0872
1992-01-08,6.77,7.41,2.1
1992-01-09,6.79,7.42,2.1203
1992-01-10,6.85,7.47,2.1521
1992-01-13,6.92,7.49,2.1874
1992-01-14,7.03,7.54,2.2371
1992-01-15,7.05,7.57,2.259
1992-01-16,7.13,7.65,2.2896
1992-01-17,7.09,7.61,2.2868
1992-01-21,7.03,7.57,2.2564
1992-01-22,7.09,7.62,2.2612
1992-01-23,7.2,7.71,2.2962
1992-01-24,7.25,7.71,2.3153
1992-01-27,7.24,7.71,2.3123
1992-01-28,7.16,7.66,2.2739
1992-01-29,7.25,7.75,2.2994
1992-01-30,7.31,7.79,2.3246
1992-01-31,7.31,7.77,2.3294
1992-02-03,7.36,7.82,2.358
1992-02-04,7.29,7.76,2.3407
1992-02-05,7.21,7.74,2.3145
1992-02-06,7.2,7.75,2.3044
1992-02-07,7.2,7.77,2.3128
1992-02-10,7.21,7.79,2.3288
1992-02-11,7.23,7.79,2.3391
1992-02-12,7.3,7.81,2.3598
1992-02-13,7.4,7.92,2.4072
1992-02-14,7.41,7.91,2.4186
1992-02-18,7.47,7.97,2.4404
1992-02-19,7.42,7.93,2.4272
1992-02-20,7.41,7.91,2.4098
1992-02-21,7.45,7.95,2.417
1992-02-24,7.47,7.97,2.4258
1992-02-25,7.44,7.94,2.4101
1992-02-26,7.33,7.85,2.3684
1992-02-27,7.35,7.86,2.3623
1992-02-28,7.27,7.8,2.3343
1992-03-02,7.38,7.9,2.366
1992-03-03,7.43,7.93,2.3763
1992-03-04,7.43,7.9,2.3746
1992-03-05,7.51,7.95,2.4069
1992-03-06,7.48,7.93,2.3972
1992-03-09,7.42,7.88,2.3693
1992-03-10,7.43,7.89,2.362
1992-03-11,7.51,7.96,2.3969
1992-03-12,7.62,8.04,2.4476
1992-03-13,7.71,8.06,2.4877
1992-03-16,7.69,8.07,2.4927
1992-03-17,7.62,8.02,2.466
1992-03-18,7.62,8.01,2.456
1992-03-19,7.57,7.98,2.4359
1992-03-20,7.64,8.05,2.4553
1992-03-23,7.62,8.04,2.4563
1992-03-24,7.53,7.94,2.4155
1992-03-25,7.53,7.94,2.4053
1992-03-26,7.57,7.99,2.4238
1992-03-27,7.54,7.94,2.4223
1992-03-30,7.54,7.95,2.4179
1992-03-31,7.54,7.96,2.4182
1992-04-01,7.46,7.9,2.3853
1992-04-02,7.47,7.92,2.3867
1992-04-03,7.42,7.88,2.3758
1992-04-06,7.41,7.88,2.3755
1992-04-07,7.41,7.9,2.3882
1992-04-08,7.44,7.94,2.4112
1992-04-09,7.35,7.85,2.3962
1992-04-10,7.37,7.89,2.409
1992-04-13,7.33,7.86,2.402
1992-04-14,7.35,7.88,2.4065
1992-04-15,7.37,7.87,2.4226
1992-04-16,7.45,7.93,2.4503
1992-04-20,7.59,8.02,2.5042
1992-04-21,7.58,8.03,2.5103
1992-04-22,7.57,8.04,2.5079
1992-04-23,7.59,8.06,2.5157
1992-04-24,7.55,8.06,2.5023
1992-04-27,7.6,8.1,2.511
1992-04-28,7.57,8.06,2.5023
1992-04-29,7.6,8.08,2.5065
1992-04-30,7.61,8.06,2.5127
1992-05-01,7.56,8.01,2.5
1992-05-04,7.58,8.03,2.5046
1992-05-05,7.56,8.01,2.4973
1992-05-06,7.46,7.97,2.4817
1992-05-07,7.49,8.0,2.4823
1992-05-08,7.41,7.9,2.4519
1992-05-11,7.4,7.9,2.4385
1992-05-12,7.36,7.86,2.4233
1992-05-13,7.34,7.85,2.4188
1992-05-14,7.34,7.87,2.4166
1992-05-15,7.28,7.81,2.397
1992-05-18,7.28,7.82,2.3858
1992-05-19,7.2,7.77,2.3528
1992-05-20,7.25,7.79,2.3625
1992-05-21,7.39,7.86,2.4161
1992-05-22,7.35,7.83,2.4003
1992-05-26,7.46,7.92,2.4283
1992-05-27,7.44,7.91,2.4255
1992-05-28,7.36,7.87,2.3988
1992-05-29,7.33,7.84,2.3726
1992-06-01,7.39,7.9,2.3805
1992-06-02,7.35,7.87,2.3638
1992-06-03,7.34,7.88,2.3569
1992-06-04,7.34,7.88,2.3564
1992-06-05,7.31,7.84,2.3429
1992-06-08,7.31,7.84,2.3448
1992-06-09,7.33,7.88,2.3631
1992-06-10,7.35,7.9,2.3716
1992-06-11,7.33,7.88,2.3662
1992-06-12,7.29,7.85,2.3478
1992-06-15,7.28,7.85,2.3423
1992-06-16,7.24,7.84,2.3282
1992-06-17,7.23,7.82,2.3178
1992-06-18,7.19,7.8,2.3052
1992-06-19,7.24,7.83,2.316
1992-06-22,7.24,7.84,2.3151
1992-06-23,7.25,7.85,2.3209
1992-06-24,7.2,7.83,2.3131
1992-06-25,7.14,7.78,2.2851
1992-06-26,7.15,7.79,2.2884
1992-06-29,7.12,7.78,2.2873
1992-06-30,7.14,7.79,2.2968
1992-07-01,7.1,7.76,2.2919
1992-07-02,6.93,7.63,2.2421
1992-07-06,6.9,7.62,2.2348
1992-07-07,6.87,7.61,2.2305
1992-07-08,6.91,7.61,2.2446
1992-07-09,6.91,7.61,2.2514
1992-07-10,6.93,7.64,2.2538
1992-07-13,6.97,7.67,2.2702
1992-07-14,6.97,7.69,2.2689
1992-07-15,6.9,7.64,2.2409
1992-07-16,6.87,7.62,2.2305
1992-07-17,6.9,7.68,2.2437
1992-07-20,6.9,7.66,2.2438
1992-07-21,6.89,7.67,2.2373
1992-07-22,6.85,7.62,2.2149
1992-07-23,6.72,7.54,2.1524
1992-07-24,6.73,7.57,2.1444
1992-07-27,6.69,7.53,2.1244
1992-07-28,6.63,7.44,2.0961
1992-07-29,6.6,7.43,2.0817
1992-07-30,6.69,7.46,2.1234
1992-07-31,6.72,7.46,2.1499
1992-08-03,6.72,7.46,2.1609
1992-08-04,6.66,7.43,2.1348
1992-08-05,6.64,7.43,2.1191
1992-08-06,6.65,7.45,2.1178
1992-08-07,6.57,7.4,2.0845
1992-08-10,6.52,7.37,2.0572
1992-08-11,6.5,7.33,2.0404
1992-08-12,6.48,7.33,2.0451
1992-08-13,6.55,7.36,2.0828
1992-08-14,6.53,7.33,2.0826
1992-08-17,6.56,7.37,2.0967
1992-08-18,6.48,7.33,2.0658
1992-08-19,6.47,7.33,2.0549
1992-08-20,6.46,7.32,2.0462
1992-08-21,6.53,7.36,2.0796
1992-08-24,6.68,7.44,2.1471
1992-08-25,6.73,7.47,2.173
1992-08-26,6.68,7.43,2.1633
1992-08-27,6.64,7.42,2.1423
1992-08-28,6.63,7.42,2.1306
1992-08-31,6.62,7.42,2.1254
1992-09-01,6.56,7.38,2.0989
1992-09-02,6.54,7.37,2.078
1992-09-03,6.54,7.37,2.0716
1992-09-04,6.4,7.29,2.022
1992-09-08,6.29,7.23,1.9856
1992-09-09,6.31,7.25,1.9889
1992-09-10,6.31,7.24,1.9952
1992-09-11,6.37,7.3,2.0227
1992-09-14,6.32,7.26,2.0165
1992-09-15,6.4,7.33,2.0464
1992-09-16,6.41,7.35,2.0637
1992-09-17,6.4,7.34,2.0713
1992-09-18,6.41,7.32,2.0795
1992-09-21,6.42,7.35,2.0909
1992-09-22,6.5,7.45,2.1162
1992-09-23,6.54,7.48,2.1416
1992-09-24,6.48,7.42,2.128
1992-09-25,6.41,7.35,2.092
1992-09-28,6.37,7.34,2.0697
1992-09-29,6.37,7.36,2.0784
1992-09-30,6.37,7.38,2.0865
1992-10-01,6.23,7.3,2.0442
1992-10-02,6.26,7.33,2.048
1992-10-05,6.24,7.34,2.0393
1992-10-06,6.3,7.41,2.058
1992-10-07,6.46,7.48,2.1198
1992-10-08,6.41,7.45,2.1124
1992-10-09,6.52,7.52,2.1452
1992-10-13,6.51,7.53,2.1465
1992-10-14,6.51,7.5,2.1398
1992-10-15,6.53,7.51,2.1378
1992-10-16,6.6,7.54,2.1578
1992-10-19,6.69,7.57,2.1899
1992-10-20,6.86,7.65,2.2559
1992-10-21,6.8,7.63,2.246
1992-10-22,6.74,7.61,2.2232
1992-10-23,6.83,7.65,2.2509
1992-10-26,6.83,7.66,2.2572
1992-10-27,6.78,7.62,2.2284
1992-10-28,6.76,7.64,2.222
1992-10-29,6.71,7.6,2.2037
1992-10-30,6.8,7.63,2.236
1992-11-02,6.88,7.66,2.2667
1992-11-03,6.87,7.65,2.2631
1992-11-04,6.89,7.69,2.2693
1992-11-05,6.87,7.69,2.2722
1992-11-06,6.97,7.76,2.3035
1992-11-09,7.0,7.75,2.324
1992-11-10,6.91,7.68,2.2956
1992-11-12,6.79,7.57,2.2413
1992-11-13,6.82,7.57,2.2483
1992-11-16,6.9,7.56,2.2733
1992-11-17,6.86,7.55,2.2583
1992-11-18,6.78,7.51,2.2204
1992-11-19,6.81,7.54,2.2212
1992-11-20,6.84,7.54,2.2354
1992-11-23,6.86,7.56,2.2426
1992-11-24,6.82,7.53,2.2251
1992-11-25,6.84,7.54,2.2378
1992-11-27,6.93,7.59,2.2773
1992-11-30,6.95,7.59,2.283
1992-12-01,6.94,7.57,2.279
1992-12-02,6.93,7.57,2.2723
1992-12-03,6.91,7.57,2.2651
1992-12-04,6.84,7.5,2.2332
1992-12-07,6.78,7.45,2.2055
1992-12-08,6.73,7.44,2.181
1992-12-09,6.76,7.44,2.1823
1992-12-10,6.77,7.42,2.1889
1992-12-11,6.8,7.44,2.1965
1992-12-14,6.83,7.45,2.2135
1992-12-15,6.83,7.45,2.2105
1992-12-16,6.77,7.44,2.196
1992-12-17,6.77,7.43,
1992-12-18,6.76,7.43,
1992-12-21,6.71,7.38,2.1839
1992-12-22,6.65,7.34,2.1606
1992-12-23,6.68,7.36,2.1661
1992-12-24,6.69,7.36,2.1723
1992-12-28,6.72,7.4,2.1894
1992-12-29,6.69,7.37,2.1844
1992-12-30,6.68,7.39,2.1793
1992-12-31,6.7,7.4,
1993-01-04,6.6,7.33,2.1592
1993-01-05,6.61,7.33,2.1547
1993-01-06,6.63,7.34,2.1636
1993-01-07,6.76,7.45,2.2089
1993-01-08,6.75,7.47,2.2088
1993-01-11,6.71,7.47,2.201
1993-01-12,6.72,7.48,2.2118
1993-01-13,6.71,7.45,2.2015
1993-01-14,6.65,7.41,2.1886
1993-01-15,6.6,7.35,2.1623
1993-01-19,6.59,7.31,2.1502
1993-01-20,6.61,7.32,
1993-01-21,6.6,7.31,2.1453
1993-01-22,6.57,7.3,2.1303
1993-01-25,6.48,7.22,2.0997
1993-01-26,6.5,7.26,2.1016
1993-01-27,6.48,7.25,2.0903
1993-01-28,6.44,7.23,2.0674
1993-01-29,6.39,7.21,2.0471
1993-02-01,6.38,7.21,2.03
1993-02-02,6.46,7.25,2.0466
1993-02-03,6.45,7.23,2.0468
1993-02-04,6.39,7.19,2.0185
1993-02-05,6.32,7.17,1.9773
1993-02-08,6.37,7.18,1.9859
1993-02-09,6.41,7.2,2.006
1993-02-10,6.4,7.26,2.0373
1993-02-11,6.37,7.15,2.0278
1993-02-12,6.35,7.13,2.0221
1993-02-16,6.34,7.14,2.01
1993-02-17,6.28,7.11,1.9804
1993-02-18,6.17,7.02,1.9236
1993-02-19,6.15,7.01,1.9099
1993-02-22,6.09,6.95,1.8826
1993-02-23,5.92,6.83,1.8101
1993-02-24,6.01,6.88,1.8252
1993-02-25,6.03,6.89,1.8381
1993-02-26,6.03,6.9,1.8398
1993-03-01,5.94,6.83,1.8076
1993-03-02,5.95,6.84,1.7969
1993-03-03,5.88,6.78,1.765
1993-03-04,5.83,6.73,1.7376
1993-03-05,5.9,6.76,1.7629
1993-03-08,5.85,6.72,1.7558
1993-03-09,5.91,6.73,1.7756
1993-03-10,5.97,6.75,1.7943
1993-03-11,5.96,6.75,1.8006
1993-03-12,6.11,6.86,1.8561
1993-03-15,6.17,6.91,1.8968
1993-03-16,6.06,6.87,1.8715
1993-03-17,6.02,6.86,1.8513
1993-03-18,5.93,6.8,1.8117
1993-03-19,5.95,6.81,1.8166
1993-03-22,5.96,6.81,1.8216
1993-03-23,5.91,6.77,1.8053
1993-03-24,5.95,6.81,1.8198
1993-03-25,5.98,6.83,1.8312
1993-03-26,6.09,6.94,1.883
1993-03-29,6.06,6.9,1.8754
1993-03-30,6.02,6.91,1.8626
1993-03-31,6.03,6.93,1.8688
1993-04-01,6.06,6.97,1.8742
1993-04-02,6.16,7.06,1.9125
1993-04-05,6.13,7.04,1.9066
1993-04-06,6.08,6.97,1.8854
1993-04-07,6.07,6.96,1.8716
1993-04-08,5.97,6.85,1.8287
1993-04-12,5.92,6.79,1.7962
1993-04-13,5.93,6.8,1.7973
1993-04-14,5.9,6.76,1.7852
1993-04-15,5.88,6.73,1.7736
1993-04-16,5.89,6.76,1.7773
1993-04-19,5.87,6.73,
1993-04-20,5.87,6.76,1.7763
1993-04-21,5.86,6.75,1.7714
1993-04-22,5.85,6.75,1.7637
1993-04-23,5.89,6.79,1.7703
1993-04-26,5.94,6.83,1.7857
1993-04-27,6.02,6.9,1.8203
1993-04-28,6.03,6.91,1.8296
1993-04-29,5.99,6.88,1.8144
1993-04-30,6.05,6.95,
1993-05-03,5.96,6.86,1.7978
1993-05-04,5.92,6.81,1.7793
1993-05-05,5.93,6.82,1.7763
1993-05-06,5.89,6.8,1.7676
1993-05-07,5.92,6.85,1.7722
1993-05-10,5.89,6.81,1.7633
1993-05-11,5.89,6.82,1.7555
1993-05-12,5.96,6.86,1.7684
1993-05-13,6.02,6.96,1.7992
1993-05-14,6.03,6.95,1.8107
1993-05-17,6.07,6.97,1.8296
1993-05-18,6.15,7.02,1.8472
1993-05-19,6.11,6.98,1.8367
1993-05-20,6.09,6.99,1.8303
1993-05-21,6.16,7.03,1.8508
1993-05-24,6.16,6.99,1.8513
1993-05-25,6.17,7.01,1.8454
1993-05-26,6.12,6.94,1.8216
1993-05-27,6.11,6.93,1.8104
1993-05-28,6.16,6.98,1.8189
1993-06-01,6.07,6.88,1.7854
1993-06-02,6.06,6.88,1.7671
1993-06-03,6.02,6.86,1.747
1993-06-04,6.11,6.91,1.7763
1993-06-07,6.08,6.88,1.7642
1993-06-08,6.09,6.91,1.7631
1993-06-09,6.07,6.87,1.7573
1993-06-10,6.07,6.88,1.7551
1993-06-11,5.97,6.8,1.7187
1993-06-14,5.97,6.81,1.7122
1993-06-15,5.96,6.83,1.7078
1993-06-16,5.96,6.82,1.7081
1993-06-17,5.93,6.81,1.7038
1993-06-18,5.97,6.82,1.7115
1993-06-21,5.92,6.78,1.6972
1993-06-22,5.91,6.78,1.6872
1993-06-23,5.91,6.77,1.681
1993-06-24,5.88,6.74,1.6629
1993-06-25,5.84,6.71,1.6443
1993-06-28,5.8,6.67,1.6252
1993-06-29,5.79,6.67,1.6191
1993-06-30,5.8,6.68,1.6232
1993-07-01,5.8,6.69,1.6295
1993-07-02,5.76,6.67,1.6208
1993-07-06,5.8,6.68,1.6339
1993-07-07,5.8,6.68,1.6367
1993-07-08,5.78,6.66,1.6222
1993-07-09,5.76,6.64,1.6117
1993-07-12,5.75,6.62,1.6035
1993-07-13,5.78,6.62,1.6051
1993-07-14,5.72,6.56,1.5822
1993-07-15,5.72,6.55,1.5757
1993-07-16,5.71,6.54,1.5703
1993-07-19,5.71,6.54,1.5689
1993-07-20,5.75,6.55,1.5846
1993-07-21,5.83,6.62,1.6198
1993-07-22,5.9,6.65,1.6556
1993-07-23,5.95,6.71,1.6812
1993-07-26,5.93,6.68,1.6798
1993-07-27,5.92,6.68,1.6805
1993-07-28,5.9,6.66,1.67
1993-07-29,5.81,6.57,1.6345
1993-07-30,5.83,6.57,1.6369
1993-08-02,5.85,6.56,1.6481
1993-08-03,5.83,6.53,1.6406
1993-08-04,5.87,6.54,1.648
1993-08-05,5.86,6.53,1.6517
1993-08-06,5.86,6.53,1.6534
1993-08-09,5.82,6.47,1.6413
1993-08-10,5.82,6.45,1.6417
1993-08-11,5.75,6.44,1.6371
1993-08-12,5.77,6.37,1.6368
1993-08-13,5.72,6.35,1.6238
1993-08-16,5.68,6.31,1.6044
1993-08-17,5.7,6.31,1.6079
1993-08-18,5.69,6.26,1.5987
1993-08-19,5.64,6.21,1.5756
1993-08-20,5.61,6.22,1.5633
1993-08-23,5.6,6.22,1.5991
1993-08-24,5.54,6.2,1.5368
1993-08-25,5.51,6.18,1.5094
1993-08-26,5.42,6.09,1.4703
1993-08-27,5.48,6.13,
1993-08-30,5.44,6.12,1.4622
1993-08-31,5.45,6.09,1.4554
1993-09-01,5.46,6.09,1.4553
1993-09-02,5.41,6.04,1.4379
1993-09-03,5.31,5.95,1.3994
1993-09-07,5.23,5.88,1.3706
1993-09-08,5.23,5.86,1.3618
1993-09-09,5.35,5.96,1.4002
1993-09-10,5.29,5.89,1.3832
1993-09-13,5.26,5.86,1.373
1993-09-14,5.37,5.97,1.4142
1993-09-15,5.39,6.0,1.431
1993-09-16,5.37,6.01,1.4319
1993-09-17,5.38,6.04,1.438
1993-09-20,5.42,6.08,1.4503
1993-09-21,5.47,6.14,1.4725
1993-09-22,5.45,6.1,1.4727
1993-09-23,5.42,6.06,1.4693
1993-09-24,5.42,6.06,1.4667
1993-09-27,5.3,5.97,1.4241
1993-09-28,5.28,5.94,1.4049
1993-09-29,5.35,6.0,1.4189
1993-09-30,5.4,6.04,1.4421
1993-10-01,5.34,5.98,1.4234
1993-10-04,5.34,5.99,1.4149
1993-10-05,5.35,6.01,1.4112
1993-10-06,5.35,6.01,1.4059
1993-10-07,5.33,6.01,1.4024
1993-10-08,5.26,5.92,1.3695
1993-10-12,5.27,5.92,1.3634
1993-10-13,5.27,5.92,1.3601
1993-10-14,5.23,5.86,1.3395
1993-10-15,5.19,5.78,1.318
1993-10-18,5.27,5.85,1.3449
1993-10-19,5.27,5.85,1.3457
1993-10-20,5.26,5.83,1.3372
1993-10-21,5.35,5.92,1.373
1993-10-22,5.42,5.98,1.4059
1993-10-25,5.47,6.02,1.4409
1993-10-26,5.43,6.0,1.4332
1993-10-27,5.44,6.0,1.4358
1993-10-28,5.41,5.97,
1993-10-29,5.43,5.96,1.4414
1993-11-01,5.56,6.02,1.4885
1993-11-02,5.63,6.07,1.5247
1993-11-03,5.67,6.11,1.5333
1993-11-04,5.67,6.19,1.5507
1993-11-05,5.75,6.22,1.5894
1993-11-08,5.7,6.22,1.5766
1993-11-09,5.64,6.16,1.5565
1993-11-10,5.72,6.21,1.5737
1993-11-12,5.66,6.15,1.5524
1993-11-15,5.69,6.17,1.5523
1993-11-16,5.66,6.17,1.5379
1993-11-17,5.65,6.19,1.5364
1993-11-18,5.72,6.23,1.5602
1993-11-19,5.84,6.34,1.6087
1993-11-22,5.89,6.36,1.64
1993-11-23,5.82,6.3,1.6216
1993-11-24,5.84,6.31,1.6228
1993-11-26,5.78,6.26,1.6043
1993-11-29,5.76,6.23,1.5926
1993-11-30,5.83,6.29,1.6109
1993-12-01,5.82,6.28,1.6112
1993-12-02,5.81,6.27,1.6104
1993-12-03,5.8,6.25,1.6114
1993-12-06,5.72,6.17,1.5807
1993-12-07,5.71,6.17,1.5708
1993-12-08,5.71,6.17,1.5653
1993-12-09,5.68,6.15,1.5543
1993-12-10,5.73,6.19,1.5746
1993-12-13,5.78,6.24,1.5987
1993-12-14,5.82,6.29,1.6213
1993-12-15,5.83,6.29,1.6314
1993-12-16,5.84,6.31,1.6386
1993-12-17,5.81,6.29,1.6299
1993-12-20,5.83,6.3,1.637
1993-12-21,5.85,6.32,1.6433
1993-12-22,5.74,6.22,1.608
1993-12-23,5.72,6.22,1.5901
1993-12-27,5.72,6.23,1.582
1993-12-28,5.72,6.24,1.5796
1993-12-29,5.74,6.25,1.5878
1993-12-30,5.82,6.34,1.5924
1993-12-31,5.83,6.35,1.6307
1994-01-03,5.92,6.41,1.6781
1994-01-04,5.88,6.37,1.6688
1994-01-05,5.9,6.4,1.6735
1994-01-06,5.84,6.36,1.6511
1994-01-07,5.7,6.24,1.5867
1994-01-10,5.67,6.24,1.5686
1994-01-11,5.67,6.25,1.561
1994-01-12,5.6,6.17,1.5368
1994-01-13,5.71,6.26,1.5779
1994-01-14,5.78,6.3,1.6068
1994-01-18,5.74,6.28,1.6036
1994-01-19,5.76,6.3,
1994-01-20,5.71,6.27,1.5837
1994-01-21,5.73,6.29,1.5872
1994-01-24,5.74,6.3,1.5908
1994-01-25,5.78,6.34,1.6037
1994-01-26,5.77,6.33,1.6026
1994-01-27,5.73,6.27,1.5817
1994-01-28,5.68,6.21,1.5518
1994-01-31,5.7,6.23,1.5535
1994-02-01,5.77,6.31,1.5755
1994-02-02,5.77,6.29,1.5767
1994-02-03,5.81,6.31,1.5894
1994-02-04,5.94,6.37,1.6367
1994-02-07,5.96,6.38,1.6527
1994-02-08,6.01,6.44,1.671
1994-02-09,5.92,6.43,1.6625
1994-02-10,5.91,6.45,1.662
1994-02-11,5.88,6.41,1.6504
1994-02-14,5.9,6.45,1.6564
1994-02-15,5.88,6.45,1.6506
1994-02-16,5.89,6.46,1.651
1994-02-17,6.0,6.54,1.6906
1994-02-18,6.09,6.63,1.7297
1994-02-22,6.05,6.6,1.7297
1994-02-23,6.13,6.65,1.7503
1994-02-24,6.22,6.75,1.7859
1994-02-25,6.21,6.73,1.7908
1994-02-28,6.15,6.67,1.7761
1994-03-01,6.28,6.79,1.8124
1994-03-02,6.3,6.79,1.8219
1994-03-03,6.35,6.84,1.8419
1994-03-04,6.38,6.85,1.8518
1994-03-07,6.32,6.8,1.833
1994-03-08,6.38,6.85,1.8438
1994-03-09,6.38,6.85,1.847
1994-03-10,6.48,6.94,1.8869
1994-03-11,6.46,6.91,1.8874
1994-03-14,6.5,6.93,1.901
1994-03-15,6.47,6.9,1.8912
1994-03-16,6.4,6.82,1.8593
1994-03-17,6.4,6.82,1.8586
1994-03-18,6.49,6.9,1.8971
1994-03-21,6.55,6.94,1.9242
1994-03-22,6.44,6.85,1.8857
1994-03-23,6.44,6.85,1.8776
1994-03-24,6.58,6.98,1.9402
1994-03-25,6.61,6.99,1.9642
1994-03-28,6.63,6.98,1.9763
1994-03-29,6.71,7.06,2.0127
1994-03-30,6.78,7.1,2.0494
1994-03-31,6.77,7.11,2.0618
1994-04-04,7.16,7.43,2.2088
1994-04-05,6.97,7.28,2.1599
1994-04-06,6.93,7.25,2.1329
1994-04-07,6.86,7.21,2.1146
1994-04-08,6.94,7.26,2.1381
1994-04-11,6.92,7.24,2.1403
1994-04-12,6.87,7.2,2.1158
1994-04-13,6.93,7.26,2.1396
1994-04-14,6.97,7.29,2.1589
1994-04-15,6.97,7.29,2.1529
1994-04-18,7.14,7.41,2.2104
1994-04-19,7.1,7.37,2.192
1994-04-20,7.05,7.33,2.165
1994-04-21,6.91,7.22,2.0943
1994-04-22,6.93,7.21,2.0842
1994-04-25,6.86,7.14,2.0485
1994-04-26,6.86,7.12,2.0238
1994-04-28,7.04,7.29,2.0786
1994-04-29,7.06,7.31,2.1036
1994-05-02,7.09,7.33,2.1205
1994-05-03,7.13,7.35,2.1236
1994-05-04,7.14,7.35,2.1195
1994-05-05,7.11,7.33,2.1052
1994-05-06,7.35,7.53,2.1818
1994-05-09,7.49,7.63,2.2365
1994-05-10,7.33,7.5,2.1762
1994-05-11,7.4,7.6,2.2018
1994-05-12,7.36,7.57,2.1996
1994-05-13,7.29,7.5,2.1828
1994-05-16,7.24,7.46,2.1602
1994-05-17,7.03,7.27,2.0725
1994-05-18,7.03,7.27,2.0342
1994-05-19,6.96,7.24,1.997
1994-05-20,7.02,7.3,2.0121
1994-05-23,7.19,7.44,2.0788
1994-05-24,7.17,7.41,2.0799
1994-05-25,7.14,7.37,2.0696
1994-05-26,7.09,7.37,2.0585
1994-05-27,7.12,7.4,2.0667
1994-05-31,7.17,7.44,2.0885
1994-06-01,7.12,7.39,2.0752
1994-06-02,7.07,7.35,2.0543
1994-06-03,6.98,7.26,2.0124
1994-06-06,6.91,7.21,1.9681
1994-06-07,6.95,7.26,1.9737
1994-06-08,6.96,7.28,1.977
1994-06-09,6.98,7.28,1.9849
1994-06-10,7.03,7.32,2.0115
1994-06-13,7.07,7.36,2.0325
1994-06-14,7.0,7.31,2.0098
1994-06-15,7.1,7.41,2.046
1994-06-16,7.07,7.38,2.0451
1994-06-17,7.14,7.45,2.077
1994-06-20,7.16,7.46,2.0933
1994-06-21,7.22,7.51,2.1169
1994-06-22,7.13,7.41,2.0841
1994-06-23,7.1,7.4,2.0688
1994-06-24,7.22,7.52,2.1129
1994-06-27,7.18,7.46,2.1089
1994-06-28,7.26,7.53,2.1432
1994-06-29,7.24,7.51,2.152
1994-06-30,7.34,7.63,2.1965
1994-07-01,7.34,7.62,2.1993
1994-07-05,7.31,7.6,2.1837
1994-07-06,7.32,7.61,2.1734
1994-07-07,7.3,7.6,2.1583
1994-07-08,7.42,7.7,
1994-07-11,7.47,7.73,2.2122
1994-07-12,7.43,7.69,2.1931
1994-07-13,7.41,7.68,2.1835
1994-07-14,7.25,7.54,2.1191
1994-07-15,7.25,7.55,2.1139
1994-07-18,7.2,7.51,2.0959
1994-07-19,7.15,7.47,2.0721
1994-07-20,7.25,7.55,2.1017
1994-07-21,7.27,7.55,2.1193
1994-07-22,7.29,7.56,2.1245
1994-07-25,7.27,7.53,2.1119
1994-07-26,7.28,7.55,2.1075
1994-07-27,7.34,7.6,2.1232
1994-07-28,7.29,7.55,2.1277
1994-07-29,7.12,7.39,2.0523
1994-08-01,7.13,7.41,2.0433
1994-08-02,7.11,7.4,2.0244
1994-08-03,7.09,7.38,2.0175
1994-08-04,7.12,7.4,2.0265
1994-08-05,7.28,7.54,2.0813
1994-08-08,7.28,7.53,2.0881
1994-08-09,7.33,7.57,2.1036
1994-08-10,7.3,7.58,2.1066
1994-08-11,7.36,7.56,2.1316
1994-08-12,7.27,7.48,2.1439
1994-08-15,7.3,7.51,2.1152
1994-08-16,7.19,7.39,2.0495
1994-08-17,7.15,7.39,2.0156
1994-08-18,7.28,7.5,2.0549
1994-08-19,7.27,7.5,2.0605
1994-08-22,7.31,7.56,2.0823
1994-08-23,7.28,7.54,2.0784
1994-08-24,7.22,7.47,2.0483
1994-08-25,7.29,7.55,2.0714
1994-08-26,7.24,7.49,2.0565
1994-08-29,7.24,7.5,2.051
1994-08-30,7.2,7.47,2.0332
1994-08-31,7.19,7.46,2.022
1994-09-01,7.19,7.46,2.0222
1994-09-02,7.21,7.5,2.0299
1994-09-06,7.27,7.55,2.0587
1994-09-07,7.29,7.58,2.0764
1994-09-08,7.3,7.58,2.0815
1994-09-09,7.44,7.71,2.1401
1994-09-12,7.46,7.72,2.156
1994-09-13,7.44,7.7,2.1517
1994-09-14,7.41,7.68,2.1397
1994-09-15,7.35,7.64,2.1198
1994-09-16,7.52,7.78,2.1737
1994-09-19,7.49,7.75,2.176
1994-09-20,7.53,7.78,2.1896
1994-09-21,7.56,7.8,2.1899
1994-09-22,7.56,7.79,2.1811
1994-09-23,7.57,7.8,2.181
1994-09-26,7.57,7.8,2.179
1994-09-27,7.61,7.85,2.192
1994-09-28,7.57,7.81,2.1991
1994-09-29,7.64,7.86,2.2265
1994-09-30,7.62,7.82,2.2211
1994-10-03,7.66,7.86,2.2256
1994-10-04,7.7,7.89,2.2198
1994-10-05,7.77,7.95,2.2352
1994-10-06,7.78,7.95,2.2356
1994-10-07,7.7,7.91,
1994-10-11,7.65,7.86,2.1891
1994-10-12,7.69,7.89,2.1893
1994-10-13,7.64,7.84,2.1753
1994-10-14,7.61,7.83,2.1656
1994-10-17,7.62,7.83,2.1726
1994-10-18,7.64,7.86,2.174
1994-10-19,7.68,7.9,2.1924
1994-10-20,7.8,8.0,2.2365
1994-10-21,7.81,7.99,2.2399
1994-10-24,7.86,8.04,2.2567
1994-10-25,7.88,8.06,2.262
1994-10-26,7.88,8.06,2.2716
1994-10-27,7.88,8.05,2.2759
1994-10-28,7.82,7.96,2.252
1994-10-31,7.81,7.97,2.2413
1994-11-01,7.91,8.06,2.2733
1994-11-02,7.96,8.09,2.2927
1994-11-03,7.96,8.11,2.2989
1994-11-04,8.04,8.16,2.3219
1994-11-07,8.05,8.16,2.3237
1994-11-08,8.01,8.12,2.3055
1994-11-09,7.94,8.09,2.2796
1994-11-10,7.98,8.15,2.2885
1994-11-14,7.94,8.09,2.2753
1994-11-15,7.92,8.05,2.2498
1994-11-16,7.97,8.09,2.2608
1994-11-17,8.03,8.14,2.2808
1994-11-18,8.01,8.14,2.2826
1994-11-21,8.03,8.14,2.2897
1994-11-22,8.0,8.11,2.279
1994-11-23,7.81,7.96,2.2101
1994-11-25,7.8,7.94,2.1955
1994-11-28,7.88,7.99,2.208
1994-11-29,7.95,8.05,2.2283
1994-11-30,7.91,7.99,2.2004
1994-12-01,7.92,8.02,2.1963
1994-12-02,7.81,7.92,2.1443
1994-12-05,7.83,7.94,2.1291
1994-12-06,7.73,7.84,2.0692
1994-12-07,7.81,7.9,2.088
1994-12-08,7.79,7.88,2.1003
1994-12-09,7.79,7.86,2.0937
1994-12-12,7.85,7.92,2.1143
1994-12-13,7.83,7.86,2.1027
1994-12-14,7.8,7.86,2.0783
1994-12-15,7.79,7.86,2.0855
1994-12-16,7.81,7.86,2.1001
1994-12-19,7.81,7.84,2.1037
1994-12-20,7.81,7.85,2.1077
1994-12-21,7.8,7.84,2.1118
1994-12-22,7.84,7.87,2.1245
1994-12-23,7.85,7.85,2.1205
1994-12-27,7.76,7.76,2.0843
1994-12-28,7.8,7.83,2.0971
1994-12-29,7.82,7.85,2.1153
1994-12-30,7.84,7.89,2.1267
1995-01-03,7.88,7.93,2.1506
1995-01-04,7.82,7.85,2.1177
1995-01-05,7.88,7.91,2.1286
1995-01-06,7.87,7.87,2.1228
1995-01-09,7.89,7.9,2.1315
1995-01-10,7.84,7.87,2.1151
1995-01-11,7.79,7.85,2.1083
1995-01-12,7.8,7.88,2.1217
1995-01-13,7.69,7.8,2.0662
1995-01-17,7.7,7.78,2.0762
1995-01-18,7.71,7.78,2.0771
1995-01-19,7.74,7.82,2.0862
1995-01-20,7.82,7.9,2.0962
1995-01-23,7.83,7.91,2.1147
1995-01-24,7.86,7.93,2.1239
1995-01-25,7.8,7.88,2.0914
1995-01-26,7.76,7.85,2.0655
1995-01-27,7.66,7.75,2.0231
1995-01-30,7.65,7.76,2.0061
1995-01-31,7.6,7.71,1.9862
1995-02-01,7.66,7.75,1.991
1995-02-02,7.68,7.76,2.003
1995-02-03,7.49,7.61,1.9289
1995-02-06,7.53,7.64,1.9284
1995-02-07,7.52,7.65,1.9283
1995-02-08,7.53,7.66,1.932
1995-02-09,7.58,7.65,1.9528
1995-02-10,7.62,7.68,1.9806
1995-02-13,7.61,7.67,1.9813
1995-02-14,7.51,7.61,1.9481
1995-02-15,7.45,7.58,
1995-02-16,7.4,7.57,1.9021
1995-02-17,7.43,7.59,1.904
1995-02-21,7.44,7.61,1.9093
1995-02-22,7.34,7.54,1.8728
1995-02-23,7.34,7.56,1.8663
1995-02-24,7.33,7.54,1.8637
1995-02-27,7.24,7.49,1.8279
1995-02-28,7.22,7.46,1.8119
1995-03-01,7.23,7.45,1.8032
1995-03-02,7.3,7.5,1.8264
1995-03-03,7.36,7.56,1.8596
1995-03-06,7.41,7.59,1.8832
1995-03-07,7.44,7.64,1.8943
1995-03-08,7.36,7.56,1.8649
1995-03-09,7.3,7.53,1.8336
1995-03-10,7.23,7.46,1.7983
1995-03-13,7.19,7.45,1.7711
1995-03-14,7.09,7.35,1.7274
1995-03-15,7.09,7.36,1.7221
1995-03-16,7.05,7.33,1.709
1995-03-17,7.12,7.37,1.7334
1995-03-20,7.12,7.4,
1995-03-21,7.16,7.43,1.7611
1995-03-22,7.21,7.46,1.7887
1995-03-23,7.21,7.47,1.7978
1995-03-24,7.09,7.38,1.7631
1995-03-27,7.05,7.33,1.739
1995-03-28,7.16,7.41,1.7689
1995-03-29,7.16,7.4,1.7823
1995-03-30,7.18,7.43,1.7971
1995-03-31,7.2,7.44,1.8116
1995-04-03,7.14,7.39,1.7851
1995-04-04,7.12,7.38,1.7551
1995-04-05,7.12,7.38,1.7514
1995-04-06,7.09,7.36,1.7414
1995-04-07,7.11,7.39,1.7463
1995-04-10,7.12,7.39,1.7545
1995-04-11,7.09,7.37,1.7461
1995-04-12,7.06,7.36,1.7366
1995-04-13,7.03,7.34,1.717
1995-04-17,7.04,7.39,1.7121
1995-04-18,7.04,7.4,1.7144
1995-04-19,7.06,7.37,1.7222
1995-04-20,7.02,7.35,1.708
1995-04-21,7.01,7.34,1.7034
1995-04-24,7.01,7.32,1.697
1995-04-25,7.01,7.33,1.6953
1995-04-26,7.01,7.32,1.6941
1995-04-27,7.04,7.33,1.7014
1995-04-28,7.07,7.34,1.7133
1995-05-01,7.09,7.35,1.7183
1995-05-02,7.04,7.33,1.7005
1995-05-03,6.96,7.25,1.6642
1995-05-04,6.85,7.15,1.6206
1995-05-05,6.69,7.02,1.5455
1995-05-08,6.7,7.02,1.5347
1995-05-09,6.61,6.94,1.4889
1995-05-10,6.66,6.97,1.4998
1995-05-11,6.68,6.99,1.5134
1995-05-12,6.67,7.0,1.5163
1995-05-15,6.62,6.95,1.4938
1995-05-16,6.57,6.87,1.463
1995-05-17,6.53,6.86,1.4505
1995-05-18,6.61,6.91,1.4766
1995-05-19,6.61,6.91,1.4803
1995-05-22,6.63,6.92,1.4865
1995-05-23,6.57,6.87,1.4598
1995-05-24,6.44,6.77,1.3993
1995-05-25,6.39,6.73,1.3777
1995-05-26,6.4,6.75,1.3765
1995-05-30,6.3,6.67,1.3399
1995-05-31,6.3,6.67,1.3336
1995-06-01,6.2,6.61,1.2956
1995-06-02,6.1,6.52,1.2569
1995-06-05,6.08,6.51,1.2462
1995-06-06,6.08,6.51,1.2521
1995-06-07,6.2,6.53,1.2873
1995-06-08,6.22,6.57,1.3111
1995-06-09,6.4,6.72,1.3754
1995-06-12,6.37,6.71,1.3828
1995-06-13,6.14,6.56,1.2987
1995-06-14,6.15,6.57,1.2895
1995-06-15,6.18,6.61,1.3016
1995-06-16,6.21,6.62,1.316
1995-06-19,6.13,6.56,1.2867
1995-06-20,6.16,6.57,1.2941
1995-06-21,6.13,6.55,1.2868
1995-06-22,6.04,6.48,1.2546
1995-06-23,6.06,6.51,1.2606
1995-06-26,6.11,6.54,1.2815
1995-06-27,6.15,6.56,1.299
1995-06-28,6.1,6.52,1.2893
1995-06-29,6.28,6.65,1.3468
1995-06-30,6.21,6.63,1.3357
1995-07-03,6.21,6.63,1.3313
1995-07-05,6.19,6.61,1.315
1995-07-06,6.05,6.51,1.2613
1995-07-07,6.04,6.52,1.2463
1995-07-10,6.04,6.51,1.2452
1995-07-11,6.09,6.57,1.2628
1995-07-12,6.1,6.55,1.2685
1995-07-13,6.09,6.55,1.2714
1995-07-14,6.15,6.6,1.2966
1995-07-17,6.22,6.67,1.3295
1995-07-18,6.25,6.73,1.354
1995-07-19,6.43,6.89,1.4246
1995-07-20,6.43,6.87,1.441
1995-07-21,6.53,6.96,1.4833
1995-07-24,6.46,6.9,1.4696
1995-07-25,6.43,6.84,1.4562
1995-07-26,6.48,6.9,1.4758
1995-07-27,6.43,6.84,1.4628
1995-07-28,6.49,6.91,1.482
1995-07-31,6.45,6.86,1.4682
1995-08-01,6.5,6.92,1.4839
1995-08-02,6.44,6.86,1.4609
1995-08-03,6.53,6.93,1.4903
1995-08-04,6.5,6.9,1.485
1995-08-07,6.48,6.89,1.478
1995-08-08,6.47,6.89,1.4749
1995-08-09,6.47,6.93,1.484
1995-08-10,6.51,6.9,1.502
1995-08-11,6.59,6.98,1.5444
1995-08-14,6.59,6.96,1.5494
1995-08-15,6.57,6.92,1.542
1995-08-16,6.54,6.89,1.524
1995-08-17,6.57,6.9,1.5317
1995-08-18,6.57,6.91,1.5318
1995-08-21,6.54,6.87,1.5132
1995-08-22,6.57,6.89,1.5249
1995-08-23,6.6,6.92,1.5358
1995-08-24,6.5,6.84,1.5066
1995-08-25,6.38,6.72,1.4507
1995-08-28,6.34,6.7,1.4336
1995-08-29,6.36,6.72,1.44
1995-08-30,6.33,6.7,1.4279
1995-08-31,6.28,6.65,1.41
1995-09-01,6.22,6.61,1.379
1995-09-05,6.18,6.57,1.3578
1995-09-06,6.17,6.57,1.3458
1995-09-07,6.21,6.6,1.3568
1995-09-08,6.24,6.6,1.3668
1995-09-11,6.24,6.6,1.3726
1995-09-12,6.16,6.51,1.346
1995-09-13,6.18,6.52,1.3549
1995-09-14,6.08,6.45,1.3186
1995-09-15,6.11,6.47,1.3243
1995-09-18,6.17,6.53,1.3565
1995-09-19,6.14,6.49,1.3545
1995-09-20,6.1,6.46,1.3464
1995-09-21,6.21,6.56,1.3791
1995-09-22,6.25,6.59,1.4007
1995-09-25,6.26,6.58,1.4078
1995-09-26,6.28,6.58,1.4095
1995-09-27,6.3,6.61,1.4252
1995-09-28,6.28,6.59,1.4118
1995-09-29,6.17,6.49,1.3642
1995-10-02,6.15,6.48,1.3487
1995-10-03,6.13,6.46,1.3252
1995-10-04,6.12,6.44,1.307
1995-10-05,6.06,6.43,1.2935
1995-10-06,6.06,6.43,1.2847
1995-10-10,6.07,6.43,1.2856
1995-10-11,6.09,6.44,1.2897
1995-10-12,6.07,6.41,1.2784
1995-10-13,5.97,6.3,1.2348
1995-10-16,5.97,6.32,1.2257
1995-10-17,5.97,6.3,1.219
1995-10-18,5.99,6.32,1.231
1995-10-19,5.98,6.31,1.2309
1995-10-20,6.04,6.35,1.2583
1995-10-23,6.07,6.38,1.273
1995-10-24,6.02,6.33,1.253
1995-10-25,6.0,6.32,1.2401
1995-10-26,6.06,6.38,1.2541
1995-10-27,6.05,6.35,1.2557
1995-10-30,6.04,6.35,1.2528
1995-10-31,6.03,6.34,1.2475
1995-11-01,5.98,6.29,1.2208
1995-11-02,5.92,6.25,1.195
1995-11-03,5.94,6.28,1.1945
1995-11-06,5.96,6.29,1.2025
1995-11-07,5.99,6.31,1.2143
1995-11-08,5.92,6.25,1.1891
1995-11-09,5.97,6.29,1.1986
1995-11-10,6.0,6.33,1.2154
1995-11-13,5.98,6.28,1.2036
1995-11-14,5.97,6.3,1.1989
1995-11-15,6.0,6.3,1.2118
1995-11-16,5.93,6.24,1.1899
1995-11-17,5.92,6.23,1.1843
1995-11-20,5.93,6.25,1.1837
1995-11-21,5.92,6.27,1.1978
1995-11-22,5.93,6.28,1.2052
1995-11-24,5.91,6.25,1.205
1995-11-27,5.88,6.23,1.1902
1995-11-28,5.88,6.24,1.183
1995-11-29,5.85,6.22,1.1689
1995-11-30,5.76,6.14,1.1312
1995-12-01,5.71,6.1,1.1092
1995-12-04,5.63,6.01,1.0694
1995-12-05,5.65,6.04,1.0681
1995-12-06,5.67,6.03,1.076
1995-12-07,5.72,6.07,1.093
1995-12-08,5.73,6.06,1.1075
1995-12-11,5.71,6.04,1.0976
1995-12-12,5.72,6.05,1.1069
1995-12-13,5.74,6.07,1.1131
1995-12-14,5.74,6.08,1.1154
1995-12-15,5.75,6.09,1.1229
1995-12-18,5.85,6.2,1.1709
1995-12-19,5.81,6.14,1.1657
1995-12-20,5.76,6.11,1.1601
1995-12-21,5.77,6.11,1.1725
1995-12-22,5.71,6.06,1.1601
1995-12-26,5.69,6.04,1.1559
1995-12-27,5.66,6.01,1.1424
1995-12-28,5.63,5.98,1.1345
1995-12-29,5.58,5.96,1.11
1996-01-02,5.6,5.97,1.104
1996-01-03,5.58,5.96,1.0854
1996-01-04,5.65,6.03,1.0992
1996-01-05,5.69,6.05,1.1169
1996-01-08,5.68,6.04,1.1173
1996-01-09,5.7,6.06,1.125
1996-01-10,5.8,6.16,1.1669
1996-01-11,5.78,6.16,1.1712
1996-01-12,5.75,6.16,1.1628
1996-01-16,5.66,6.09,1.1384
1996-01-17,5.58,6.0,1.1039
1996-01-18,5.53,5.98,1.0849
1996-01-19,5.54,5.97,1.0842
1996-01-22,5.61,6.04,1.1064
1996-01-23,5.66,6.09,1.1282
1996-01-24,5.62,6.02,1.1145
1996-01-25,5.7,6.11,1.1457
1996-01-26,5.65,6.04,1.1358
1996-01-29,5.69,6.09,1.1365
1996-01-30,5.63,6.04,1.1207
1996-01-31,5.6,6.03,1.1084
1996-02-01,5.63,6.08,1.1104
1996-02-02,5.66,6.15,1.1296
1996-02-05,5.7,6.15,1.1554
1996-02-06,5.68,6.14,1.1523
1996-02-07,5.66,6.15,1.1589
1996-02-08,5.66,6.09,1.164
1996-02-09,5.66,6.11,1.1605
1996-02-12,5.61,6.05,1.136
1996-02-13,5.58,6.02,1.1189
1996-02-14,5.62,6.07,1.1284
1996-02-15,5.7,6.16,1.1622
1996-02-16,5.76,6.23,1.1934
1996-02-20,6.01,6.39,1.2968
1996-02-21,5.98,6.39,1.3183
1996-02-22,5.92,6.36,1.2976
1996-02-23,5.97,6.42,1.3155
1996-02-26,6.01,6.45,1.3357
1996-02-27,6.06,6.47,1.3587
1996-02-28,6.11,6.48,1.3855
1996-02-29,6.13,6.48,1.3983
1996-03-01,5.99,6.38,1.3518
1996-03-04,5.92,6.34,1.3121
1996-03-05,5.96,6.39,1.3248
1996-03-06,6.05,6.44,1.3564
1996-03-07,6.07,6.46,1.3767
1996-03-08,6.41,6.7,1.5071
1996-03-11,6.33,6.63,1.5152
1996-03-12,6.36,6.66,1.5289
1996-03-13,6.35,6.68,1.5326
1996-03-14,6.36,6.68,1.5372
1996-03-15,6.46,6.75,1.571
1996-03-18,6.43,6.71,1.5644
1996-03-19,6.41,6.7,1.5507
1996-03-20,6.34,6.65,1.5193
1996-03-21,6.28,6.62,1.5019
1996-03-22,6.32,6.65,1.5096
1996-03-25,6.26,6.58,1.4875
1996-03-26,6.25,6.59,1.4774
1996-03-27,6.34,6.68,1.5121
1996-03-28,6.41,6.73,1.5479
1996-03-29,6.34,6.67,1.5295
1996-04-01,6.31,6.66,1.5148
1996-04-02,6.25,6.62,1.4865
1996-04-03,6.27,6.63,1.4888
1996-04-04,6.33,6.66,1.5169
1996-04-05,6.57,6.83,1.6189
1996-04-08,6.63,6.88,1.6575
1996-04-09,6.56,6.84,1.6527
1996-04-10,6.63,6.91,1.6783
1996-04-11,6.68,6.95,1.7074
1996-04-12,6.52,6.81,1.6577
1996-04-15,6.47,6.79,1.6301
1996-04-16,6.48,6.78,1.6287
1996-04-17,6.52,6.81,1.6451
1996-04-18,6.58,6.84,1.6671
1996-04-19,6.53,6.8,1.6555
1996-04-22,6.48,6.75,1.6271
1996-04-23,6.52,6.78,1.6247
1996-04-24,6.57,6.81,1.6362
1996-04-25,6.56,6.81,1.6356
1996-04-26,6.54,6.79,1.6222
1996-04-29,6.59,6.83,1.6372
1996-04-30,6.66,6.89,1.6633
1996-05-01,6.68,6.91,1.6754
1996-05-02,6.85,7.05,1.7421
1996-05-03,6.9,7.12,1.7808
1996-05-06,6.86,7.07,1.7781
1996-05-07,6.87,7.08,1.7862
1996-05-08,6.78,7.0,1.7693
1996-05-09,6.84,7.02,1.77
1996-05-10,6.75,6.93,1.7339
1996-05-13,6.72,6.9,1.7097
1996-05-14,6.66,6.85,1.6783
1996-05-15,6.65,6.84,1.6639
1996-05-16,6.7,6.9,1.6839
1996-05-17,6.65,6.84,1.6709
1996-05-20,6.62,6.82,1.6515
1996-05-21,6.65,6.85,1.6564
1996-05-22,6.63,6.81,1.6462
1996-05-23,6.68,6.87,1.663
1996-05-24,6.65,6.84,1.6566
1996-05-28,6.67,6.85,1.6583
1996-05-29,6.77,6.94,1.6956
1996-05-30,6.78,6.92,1.7091
1996-05-31,6.85,7.0,1.7456
1996-06-03,6.87,7.01,1.7618
1996-06-04,6.86,7.0,1.7535
1996-06-05,6.82,6.96,1.7375
1996-06-06,6.76,6.91,1.7047
1996-06-07,6.93,7.05,1.7658
1996-06-10,6.97,7.1,1.7851
1996-06-11,6.99,7.13,1.8015
1996-06-12,7.03,7.18,1.8222
1996-06-13,7.01,7.15,1.8239
1996-06-14,6.95,7.1,1.8009
1996-06-17,6.9,7.06,1.7792
1996-06-18,6.93,7.09,1.7835
1996-06-19,6.96,7.12,1.8003
1996-06-20,6.98,7.12,1.8047
1996-06-21,6.96,7.11,1.7929
1996-06-24,6.94,7.09,1.7838
1996-06-25,6.91,7.06,1.7657
1996-06-26,6.91,7.05,1.759
1996-06-27,6.83,6.99,1.7287
1996-06-28,6.73,6.9,1.6812
1996-07-01,6.74,6.91,1.6681
1996-07-02,6.8,6.94,1.6762
1996-07-03,6.78,6.94,1.6747
1996-07-05,7.06,7.19,1.7791
1996-07-08,7.05,7.19,1.8044
1996-07-09,7.0,7.15,1.7889
1996-07-10,6.95,7.1,1.7619
1996-07-11,6.9,7.07,1.7417
1996-07-12,6.85,7.03,1.7256
1996-07-15,6.89,7.07,1.7305
1996-07-16,6.84,7.03,1.7133
1996-07-17,6.83,7.02,1.7049
1996-07-18,6.72,6.92,1.6582
1996-07-19,6.78,6.97,1.6707
1996-07-22,6.84,7.01,1.6927
1996-07-23,6.8,6.97,1.6865
1996-07-24,6.87,7.04,1.7023
1996-07-25,6.87,7.04,1.7054
1996-07-26,6.85,7.02,1.702
1996-07-29,6.93,7.09,1.7233
1996-07-30,6.89,7.05,1.716
1996-07-31,6.8,6.98,1.6836
1996-08-01,6.65,6.84,1.6232
1996-08-02,6.51,6.74,1.5571
1996-08-05,6.53,6.75,1.5516
1996-08-06,6.54,6.76,1.5606
1996-08-07,6.55,6.78,1.5645
1996-08-08,6.56,6.76,1.5698
1996-08-09,6.5,6.7,1.5501
1996-08-12,6.49,6.7,1.543
1996-08-13,6.57,6.78,1.5718
1996-08-14,6.58,6.78,1.5832
1996-08-15,6.62,6.82,1.5999
1996-08-16,6.56,6.77,1.5815
1996-08-19,6.59,6.8,1.5899
1996-08-20,6.59,6.8,1.5918
1996-08-21,6.61,6.83,1.6037
1996-08-22,6.62,6.84,1.6153
1996-08-23,6.72,6.93,1.6579
1996-08-26,6.8,7.0,
1996-08-27,6.78,6.97,1.6948
1996-08-28,6.79,6.99,1.7061
1996-08-29,6.86,7.05,1.7278
1996-08-30,6.96,7.13,1.7725
1996-09-03,6.92,7.07,1.7645
1996-09-04,6.94,7.1,1.7647
1996-09-05,6.98,7.15,1.7751
1996-09-06,6.94,7.12,1.7652
1996-09-09,6.9,7.08,1.7495
1996-09-10,6.94,7.13,1.7617
1996-09-11,6.94,7.12,1.7675
1996-09-12,6.88,7.08,1.7462
1996-09-13,6.74,6.95,1.6933
1996-09-16,6.73,6.95,1.6841
1996-09-17,6.81,7.0,1.7055
1996-09-18,6.83,7.02,1.7169
1996-09-19,6.87,7.05,1.7192
1996-09-20,6.85,7.04,1.7238
1996-09-23,6.83,7.02,1.7132
1996-09-24,6.77,6.99,1.6934
1996-09-25,6.71,6.93,1.6748
1996-09-26,6.66,6.88,1.6613
1996-09-27,6.68,6.91,1.6725
1996-09-30,6.72,6.93,1.6923
1996-10-01,6.65,6.88,1.6626
1996-10-02,6.61,6.84,1.6399
1996-10-03,6.61,6.84,1.6351
1996-10-04,6.48,6.74,1.5823
1996-10-07,6.53,6.78,1.5849
1996-10-08,6.53,6.79,1.5861
1996-10-09,6.55,6.83,1.6023
1996-10-10,6.61,6.89,1.627
1996-10-11,6.55,6.84,1.6005
1996-10-15,6.56,6.85,1.5946
1996-10-16,6.57,6.86,1.5981
1996-10-17,6.51,6.81,1.5746
1996-10-18,6.5,6.79,1.5663
1996-10-21,6.52,6.81,1.5704
1996-10-22,6.56,6.85,1.5838
1996-10-23,6.56,6.84,1.5836
1996-10-24,6.57,6.85,1.5887
1996-10-25,6.54,6.82,1.5788
1996-10-28,6.56,6.83,1.5779
1996-10-29,6.4,6.7,1.5174
1996-10-30,6.4,6.69,1.5047
1996-10-31,6.37,6.66,1.4889
1996-11-01,6.38,6.68,1.488
1996-11-04,6.36,6.67,1.4797
1996-11-05,6.28,6.6,1.4481
1996-11-06,6.3,6.61,1.4444
1996-11-07,6.26,6.48,1.4213
1996-11-08,6.29,6.51,1.4286
1996-11-12,6.19,6.44,1.4025
1996-11-13,6.2,6.46,1.4
1996-11-14,6.15,6.42,1.4656
1996-11-15,6.19,6.46,1.4123
1996-11-18,6.2,6.46,1.4032
1996-11-19,6.17,6.44,1.3873
1996-11-20,6.14,6.41,1.3702
1996-11-21,6.15,6.42,1.3681
1996-11-22,6.15,6.44,1.3691
1996-11-25,6.13,6.42,1.3619
1996-11-26,6.13,6.43,1.3596
1996-11-27,6.14,6.44,1.3631
1996-11-29,6.06,6.36,1.3315
1996-12-02,6.08,6.36,1.3333
1996-12-03,6.06,6.35,1.3302
1996-12-04,6.11,6.4,1.355
1996-12-05,6.22,6.5,1.405
1996-12-06,6.26,6.53,1.4333
1996-12-09,6.21,6.48,1.4258
1996-12-10,6.23,6.49,1.4312
1996-12-11,6.38,6.61,1.4953
1996-12-12,6.4,6.64,1.5199
1996-12-13,6.33,6.58,1.5011
1996-12-16,6.39,6.63,1.5157
1996-12-17,6.42,6.66,1.528
1996-12-18,6.46,6.69,1.5424
1996-12-19,6.36,6.6,1.5048
1996-12-20,6.35,6.59,1.4935
1996-12-23,6.34,6.58,1.4822
1996-12-24,6.36,6.59,1.4799
1996-12-26,6.35,6.59,1.4783
1996-12-27,6.3,6.54,1.4584
1996-12-30,6.31,6.54,1.4518
1996-12-31,6.43,6.65,1.4933
1997-01-02,6.54,6.75,1.5455
1997-01-03,6.52,6.74,1.5502
1997-01-06,6.54,6.77,1.5613
1997-01-07,6.57,6.8,1.5768
1997-01-08,6.6,6.83,1.5923
1997-01-09,6.52,6.76,1.5674
1997-01-10,6.63,6.86,1.6059
1997-01-13,6.63,6.85,1.6129
1997-01-14,6.53,6.77,1.5756
1997-01-15,6.53,6.79,1.5685
1997-01-16,6.57,6.83,1.5836
1997-01-17,6.56,6.83,1.582
1997-01-21,6.52,6.78,1.5665
1997-01-22,6.56,6.83,1.575
1997-01-23,6.6,6.85,1.591
1997-01-24,6.64,6.89,1.6102
1997-01-27,6.69,6.94,1.6304
1997-01-28,6.64,6.91,1.6212
1997-01-29,6.63,6.9,1.6171
1997-01-30,6.61,6.88,1.6072
1997-01-31,6.53,6.8,1.5719
1997-02-03,6.47,6.74,1.5446
1997-02-04,6.45,6.72,1.5314
1997-02-05,6.47,6.75,1.5379
1997-02-06,6.49,6.76,1.542
1997-02-07,6.43,6.72,1.5221
1997-02-10,6.43,6.71,1.5138
1997-02-11,6.43,6.71,1.512
1997-02-12,6.39,6.72,
1997-02-13,6.32,6.58,1.486
1997-02-14,6.28,6.53,1.4622
1997-02-18,6.28,6.55,1.4616
1997-02-19,6.3,6.57,1.4673
1997-02-20,6.38,6.64,1.5001
1997-02-21,6.36,6.63,1.5023
1997-02-24,6.39,6.66,1.513
1997-02-25,6.4,6.66,1.5179
1997-02-26,6.56,6.8,1.5794
1997-02-27,6.58,6.82,1.5971
1997-02-28,6.56,6.8,1.5954
1997-03-03,6.58,6.83,1.6017
1997-03-04,6.6,6.86,1.6116
1997-03-05,6.6,6.85,1.6143
1997-03-06,6.62,6.89,1.6252
1997-03-07,6.57,6.83,1.6069
1997-03-10,6.56,6.83,1.6051
1997-03-11,6.57,6.84,1.6084
1997-03-12,6.6,6.87,1.6211
1997-03-13,6.72,6.98,1.6668
1997-03-14,6.71,6.95,1.6685
1997-03-17,6.72,6.96,1.673
1997-03-18,6.72,6.96,1.6743
1997-03-19,6.74,6.99,1.6792
1997-03-20,6.75,6.97,1.6776
1997-03-21,6.74,6.96,1.6699
1997-03-24,6.72,6.94,1.6559
1997-03-25,6.75,6.95,1.6569
1997-03-26,6.8,7.0,1.6796
1997-03-27,6.9,7.09,1.7285
1997-03-31,6.92,7.1,1.7496
1997-04-01,6.9,7.09,1.7492
1997-04-02,6.88,7.08,1.746
1997-04-03,6.86,7.08,1.7447
1997-04-04,6.92,7.14,1.7668
1997-04-07,6.87,7.08,1.75
1997-04-08,6.91,7.11,1.7606
1997-04-09,6.91,7.11,1.7638
1997-04-10,6.91,7.11,1.7628
1997-04-11,6.98,7.17,1.7876
1997-04-14,6.98,7.17,1.7916
1997-04-15,6.88,7.1,1.7534
1997-04-16,6.9,7.11,1.7525
1997-04-17,6.86,7.07,1.7345
1997-04-18,6.84,7.06,1.7227
1997-04-21,6.87,7.09,1.7348
1997-04-22,6.84,7.05,1.7235
1997-04-23,6.89,7.09,1.737
1997-04-24,6.93,7.13,1.7603
1997-04-25,6.94,7.14,1.7714
1997-04-28,6.92,7.12,1.7619
1997-04-29,6.77,6.99,1.7015
1997-04-30,6.72,6.95,1.6686
1997-05-01,6.69,6.93,1.6546
1997-05-02,6.68,6.9,1.6452
1997-05-05,6.67,6.9,1.6431
1997-05-06,6.67,6.89,1.6397
1997-05-07,6.76,6.96,1.672
1997-05-08,6.72,6.92,1.6634
1997-05-09,6.67,6.89,1.6425
1997-05-12,6.65,6.88,1.6348
1997-05-13,6.71,6.92,1.6562
1997-05-14,6.68,6.9,1.648
1997-05-15,6.67,6.88,1.6438
1997-05-16,6.7,6.91,1.6515
1997-05-19,6.71,6.92,1.6466
1997-05-20,6.7,6.92,1.6336
1997-05-21,6.74,6.97,1.6592
1997-05-22,6.76,7.0,1.6805
1997-05-23,6.74,6.99,1.667
1997-05-27,6.79,7.03,1.6993
1997-05-28,6.8,7.03,1.7101
1997-05-29,6.75,6.99,1.7042
1997-05-30,6.67,6.92,1.6779
1997-06-02,6.66,6.9,1.6733
1997-06-03,6.63,6.88,1.6581
1997-06-04,6.62,6.88,1.6461
1997-06-05,6.62,6.88,1.6397
1997-06-06,6.51,6.78,1.5962
1997-06-09,6.55,6.83,1.6062
1997-06-10,6.57,6.84,1.6167
1997-06-11,6.56,6.83,1.621
1997-06-12,6.48,6.77,1.5915
1997-06-13,6.43,6.73,1.567
1997-06-16,6.4,6.7,1.5523
1997-06-17,6.43,6.72,1.5567
1997-06-18,6.4,6.69,1.5481
1997-06-19,6.4,6.68,1.5435
1997-06-20,6.37,6.65,1.5301
1997-06-23,6.4,6.69,1.5332
1997-06-24,6.42,6.7,1.5401
1997-06-25,6.45,6.74,1.558
1997-06-26,6.5,6.78,1.5787
1997-06-27,6.46,6.75,1.5842
1997-06-30,6.51,6.8,1.5918
1997-07-01,6.45,6.74,1.5653
1997-07-02,6.42,6.72,1.5457
1997-07-03,6.31,6.63,1.4995
1997-07-07,6.27,6.58,1.4776
1997-07-08,6.27,6.59,1.4728
1997-07-09,6.25,6.56,1.4597
1997-07-10,6.26,6.56,1.4562
1997-07-11,6.23,6.53,1.446
1997-07-14,6.26,6.55,1.451
1997-07-15,6.26,6.55,1.4476
1997-07-16,6.2,6.48,1.4235
1997-07-17,6.19,6.49,1.4173
1997-07-18,6.24,6.52,1.4295
1997-07-21,6.27,6.55,1.4373
1997-07-22,6.15,6.43,1.398
1997-07-23,6.14,6.42,1.3845
1997-07-24,6.16,6.43,1.3824
1997-07-25,6.18,6.45,1.3899
1997-07-28,6.16,6.43,1.3847
1997-07-29,6.11,6.38,1.3558
1997-07-30,6.05,6.33,1.3335
1997-07-31,6.02,6.3,1.3114
1997-08-01,6.2,6.46,1.3753
1997-08-04,6.23,6.48,1.3993
1997-08-05,6.23,6.49,1.407
1997-08-06,6.21,6.48,1.4018
1997-08-07,6.24,6.51,1.4005
1997-08-08,6.38,6.64,1.466
1997-08-11,6.36,6.64,1.4765
1997-08-12,6.39,6.66,1.493
1997-08-13,6.36,6.64,1.4853
1997-08-14,6.27,6.56,1.4532
1997-08-15,6.27,6.57,1.4465
1997-08-18,6.21,6.53,1.4264
1997-08-19,6.21,6.51,1.4273
1997-08-20,6.24,6.54,1.4376
1997-08-21,6.3,6.6,1.4615
1997-08-22,6.38,6.67,1.4955
1997-08-25,6.39,6.67,1.5098
1997-08-26,6.38,6.66,1.5099
1997-08-27,6.38,6.66,1.5108
1997-08-28,6.3,6.57,1.4786
1997-08-29,6.34,6.61,1.4878
1997-09-02,6.31,6.58,1.4789
1997-09-03,6.33,6.6,1.4901
1997-09-04,6.33,6.61,1.4982
1997-09-05,6.37,6.65,1.512
1997-09-08,6.33,6.62,1.5047
1997-09-09,6.34,6.63,1.5067
1997-09-10,6.37,6.66,1.5211
1997-09-11,6.39,6.68,1.5327
1997-09-12,6.29,6.59,1.5
1997-09-15,6.28,6.58,1.4873
1997-09-16,6.11,6.41,1.4158
1997-09-17,6.1,6.39,1.3939
1997-09-18,6.11,6.4,1.3948
1997-09-19,6.09,6.38,1.3902
1997-09-22,6.06,6.35,1.3795
1997-09-23,6.1,6.38,1.3941
1997-09-24,6.04,6.32,1.3855
1997-09-25,6.13,6.4,1.4225
1997-09-26,6.08,6.37,1.4123
1997-09-29,6.1,6.39,1.4127
1997-09-30,6.12,6.41,1.412
1997-10-01,6.04,6.33,1.3749
1997-10-02,6.01,6.31,1.3566
1997-10-03,6.01,6.3,1.352
1997-10-06,5.96,6.27,1.3353
1997-10-07,5.94,6.24,1.3203
1997-10-08,6.08,6.37,1.3683
1997-10-09,6.09,6.38,1.3806
1997-10-10,6.15,6.44,1.4063
1997-10-14,6.07,6.36,1.3841
1997-10-15,6.1,6.39,1.3934
1997-10-16,6.09,6.39,1.3947
1997-10-17,6.17,6.44,1.426
1997-10-20,6.15,6.42,1.4263
1997-10-21,6.14,6.42,1.4217
1997-10-22,6.12,6.41,1.4067
1997-10-23,6.04,6.33,1.3648
1997-10-24,6.01,6.3,1.3433
1997-10-27,5.91,6.24,1.2993
1997-10-28,5.98,6.29,1.3108
1997-10-29,5.91,6.23,1.2871
1997-10-30,5.84,6.17,1.259
1997-10-31,5.84,6.15,1.246
1997-11-03,5.91,6.21,1.263
1997-11-04,5.95,6.25,1.2807
1997-11-05,5.95,6.24,1.282
1997-11-06,5.9,6.15,1.2622
1997-11-07,5.9,6.14,1.2559
1997-11-10,5.91,6.15,1.2533
1997-11-12,5.89,6.13,1.2456
1997-11-13,5.87,6.11,1.2372
1997-11-14,5.86,6.09,1.2345
1997-11-17,5.85,6.07,1.2283
1997-11-18,5.85,6.07,1.2214
1997-11-19,5.82,6.03,1.2045
1997-11-20,5.84,6.05,1.21
1997-11-21,5.82,6.04,1.2029
1997-11-24,5.86,6.08,1.2148
1997-11-25,5.85,6.06,1.2112
1997-11-26,5.86,6.06,1.2151
1997-11-28,5.86,6.04,1.2179
1997-12-01,5.86,6.04,1.2183
1997-12-02,5.86,6.03,1.2167
1997-12-03,5.83,6.02,1.2052
1997-12-04,5.84,6.04,1.2022
1997-12-05,5.92,6.09,1.2274
1997-12-08,5.96,6.14,1.2456
1997-12-09,5.95,6.14,1.2477
1997-12-10,5.9,6.1,1.2352
1997-12-11,5.82,6.02,1.2092
1997-12-12,5.74,5.94,1.1765
1997-12-15,5.78,5.97,1.1812
1997-12-16,5.77,5.96,1.176
1997-12-17,5.81,5.99,1.1833
1997-12-18,5.76,5.94,1.1644
1997-12-19,5.72,5.92,1.1419
1997-12-22,5.72,5.89,1.1204
1997-12-23,5.73,5.9,1.1123
1997-12-24,5.76,5.91,1.1193
1997-12-26,5.75,5.9,1.1247
1997-12-29,5.76,5.93,1.1287
1997-12-30,5.8,5.98,1.1427
1997-12-31,5.75,5.93,1.1325
1998-01-02,5.67,5.86,1.1019
1998-01-05,5.52,5.74,1.0469
1998-01-06,5.49,5.73,1.0281
1998-01-07,5.55,5.8,1.0473
1998-01-08,5.49,5.75,1.0304
1998-01-09,5.4,5.71,1.0063
1998-01-12,5.39,5.7,1.0078
1998-01-13,5.41,5.71,1.0148
1998-01-14,5.45,5.74,1.0294
1998-01-15,5.48,5.74,1.0403
1998-01-16,5.54,5.81,1.0664
1998-01-20,5.57,5.83,1.0802
1998-01-21,5.54,5.81,1.0711
1998-01-22,5.56,5.85,1.0731
1998-01-23,5.7,5.98,1.1267
1998-01-26,5.63,5.9,1.1185
1998-01-27,5.7,5.95,1.1352
1998-01-28,5.69,5.94,1.1344
1998-01-29,5.58,5.85,1.0866
1998-01-30,5.53,5.82,1.0636
1998-02-02,5.57,5.87,1.0723
1998-02-03,5.56,5.86,1.0675
1998-02-04,5.57,5.87,1.074
1998-02-05,5.62,5.92,1.1039
1998-02-06,5.62,5.92,1.1095
1998-02-09,5.65,5.94,1.1246
1998-02-10,5.64,5.93,1.1184
1998-02-11,5.53,5.86,1.0918
1998-02-12,5.52,5.87,1.0856
1998-02-13,5.49,5.85,1.0692
1998-02-17,5.44,5.8,1.0514
1998-02-18,5.49,5.84,1.0598
1998-02-19,5.51,5.85,1.0675
1998-02-20,5.54,5.87,1.0771
1998-02-23,5.58,5.91,1.0926
1998-02-24,5.69,5.97,1.1449
1998-02-25,5.63,5.93,1.1262
1998-02-26,5.65,5.95,1.1279
1998-02-27,5.62,5.92,1.1171
1998-03-02,5.72,6.03,1.1492
1998-03-03,5.77,6.07,1.1843
1998-03-04,5.76,6.05,1.1932
1998-03-05,5.78,6.07,1.2095
1998-03-06,5.73,6.02,1.197
1998-03-09,5.67,5.97,1.1756
1998-03-10,5.67,5.97,1.1737
1998-03-11,5.63,5.93,1.1596
1998-03-12,5.56,5.87,1.1322
1998-03-13,5.58,5.89,1.1303
1998-03-16,5.54,5.86,1.1169
1998-03-17,5.56,5.89,1.1162
1998-03-18,5.58,5.91,1.1195
1998-03-19,5.58,5.9,1.1195
1998-03-20,5.57,5.89,1.1139
1998-03-23,5.57,5.88,1.1122
1998-03-24,5.58,5.88,1.114
1998-03-25,5.64,5.94,1.139
1998-03-26,5.68,5.96,1.159
1998-03-27,5.68,5.96,1.1671
1998-03-30,5.72,5.98,1.1806
1998-03-31,5.67,5.94,1.1632
1998-04-01,5.62,5.9,1.1432
1998-04-02,5.56,5.85,1.1222
1998-04-03,5.47,5.78,1.0831
1998-04-06,5.51,5.82,1.0885
1998-04-07,5.53,5.84,1.0983
1998-04-08,5.58,5.9,1.1202
1998-04-09,5.59,5.88,1.1268
1998-04-13,5.66,5.94,1.1484
1998-04-14,5.63,5.91,1.1364
1998-04-15,5.6,5.89,1.1307
1998-04-16,5.59,5.87,1.1273
1998-04-17,5.59,5.88,1.13
1998-04-20,5.65,5.92,1.1514
1998-04-21,5.68,5.96,1.1717
1998-04-22,5.68,5.96,1.1766
1998-04-23,5.69,5.98,1.1809
1998-04-24,5.67,5.95,1.1732
1998-04-27,5.8,6.07,1.2237
1998-04-28,5.8,6.07,1.2369
1998-04-29,5.81,6.08,1.245
1998-04-30,5.68,5.95,1.2027
1998-05-01,5.67,5.94,1.1873
1998-05-04,5.67,5.94,1.1817
1998-05-05,5.7,5.98,1.1863
1998-05-06,5.67,5.94,1.1676
1998-05-07,5.67,5.95,1.1657
1998-05-08,5.71,5.98,1.1767
1998-05-11,5.79,6.04,1.2063
1998-05-12,5.7,5.96,1.1811
1998-05-13,5.64,5.95,1.1649
1998-05-14,5.67,5.98,1.1694
1998-05-15,5.68,5.97,1.1682
1998-05-18,5.64,5.92,1.1476
1998-05-19,5.65,5.94,1.1483
1998-05-20,5.61,5.89,1.131
1998-05-21,5.65,5.93,1.1403
1998-05-22,5.64,5.9,1.1354
1998-05-26,5.59,5.85,1.1213
1998-05-27,5.56,5.83,1.1132
1998-05-28,5.58,5.83,1.1199
1998-05-29,5.56,5.81,1.1235
1998-06-01,5.53,5.78,1.1195
1998-06-02,5.56,5.8,1.124
1998-06-03,5.57,5.8,1.1245
1998-06-04,5.59,5.82,1.1328
1998-06-05,5.58,5.79,1.1293
1998-06-08,5.58,5.79,1.1252
1998-06-09,5.59,5.79,1.1205
1998-06-10,5.51,5.7,1.0914
1998-06-11,5.44,5.65,1.054
1998-06-12,5.43,5.66,1.041
1998-06-15,5.38,5.61,1.0257
1998-06-16,5.45,5.65,1.0444
1998-06-17,5.54,5.74,1.0794
1998-06-18,5.5,5.7,1.0744
1998-06-19,5.47,5.67,1.0635
1998-06-22,5.46,5.66,1.0626
1998-06-23,5.45,5.64,1.056
1998-06-24,5.46,5.66,1.0647
1998-06-25,5.46,5.66,1.0742
1998-06-26,5.46,5.64,1.0729
1998-06-29,5.47,5.65,1.0797
1998-06-30,5.44,5.62,1.0657
1998-07-01,5.44,5.63,1.0575
1998-07-02,5.42,5.6,1.0477
1998-07-06,5.39,5.57,1.0384
1998-07-07,5.42,5.6,1.0419
1998-07-08,5.43,5.63,1.0459
1998-07-09,5.41,5.6,1.0364
1998-07-10,5.42,5.63,1.0381
1998-07-13,5.46,5.68,1.0557
1998-07-14,5.49,5.72,1.065
1998-07-15,5.48,5.7,1.0658
1998-07-16,5.5,5.72,1.0732
1998-07-17,5.51,5.75,1.0815
1998-07-20,5.48,5.71,1.0709
1998-07-21,5.45,5.67,1.0598
1998-07-22,5.46,5.68,1.0629
1998-07-23,5.45,5.66,1.057
1998-07-24,5.45,5.68,1.0596
1998-07-27,5.47,5.7,1.066
1998-07-28,5.5,5.74,1.0795
1998-07-29,5.52,5.77,1.0932
1998-07-30,5.5,5.73,1.0898
1998-07-31,5.5,5.72,1.0868
1998-08-03,5.46,5.67,1.0644
1998-08-04,5.43,5.65,1.0481
1998-08-05,5.43,5.66,1.0427
1998-08-06,5.44,5.67,1.048
1998-08-07,5.4,5.63,1.0349
1998-08-10,5.41,5.63,1.0381
1998-08-11,5.37,5.6,1.0235
1998-08-12,5.4,5.62,1.0264
1998-08-13,5.44,5.6,1.0397
1998-08-14,5.4,5.55,1.0283
1998-08-17,5.4,5.56,1.0207
1998-08-18,5.41,5.56,1.0211
1998-08-19,5.42,5.56,1.021
1998-08-20,5.38,5.52,1.0084
1998-08-21,5.32,5.46,0.9825
1998-08-24,5.3,5.48,0.9627
1998-08-25,5.25,5.44,0.9378
1998-08-26,5.26,5.44,0.9361
1998-08-27,5.12,5.38,0.8965
1998-08-28,5.09,5.37,0.8897
1998-08-31,5.05,5.3,0.8773
1998-09-01,5.05,5.34,0.8798
1998-09-02,5.1,5.34,0.8965
1998-09-03,5.03,5.31,0.8836
1998-09-04,5.02,5.29,0.873
1998-09-08,5.04,5.34,0.8774
1998-09-09,4.95,5.28,0.8371
1998-09-10,4.76,5.18,0.7658
1998-09-11,4.85,5.23,0.781
1998-09-14,4.87,5.23,0.7861
1998-09-15,4.9,5.25,0.8004
1998-09-16,4.88,5.23,0.7993
1998-09-17,4.8,5.18,0.7755
1998-09-18,4.7,5.15,0.7481
1998-09-21,4.69,5.12,0.7391
1998-09-22,4.73,5.16,0.744
1998-09-23,4.69,5.16,0.7318
1998-09-24,4.64,5.15,0.7269
1998-09-25,4.6,5.13,0.7263
1998-09-28,4.61,5.15,0.7355
1998-09-29,4.59,5.1,0.7263
1998-09-30,4.44,4.98,0.6761
1998-10-01,4.33,4.9,0.634
1998-10-02,4.31,4.85,0.6287
1998-10-05,4.16,4.7,0.5835
1998-10-06,4.24,4.75,0.6077
1998-10-07,4.34,4.83,0.6586
1998-10-08,4.56,4.99,0.7761
1998-10-09,4.77,5.13,0.9022
1998-10-13,4.73,5.1,0.9277
1998-10-14,4.58,5.0,0.8745
1998-10-15,4.58,5.02,0.8549
1998-10-16,4.44,4.96,0.8166
1998-10-19,4.47,4.98,0.8173
1998-10-20,4.57,5.06,0.8455
1998-10-21,4.59,5.08,0.8568
1998-10-22,4.62,5.13,0.8688
1998-10-23,4.7,5.16,0.9
1998-10-26,4.73,5.13,0.889
1998-10-27,4.63,5.08,0.8459
1998-10-28,4.6,5.13,0.8027
1998-10-29,4.54,5.09,0.7616
1998-10-30,4.64,5.15,0.7828
1998-11-02,4.77,5.23,0.8288
1998-11-03,4.78,5.22,0.8234
1998-11-04,4.83,5.34,0.866
1998-11-05,4.82,5.29,0.8669
1998-11-06,4.93,5.37,0.9071
1998-11-09,4.88,5.28,0.8849
1998-11-10,4.81,5.27,0.8646
1998-11-12,4.77,5.25,0.8517
1998-11-13,4.82,5.26,0.862
1998-11-16,4.85,5.28,0.8744
1998-11-17,4.87,5.3,0.893
1998-11-18,4.85,5.25,0.8895
1998-11-19,4.85,5.25,0.9015
1998-11-20,4.82,5.22,0.8881
1998-11-23,4.84,5.25,0.8836
1998-11-24,4.85,5.23,0.8819
1998-11-25,4.83,5.19,0.8768
1998-11-27,4.81,5.16,0.8651
1998-11-30,4.74,5.08,0.8203
1998-12-01,4.67,5.06,0.7879
1998-12-02,4.59,5.03,0.7471
1998-12-03,4.58,5.02,0.741
1998-12-04,4.62,5.05,0.7683
1998-12-07,4.69,5.05,0.8035
1998-12-08,4.6,5.0,0.781
1998-12-09,4.56,4.97,0.7608
1998-12-10,4.53,4.95,0.7349
1998-12-11,4.61,5.02,0.7594
1998-12-14,4.58,4.99,0.7491
1998-12-15,4.62,5.03,0.77
1998-12-16,4.58,5.01,0.7576
1998-12-17,4.58,5.01,0.7625
1998-12-18,4.58,5.01,0.7676
1998-12-21,4.64,5.07,0.7951
1998-12-22,4.7,5.13,0.8221
1998-12-23,4.81,5.2,0.8708
1998-12-24,4.86,5.23,0.9088
1998-12-28,4.78,5.17,0.8841
1998-12-29,4.71,5.12,0.8491
1998-12-30,4.65,5.09,0.8299
1998-12-31,4.65,5.09,0.8337
1999-01-04,4.69,5.15,0.8437
1999-01-05,4.74,5.21,0.8662
1999-01-06,4.73,5.17,0.8577
1999-01-07,4.77,5.23,0.8803
1999-01-08,4.86,5.26,0.9231
1999-01-11,4.9,5.29,0.9476
1999-01-12,4.82,5.23,0.9293
1999-01-13,4.74,5.16,0.9048
1999-01-14,4.63,5.07,0.8626
1999-01-15,4.66,5.1,0.8724
1999-01-19,4.71,5.14,0.8956
1999-01-20,4.76,5.18,0.9161
1999-01-21,4.7,5.14,0.9002
1999-01-22,4.64,5.09,0.8706
1999-01-25,4.67,5.12,0.8638
1999-01-26,4.69,5.12,0.8646
1999-01-27,4.68,5.14,0.8559
1999-01-28,4.67,5.11,0.8427
1999-01-29,4.66,5.09,0.833
1999-02-01,4.75,5.19,0.8671
1999-02-02,4.79,5.24,0.8942
1999-02-03,4.83,5.25,0.9182
1999-02-04,4.89,5.3,0.9567
1999-02-05,4.94,5.34,0.9827
1999-02-08,4.94,5.35,0.982
1999-02-09,4.91,5.33,0.9688
1999-02-10,4.9,5.34,0.9712
1999-02-11,4.93,5.29,0.9807
1999-02-12,5.06,5.42,1.0441
1999-02-16,5.03,5.35,1.0457
1999-02-17,4.98,5.32,1.0243
1999-02-18,5.04,5.37,1.0426
1999-02-19,5.07,5.38,1.0526
1999-02-22,5.03,5.36,1.0356
1999-02-23,5.1,5.42,1.0566
1999-02-24,5.18,5.51,1.0902
1999-02-25,5.32,5.61,1.145
1999-02-26,5.29,5.57,1.1395
1999-03-01,5.4,5.67,1.173
1999-03-02,5.35,5.63,1.1609
1999-03-03,5.39,5.68,1.1772
1999-03-04,5.41,5.69,1.195
1999-03-05,5.34,5.6,1.1747
1999-03-08,5.29,5.6,1.1589
1999-03-09,5.18,5.54,1.1246
1999-03-10,5.2,5.56,1.1275
1999-03-11,5.21,5.57,1.1303
1999-03-12,5.16,5.54,1.1152
1999-03-15,5.15,5.51,1.1037
1999-03-16,5.11,5.48,1.0848
1999-03-17,5.14,5.51,1.0948
1999-03-18,5.11,5.49,1.0906
1999-03-19,5.17,5.53,1.1157
1999-03-22,5.21,5.57,1.1379
1999-03-23,5.2,5.57,1.1435
1999-03-24,5.17,5.54,1.1332
1999-03-25,5.21,5.59,1.152
1999-03-26,5.21,5.61,1.1556
1999-03-29,5.28,5.65,1.1775
1999-03-30,5.21,5.59,1.1608
1999-03-31,5.25,5.63,1.1684
1999-04-01,5.27,5.67,1.1872
1999-04-02,5.2,5.59,
1999-04-05,5.2,5.59,1.1579
1999-04-06,5.13,5.52,1.1226
1999-04-07,5.14,5.51,1.1167
1999-04-08,5.03,5.44,1.0724
1999-04-09,5.05,5.46,1.0661
1999-04-12,5.06,5.45,1.0683
1999-04-13,5.12,5.5,1.0909
1999-04-14,5.13,5.51,1.1041
1999-04-15,5.18,5.53,1.1211
1999-04-16,5.23,5.57,1.1435
1999-04-19,5.18,5.55,1.1282
1999-04-20,5.16,5.52,1.1118
1999-04-21,5.17,5.52,1.1129
1999-04-22,5.25,5.61,1.1465
1999-04-23,5.26,5.6,1.1459
1999-04-26,5.23,5.57,1.1312
1999-04-27,5.22,5.55,1.1295
1999-04-28,5.27,5.58,1.1324
1999-04-29,5.22,5.53,1.1022
1999-04-30,5.36,5.68,1.1542
1999-05-03,5.38,5.67,1.1675
1999-05-04,5.42,5.72,1.1858
1999-05-05,5.4,5.71,1.1799
1999-05-06,5.52,5.8,1.2247
1999-05-07,5.54,5.82,1.2488
1999-05-10,5.54,5.79,1.2466
1999-05-11,5.59,5.85,1.2669
1999-05-12,5.51,5.83,1.2656
1999-05-13,5.41,5.75,1.2234
1999-05-14,5.62,5.92,1.2853
1999-05-17,5.66,5.91,1.3112
1999-05-18,5.68,5.9,1.3274
1999-05-19,5.6,5.81,1.3103
1999-05-20,5.6,5.83,1.3156
1999-05-21,5.52,5.78,1.2925
1999-05-24,5.5,5.77,1.2781
1999-05-25,5.49,5.76,1.2749
1999-05-26,5.55,5.8,1.2943
1999-05-27,5.62,5.85,1.3286
1999-05-28,5.64,5.84,
1999-06-01,5.78,5.94,1.3907
1999-06-02,5.8,5.94,1.3982
1999-06-03,5.8,5.96,1.399
1999-06-04,5.82,5.97,1.4098
1999-06-07,5.81,5.97,1.413
1999-06-08,5.83,6.0,1.417
1999-06-09,5.87,6.02,1.4311
1999-06-10,5.92,6.05,1.4498
1999-06-11,6.02,6.13,1.4848
1999-06-14,5.98,6.11,1.4752
1999-06-15,5.98,6.11,1.4672
1999-06-16,5.94,6.08,1.4561
1999-06-17,5.79,5.95,1.3993
1999-06-18,5.84,5.98,1.4051
1999-06-21,5.9,6.03,1.4262
1999-06-22,5.94,6.07,1.4452
1999-06-23,6.0,6.13,1.474
1999-06-24,6.05,6.17,1.4977
1999-06-25,6.02,6.16,1.4898
1999-06-28,5.96,6.1,1.4585
1999-06-29,5.93,6.07,1.4353
1999-06-30,5.81,5.98,1.3809
1999-07-01,5.85,6.02,1.3921
1999-07-02,5.82,6.0,1.3911
1999-07-06,5.88,6.05,1.4165
1999-07-07,5.92,6.08,1.443
1999-07-08,5.85,6.01,1.4256
1999-07-09,5.84,6.01,1.4224
1999-07-12,5.74,5.92,
1999-07-13,5.71,5.9,1.3707
1999-07-14,5.74,5.92,1.372
1999-07-15,5.72,5.91,1.3689
1999-07-16,5.68,5.9,1.3534
1999-07-19,5.66,5.9,1.3454
1999-07-20,5.65,5.89,1.3392
1999-07-21,5.66,5.91,
1999-07-22,5.78,5.97,1.393
1999-07-23,5.84,6.02,1.4277
1999-07-26,5.86,6.04,1.4378
1999-07-27,5.82,6.01,1.422
1999-07-28,5.81,6.01,1.4161
1999-07-29,5.88,6.07,1.4452
1999-07-30,5.92,6.11,1.4629
1999-08-02,5.92,6.13,1.4664
1999-08-03,5.95,6.15,1.4666
1999-08-04,5.96,6.12,1.4646
1999-08-05,5.88,6.05,1.4422
1999-08-06,6.02,6.16,1.4971
1999-08-09,6.13,6.23,1.5382
1999-08-10,6.16,6.25,1.5502
1999-08-11,6.05,6.22,1.537
1999-08-12,6.08,6.18,1.5495
1999-08-13,5.98,6.09,1.5116
1999-08-16,5.98,6.1,1.5016
1999-08-17,5.89,6.02,1.4566
1999-08-18,5.88,6.01,1.4431
1999-08-19,5.9,6.03,1.4505
1999-08-20,5.88,5.99,1.4431
1999-08-23,5.89,5.98,1.4318
1999-08-24,5.85,5.95,1.4031
1999-08-25,5.73,5.87,1.3525
1999-08-26,5.75,5.88,1.3504
1999-08-27,5.85,5.96,1.3825
1999-08-30,5.95,6.07,1.4295
1999-08-31,5.98,6.07,1.447
1999-09-01,5.99,6.08,1.4531
1999-09-02,6.03,6.15,1.4747
1999-09-03,5.89,6.03,1.4339
1999-09-07,5.95,6.07,1.4564
1999-09-08,5.93,6.07,1.4552
1999-09-09,5.97,6.1,1.4744
1999-09-10,5.89,6.03,1.4541
1999-09-13,5.92,6.06,1.4593
1999-09-14,5.96,6.11,1.4807
1999-09-15,5.94,6.11,1.4782
1999-09-16,5.9,6.08,1.4642
1999-09-17,5.87,6.05,1.4515
1999-09-20,5.91,6.08,1.4657
1999-09-21,5.94,6.1,1.4724
1999-09-22,5.92,6.1,1.4647
1999-09-23,5.87,6.05,1.4347
1999-09-24,5.75,5.95,1.388
1999-09-27,5.83,6.02,1.4054
1999-09-28,5.89,6.07,1.4347
1999-09-29,5.97,6.13,1.4792
1999-09-30,5.9,6.06,1.4546
1999-10-01,6.0,6.15,1.4947
1999-10-04,5.95,6.1,1.4839
1999-10-05,6.02,6.17,1.5117
1999-10-06,6.04,6.17,1.5271
1999-10-07,6.05,6.19,1.531
1999-10-08,6.04,6.2,1.5301
1999-10-12,6.07,6.23,1.5379
1999-10-13,6.12,6.29,1.5553
1999-10-14,6.17,6.32,1.5774
1999-10-15,6.09,6.26,1.5455
1999-10-18,6.12,6.3,1.5456
1999-10-19,6.18,6.35,1.5609
1999-10-20,6.19,6.34,1.5642
1999-10-21,6.2,6.36,1.5701
1999-10-22,6.21,6.36,1.5763
1999-10-25,6.22,6.36,1.583
1999-10-26,6.24,6.38,1.5831
1999-10-27,6.19,6.33,1.5559
1999-10-28,6.12,6.25,1.5167
1999-10-29,6.02,6.16,1.4613
1999-11-01,6.06,6.19,1.4599
1999-11-02,6.04,6.15,1.4427
1999-11-03,6.01,6.14,1.4304
1999-11-04,5.95,6.09,1.4048
1999-11-05,5.92,6.05,1.3787
1999-11-08,5.95,6.06,1.3725
1999-11-09,5.97,6.07,1.3742
1999-11-10,6.0,6.09,1.3831
1999-11-12,5.93,6.03,1.3556
1999-11-15,5.94,6.04,1.3435
1999-11-16,5.97,6.06,1.3467
1999-11-17,6.04,6.13,1.3799
1999-11-18,6.06,6.17,1.4007
1999-11-19,6.07,6.17,1.4098
1999-11-22,6.09,6.2,1.4242
1999-11-23,6.08,6.2,1.4238
1999-11-24,6.09,6.22,1.4208
1999-11-26,6.12,6.24,1.4312
1999-11-29,6.21,6.31,1.4606
1999-11-30,6.18,6.29,1.4522
1999-12-01,6.21,6.3,1.4667
1999-12-02,6.24,6.31,1.4813
1999-12-03,6.17,6.27,1.4583
1999-12-06,6.16,6.25,1.445
1999-12-07,6.11,6.21,1.4239
1999-12-08,6.15,6.23,1.4326
1999-12-09,6.14,6.22,1.4253
1999-12-10,6.08,6.17,1.3907
1999-12-13,6.11,6.2,1.3836
1999-12-14,6.22,6.31,1.4232
1999-12-15,6.25,6.34,1.4475
1999-12-16,6.31,6.39,1.478
1999-12-17,6.3,6.38,1.483
1999-12-20,6.36,6.44,1.5017
1999-12-21,6.38,6.46,1.508
1999-12-22,6.39,6.47,1.5135
1999-12-23,6.41,6.48,1.5306
1999-12-27,6.4,6.46,1.5313
1999-12-28,6.43,6.48,1.5487
1999-12-29,6.4,6.45,1.5546
1999-12-30,6.39,6.43,1.5567
1999-12-31,6.45,6.48,1.5763
2000-01-03,6.58,6.61,1.6145
2000-01-04,6.49,6.53,1.5835
2000-01-05,6.62,6.64,1.6203
2000-01-06,6.57,6.58,1.6068
2000-01-07,6.52,6.55,1.5914
2000-01-10,6.57,6.59,1.6065
2000-01-11,6.67,6.68,1.6424
2000-01-12,6.72,6.71,1.6662
2000-01-13,6.63,6.65,1.6337
2000-01-14,6.69,6.69,1.6421
2000-01-18,6.75,6.75,1.6664
2000-01-19,6.73,6.72,1.6629
2000-01-20,6.79,6.74,1.6674
2000-01-21,6.79,6.71,1.6618
2000-01-24,6.69,6.65,1.6282
2000-01-25,6.7,6.64,1.6158
2000-01-26,6.69,6.6,1.6055
2000-01-27,6.68,6.53,1.6014
2000-01-28,6.66,6.45,1.5854
2000-01-31,6.68,6.49,1.5888
2000-02-01,6.62,6.43,1.5709
2000-02-02,6.6,6.32,1.5641
2000-02-03,6.49,6.17,1.527
2000-02-04,6.53,6.23,1.5335
2000-02-07,6.64,6.34,1.5752
2000-02-08,6.59,6.22,1.5559
2000-02-09,6.56,6.32,1.5724
2000-02-10,6.67,6.35,1.6013
2000-02-11,6.63,6.29,1.5952
2000-02-14,6.56,6.22,1.565
2000-02-15,6.56,6.26,1.5639
2000-02-16,6.56,6.27,1.5646
2000-02-17,6.58,6.23,1.5714
2000-02-18,6.49,6.16,1.536
2000-02-22,6.36,6.08,1.4792
2000-02-23,6.44,6.14,1.4938
2000-02-24,6.36,6.13,1.4656
2000-02-25,6.36,6.17,1.458
2000-02-28,6.37,6.16,1.4623
2000-02-29,6.42,6.15,1.4812
2000-03-01,6.39,6.16,1.4776
2000-03-02,6.4,6.15,1.476
2000-03-03,6.39,6.13,1.4676
2000-03-06,6.42,6.16,1.4774
2000-03-07,6.39,6.16,1.4672
2000-03-08,6.38,6.17,1.4652
2000-03-09,6.35,6.16,1.4551
2000-03-10,6.39,6.19,1.4682
2000-03-13,6.36,6.17,1.4565
2000-03-14,6.31,6.11,1.4298
2000-03-15,6.29,6.07,1.4125
2000-03-16,6.26,6.05,1.3935
2000-03-17,6.2,6.01,1.3685
2000-03-20,6.18,5.99,1.3564
2000-03-21,6.13,5.97,1.3356
2000-03-22,6.13,5.97,1.329
2000-03-23,6.08,5.92,1.3143
2000-03-24,6.2,6.0,1.3526
2000-03-27,6.21,5.99,1.3628
2000-03-28,6.17,5.98,1.3494
2000-03-29,6.18,5.99,1.3456
2000-03-30,6.06,5.89,1.301
2000-03-31,6.03,5.84,1.2759
2000-04-03,6.0,5.84,1.2593
2000-04-04,5.9,5.77,1.2127
2000-04-05,5.9,5.81,1.2051
2000-04-06,5.93,5.8,1.2119
2000-04-07,5.86,5.71,1.1918
2000-04-10,5.8,5.69,1.1692
2000-04-11,5.89,5.77,1.2018
2000-04-12,5.97,5.84,1.2448
2000-04-13,5.94,5.81,1.2433
2000-04-14,5.85,5.79,1.2105
2000-04-17,6.01,5.92,1.2652
2000-04-18,6.05,5.92,1.2881
2000-04-19,5.99,5.85,1.2689
2000-04-20,5.99,5.83,1.2632
2000-04-24,6.0,5.86,1.2654
2000-04-25,6.14,5.95,1.3164
2000-04-26,6.14,5.95,1.3335
2000-04-27,6.23,6.0,1.3744
2000-04-28,6.23,5.97,1.3783
2000-05-01,6.29,5.98,1.3867
2000-05-02,6.32,6.03,1.3936
2000-05-03,6.4,6.11,1.4231
2000-05-04,6.46,6.19,1.4534
2000-05-05,6.51,6.2,1.4764
2000-05-08,6.57,6.25,1.4962
2000-05-09,6.53,6.22,1.4754
2000-05-10,6.47,6.18,1.4382
2000-05-11,6.43,6.16,1.4163
2000-05-12,6.51,6.2,1.4432
2000-05-15,6.47,6.17,1.4293
2000-05-16,6.43,6.12,1.4088
2000-05-17,6.48,6.18,1.4292
2000-05-18,6.56,6.24,1.48
2000-05-19,6.51,6.22,1.4778
2000-05-22,6.44,6.18,1.4541
2000-05-23,6.45,6.17,1.4433
2000-05-24,6.47,6.19,1.4567
2000-05-25,6.39,6.11,1.4292
2000-05-26,6.33,6.06,1.399
2000-05-30,6.38,6.09,1.4165
2000-05-31,6.29,6.02,1.3933
2000-06-01,6.2,5.95,1.3517
2000-06-02,6.15,5.94,1.3142
2000-06-05,6.12,5.91,1.2897
2000-06-06,6.14,5.91,1.2802
2000-06-07,6.13,5.89,1.2717
2000-06-08,6.13,5.89,1.2713
2000-06-09,6.13,5.89,1.272
2000-06-12,6.09,5.88,1.2616
2000-06-13,6.11,5.94,1.2552
2000-06-14,6.06,5.91,1.2484
2000-06-15,6.05,5.93,1.2504
2000-06-16,5.99,5.88,1.229
2000-06-19,6.0,5.89,1.2334
2000-06-20,6.03,5.9,1.246
2000-06-21,6.11,5.96,1.2823
2000-06-22,6.12,5.98,1.2924
2000-06-23,6.19,6.04,1.3174
2000-06-26,6.11,5.99,1.2944
2000-06-27,6.1,5.95,1.2832
2000-06-28,6.11,5.97,1.2858
2000-06-29,6.04,5.88,1.2523
2000-06-30,6.03,5.9,1.2379
2000-07-03,6.0,5.87,1.2129
2000-07-05,5.99,5.86,1.1956
2000-07-06,6.05,5.91,1.2157
2000-07-07,6.01,5.87,1.192
2000-07-10,6.04,5.88,1.1933
2000-07-11,6.06,5.89,1.1974
2000-07-12,6.09,5.89,1.2021
2000-07-13,6.01,5.81,1.169
2000-07-14,6.1,5.88,1.2007
2000-07-17,6.17,5.93,1.2343
2000-07-18,6.16,5.92,1.2379
2000-07-19,6.16,5.92,1.2409
2000-07-20,6.01,5.81,1.1793
2000-07-21,6.01,5.79,1.1623
2000-07-24,6.04,5.81,1.1679
2000-07-25,6.04,5.81,1.1636
2000-07-26,6.04,5.82,1.1609
2000-07-27,6.02,5.78,1.1435
2000-07-28,6.04,5.78,1.1516
2000-07-31,6.04,5.79,1.1502
2000-08-01,6.0,5.74,1.1246
2000-08-02,5.98,5.77,1.1084
2000-08-03,5.95,5.74,1.096
2000-08-04,5.91,5.72,1.0758
2000-08-07,5.97,5.76,1.0907
2000-08-08,5.93,5.73,1.0766
2000-08-09,5.81,5.73,1.0704
2000-08-10,5.76,5.68,1.0536
2000-08-11,5.79,5.72,1.0693
2000-08-14,5.78,5.7,1.065
2000-08-15,5.81,5.72,1.0722
2000-08-16,5.83,5.73,1.0849
2000-08-17,5.81,5.72,1.0829
2000-08-18,5.78,5.69,1.0677
2000-08-21,5.79,5.71,1.0681
2000-08-22,5.78,5.71,1.0623
2000-08-23,5.73,5.68,1.0376
2000-08-24,5.73,5.67,1.0253
2000-08-25,5.73,5.67,1.0209
2000-08-28,5.78,5.72,1.0348
2000-08-29,5.81,5.75,1.0563
2000-08-30,5.81,5.74,1.0586
2000-08-31,5.73,5.67,1.0274
2000-09-01,5.68,5.67,1.0005
2000-09-05,5.69,5.67,1.0007
2000-09-06,5.72,5.71,1.0209
2000-09-07,5.76,5.72,1.0417
2000-09-08,5.73,5.7,1.0412
2000-09-11,5.77,5.73,1.0597
2000-09-12,5.78,5.76,1.0716
2000-09-13,5.74,5.73,1.0612
2000-09-14,5.79,5.81,1.0752
2000-09-15,5.84,5.9,1.0853
2000-09-18,5.88,5.96,1.0947
2000-09-19,5.86,5.92,1.0944
2000-09-20,5.91,5.97,1.111
2000-09-21,5.88,5.93,1.1041
2000-09-22,5.85,5.92,1.0903
2000-09-25,5.84,5.9,1.0854
2000-09-26,5.81,5.86,1.0682
2000-09-27,5.83,5.9,1.0641
2000-09-28,5.82,5.89,1.0558
2000-09-29,5.8,5.88,1.0438
2000-10-02,5.83,5.93,1.0506
2000-10-03,5.87,5.94,1.0608
2000-10-04,5.9,5.95,1.0718
2000-10-05,5.87,5.91,1.0607
2000-10-06,5.82,5.85,1.0409
2000-10-10,5.8,5.83,1.0264
2000-10-11,5.77,5.83,1.0093
2000-10-12,5.73,5.82,0.9903
2000-10-13,5.73,5.8,0.9906
2000-10-16,5.74,5.81,0.9961
2000-10-17,5.68,5.77,0.9643
2000-10-18,5.66,5.77,0.9512
2000-10-19,5.66,5.76,0.9453
2000-10-20,5.64,5.73,0.9309
2000-10-23,5.59,5.68,0.9027
2000-10-24,5.63,5.71,0.9082
2000-10-25,5.67,5.75,0.9232
2000-10-26,5.69,5.74,0.9278
2000-10-27,5.72,5.74,0.9376
2000-10-30,5.74,5.76,0.9481
2000-10-31,5.77,5.79,0.961
2000-11-01,5.74,5.78,0.9549
2000-11-02,5.74,5.79,0.9517
2000-11-03,5.83,5.86,0.9876
2000-11-06,5.87,5.89,1.0073
2000-11-07,5.87,5.9,1.0128
2000-11-08,5.87,5.89,1.0101
2000-11-09,5.82,5.85,0.9898
2000-11-10,5.82,5.88,0.9862
2000-11-13,5.77,5.85,0.9713
2000-11-14,5.76,5.81,0.9617
2000-11-15,5.72,5.77,0.9441
2000-11-16,5.68,5.75,0.9286
2000-11-17,5.71,5.78,0.9352
2000-11-20,5.68,5.76,0.9278
2000-11-21,5.67,5.74,0.9192
2000-11-22,5.62,5.68,0.8959
2000-11-24,5.63,5.67,0.8908
2000-11-27,5.64,5.71,0.8976
2000-11-28,5.59,5.67,0.88
2000-11-29,5.55,5.66,0.8657
2000-11-30,5.48,5.6,0.8355
2000-12-01,5.52,5.64,0.8479
2000-12-04,5.53,5.66,0.8585
2000-12-05,5.43,5.59,0.8362
2000-12-06,5.32,5.52,0.7975
2000-12-07,5.32,5.51,0.7893
2000-12-08,5.35,5.55,0.8069
2000-12-11,5.37,5.54,0.8132
2000-12-12,5.36,5.53,0.8123
2000-12-13,5.29,5.48,0.7817
2000-12-14,5.23,5.45,0.7551
2000-12-15,5.2,5.44,0.7381
2000-12-18,5.17,5.44,0.7274
2000-12-19,5.19,5.47,0.7369
2000-12-20,5.08,5.42,0.7154
2000-12-21,5.03,5.41,0.7278
2000-12-22,5.02,5.4,0.7497
2000-12-26,5.04,5.41,0.7424
2000-12-27,5.11,5.45,0.7626
2000-12-28,5.13,5.44,0.7679
2000-12-29,5.12,5.46,0.7575
2001-01-02,4.92,5.35,0.6794
2001-01-03,5.14,5.49,0.7622
2001-01-04,5.03,5.44,0.7754
2001-01-05,4.93,5.41,0.7717
2001-01-08,4.94,5.42,0.7866
2001-01-09,4.98,5.43,0.8133
2001-01-10,5.1,5.49,0.8538
2001-01-11,5.14,5.55,0.8748
2001-01-12,5.25,5.63,0.9175
2001-01-16,5.24,5.6,0.9142
2001-01-17,5.19,5.52,0.8825
2001-01-18,5.12,5.47,0.8472
2001-01-19,5.19,5.56,0.8811
2001-01-22,5.25,5.61,0.908
2001-01-23,5.3,5.65,0.9406
2001-01-24,5.33,5.67,0.9591
2001-01-25,5.29,5.61,0.9478
2001-01-26,5.29,5.64,0.9548
2001-01-29,5.32,5.69,0.9729
2001-01-30,5.24,5.59,0.9529
2001-01-31,5.19,5.54,0.9386
2001-02-01,5.1,5.46,0.9054
2001-02-02,5.17,5.51,0.922
2001-02-05,5.18,5.48,0.9196
2001-02-06,5.22,5.51,0.9326
2001-02-07,5.1,5.52,0.9304
2001-02-08,5.1,5.44,0.933
2001-02-09,5.03,5.38,0.903
2001-02-12,5.05,5.42,0.9091
2001-02-13,5.07,5.43,0.9198
2001-02-14,5.13,5.44,0.9378
2001-02-15,5.19,5.5,0.9707
2001-02-16,5.11,5.46,0.9489
2001-02-20,5.11,5.46,0.9419
2001-02-21,5.14,5.49,0.9546
2001-02-22,5.15,5.52,0.961
2001-02-23,5.1,5.49,0.9534
2001-02-26,5.05,5.45,0.9456
2001-02-27,4.96,5.34,0.9156
2001-02-28,4.92,5.34,0.8932
2001-03-01,4.87,5.29,0.8689
2001-03-02,4.95,5.38,0.9003
2001-03-05,4.98,5.36,0.9154
2001-03-06,4.99,5.38,0.925
2001-03-07,4.92,5.32,0.9087
2001-03-08,4.89,5.3,0.901
2001-03-09,4.95,5.32,0.9168
2001-03-12,4.92,5.31,0.9159
2001-03-13,4.95,5.34,0.9272
2001-03-14,4.84,5.28,0.8991
2001-03-15,4.81,5.29,0.8862
2001-03-16,4.78,5.28,0.8788
2001-03-19,4.82,5.3,0.8969
2001-03-20,4.78,5.27,0.8861
2001-03-21,4.77,5.28,0.8907
2001-03-22,4.73,5.25,0.8809
2001-03-23,4.8,5.3,0.9086
2001-03-26,4.85,5.36,0.9389
2001-03-27,5.0,5.45,1.0036
2001-03-28,4.97,5.47,1.0134
2001-03-29,4.98,5.48,1.0206
2001-03-30,4.93,5.46,1.0054
2001-04-02,4.98,5.49,1.0214
2001-04-03,4.94,5.48,1.0156
2001-04-04,4.94,5.5,1.0185
2001-04-05,4.98,5.53,1.0403
2001-04-06,4.89,5.46,1.0174
2001-04-09,4.93,5.5,1.0339
2001-04-10,5.09,5.63,1.0968
2001-04-11,5.12,5.6,1.114
2001-04-12,5.17,5.61,1.1401
2001-04-16,5.28,5.7,1.1794
2001-04-17,5.21,5.65,1.1577
2001-04-18,5.14,5.65,1.134
2001-04-19,5.27,5.77,1.1918
2001-04-20,5.29,5.79,1.2282
2001-04-23,5.2,5.73,1.212
2001-04-24,5.22,5.75,1.2177
2001-04-25,5.28,5.78,1.2446
2001-04-26,5.2,5.71,1.217
2001-04-27,5.34,5.81,1.2656
2001-04-30,5.35,5.78,1.2719
2001-05-01,5.3,5.75,1.2522
2001-05-02,5.31,5.71,1.247
2001-05-03,5.22,5.64,1.2158
2001-05-04,5.21,5.65,1.2082
2001-05-07,5.21,5.68,1.2126
2001-05-08,5.24,5.72,1.2265
2001-05-09,5.2,5.67,1.2157
2001-05-10,5.31,5.75,1.2591
2001-05-11,5.51,5.88,1.345
2001-05-14,5.46,5.85,1.3495
2001-05-15,5.5,5.89,1.3727
2001-05-16,5.48,5.86,1.3818
2001-05-17,5.46,5.8,1.3881
2001-05-18,5.41,5.76,1.3818
2001-05-21,5.41,5.75,1.3732
2001-05-22,5.42,5.78,1.3713
2001-05-23,5.41,5.79,1.3683
2001-05-24,5.52,5.87,1.4027
2001-05-25,5.52,5.86,1.4123
2001-05-29,5.54,5.86,1.4233
2001-05-30,5.54,5.86,1.4258
2001-05-31,5.43,5.78,1.387
2001-06-01,5.39,5.71,1.367
2001-06-04,5.35,5.69,1.3509
2001-06-05,5.29,5.66,1.3255
2001-06-06,5.27,5.65,1.3185
2001-06-07,5.33,5.72,1.3362
2001-06-08,5.38,5.73,1.354
2001-06-11,5.32,5.69,1.3379
2001-06-12,5.27,5.65,1.3192
2001-06-13,5.28,5.66,1.318
2001-06-14,5.26,5.65,1.3036
2001-06-15,5.27,5.68,1.3047
2001-06-18,5.27,5.7,1.3068
2001-06-19,5.26,5.69,1.3042
2001-06-20,5.24,5.67,1.3004
2001-06-21,5.22,5.64,1.2936
2001-06-22,5.14,5.58,1.2683
2001-06-25,5.16,5.59,1.2699
2001-06-26,5.24,5.65,1.3018
2001-06-27,5.26,5.62,1.3185
2001-06-28,5.35,5.68,1.3487
2001-06-29,5.42,5.75,1.3742
2001-07-02,5.37,5.7,1.3517
2001-07-03,5.41,5.73,1.3599
2001-07-05,5.44,5.76,1.3772
2001-07-06,5.41,5.75,1.3675
2001-07-09,5.37,5.7,1.351
2001-07-10,5.32,5.68,1.3285
2001-07-11,5.31,5.69,1.326
2001-07-12,5.27,5.65,1.3153
2001-07-13,5.27,5.64,1.3124
2001-07-16,5.21,5.59,1.2847
2001-07-17,5.22,5.59,1.2799
2001-07-18,5.12,5.52,1.2408
2001-07-19,5.13,5.53,1.2394
2001-07-20,5.15,5.54,1.2467
2001-07-23,5.13,5.53,1.2381
2001-07-24,5.13,5.52,1.2283
2001-07-25,5.2,5.58,1.2532
2001-07-26,5.19,5.59,1.251
2001-07-27,5.13,5.55,1.2264
2001-07-30,5.11,5.53,1.2125
2001-07-31,5.07,5.51,1.1931
2001-08-01,5.11,5.53,1.2058
2001-08-02,5.17,5.57,1.2368
2001-08-03,5.2,5.59,1.2552
2001-08-06,5.19,5.59,1.257
2001-08-07,5.2,5.6,1.2613
2001-08-08,4.99,5.52,1.2192
2001-08-09,5.04,5.54,1.2305
2001-08-10,4.99,5.52,1.2217
2001-08-13,4.97,5.52,1.2087
2001-08-14,4.97,5.51,1.2112
2001-08-15,5.0,5.52,1.2237
2001-08-16,4.95,5.48,1.2104
2001-08-17,4.84,5.43,1.1732
2001-08-20,4.91,5.46,1.1851
2001-08-21,4.87,5.44,1.1751
2001-08-22,4.91,5.44,1.1818
2001-08-23,4.89,5.41,1.1735
2001-08-24,4.93,5.45,1.1853
2001-08-27,4.94,5.47,1.191
2001-08-28,4.85,5.41,1.1599
2001-08-29,4.78,5.36,1.1297
2001-08-30,4.79,5.37,1.1272
2001-08-31,4.85,5.39,1.1432
2001-09-04,4.99,5.5,1.2035
2001-09-05,4.97,5.48,1.2088
2001-09-06,4.86,5.41,1.1708
2001-09-07,4.8,5.39,1.1445
2001-09-10,4.84,5.43,1.1573
2001-09-13,4.64,5.39,1.092
2001-09-14,4.57,5.35,1.0949
2001-09-17,4.63,5.41,1.1374
2001-09-18,4.72,5.55,1.1955
2001-09-19,4.69,5.56,1.2184
2001-09-20,4.75,5.62,1.2703
2001-09-21,4.7,5.59,1.2749
2001-09-24,4.73,5.58,1.2815
2001-09-25,4.72,5.58,1.2721
2001-09-26,4.65,5.5,1.245
2001-09-27,4.58,5.45,1.215
2001-09-28,4.6,5.42,1.2208
2001-10-01,4.55,5.38,1.2019
2001-10-02,4.53,5.34,1.1955
2001-10-03,4.5,5.32,1.1935
2001-10-04,4.53,5.31,1.1986
2001-10-05,4.52,5.31,1.197
2001-10-09,4.62,5.39,1.2315
2001-10-10,4.61,5.36,1.2361
2001-10-11,4.69,5.41,1.2676
2001-10-12,4.68,5.42,1.269
2001-10-15,4.62,5.38,1.2469
2001-10-16,4.59,5.35,1.2327
2001-10-17,4.59,5.32,1.23
2001-10-18,4.58,5.32,1.2293
2001-10-19,4.63,5.36,1.2468
2001-10-22,4.63,5.36,1.2549
2001-10-23,4.66,5.38,1.2648
2001-10-24,4.61,5.32,1.2447
2001-10-25,4.56,5.28,1.2234
2001-10-26,4.53,5.27,1.2144
2001-10-29,4.5,5.25,1.1984
2001-10-30,4.44,5.22,1.1759
2001-10-31,4.3,4.89,1.1313
2001-11-01,4.24,4.79,1.107
2001-11-02,4.37,4.96,1.1524
2001-11-05,4.31,4.86,1.1415
2001-11-06,4.3,4.86,1.1373
2001-11-07,4.22,4.79,1.1109
2001-11-08,4.32,4.87,1.1454
2001-11-09,4.34,4.88,1.1699
2001-11-13,4.41,4.92,1.2015
2001-11-14,4.54,5.02,1.2591
2001-11-15,4.79,5.22,1.3714
2001-11-16,4.91,5.3,1.4473
2001-11-19,4.8,5.22,1.4171
2001-11-20,4.88,5.3,1.4415
2001-11-21,4.98,5.35,1.5017
2001-11-23,5.04,5.39,1.5454
2001-11-26,5.05,5.39,1.5602
2001-11-27,4.98,5.37,1.5428
2001-11-28,4.98,5.36,1.5442
2001-11-29,4.79,5.24,1.4779
2001-11-30,4.78,5.27,1.4692
2001-12-03,4.75,5.26,1.4524
2001-12-04,4.7,5.22,1.4338
2001-12-05,4.92,5.35,1.521
2001-12-06,5.04,5.47,1.5951
2001-12-07,5.2,5.6,1.6812
2001-12-10,5.17,5.58,1.6934
2001-12-11,5.13,5.55,1.6848
2001-12-12,5.02,5.47,1.6454
2001-12-13,5.13,5.53,1.6777
2001-12-14,5.24,5.59,1.7282
2001-12-17,5.26,5.61,1.7429
2001-12-18,5.16,5.52,1.7101
2001-12-19,5.08,5.45,1.6713
2001-12-20,5.08,5.43,1.6693
2001-12-21,5.12,5.45,1.6785
2001-12-24,5.18,5.49,1.7022
2001-12-26,5.22,5.52,1.7226
2001-12-27,5.13,5.49,1.6917
2001-12-28,5.15,5.54,1.6964
2001-12-31,5.07,5.48,1.6605
2002-01-02,5.2,5.56,1.7095
2002-01-03,5.16,5.54,1.7027
2002-01-04,5.18,5.57,1.7151
2002-01-07,5.09,5.49,1.6764
2002-01-08,5.1,5.51,1.6706
2002-01-09,5.1,5.51,1.6666
2002-01-10,5.0,5.42,1.6171
2002-01-11,4.92,5.37,1.5786
2002-01-14,4.91,5.38,1.578
2002-01-15,4.88,5.34,1.5621
2002-01-16,4.88,5.36,1.561
2002-01-17,4.98,5.41,1.5974
2002-01-18,4.94,5.36,1.5812
2002-01-22,4.96,5.39,1.5852
2002-01-23,5.05,5.48,1.6191
2002-01-24,5.07,5.47,1.6301
2002-01-25,5.1,5.47,1.6447
2002-01-28,5.12,5.47,1.6503
2002-01-29,5.02,5.4,1.6015
2002-01-30,5.02,5.41,1.5912
2002-01-31,5.07,5.44,1.6086
2002-02-01,5.02,5.4,1.5905
2002-02-04,4.94,5.35,1.5516
2002-02-05,4.92,5.35,1.5334
2002-02-06,4.92,5.38,1.5489
2002-02-07,4.93,5.42,1.5645
2002-02-08,4.9,5.39,1.5518
2002-02-11,4.91,5.41,1.5552
2002-02-12,4.97,5.45,1.5819
2002-02-13,5.01,5.47,1.6041
2002-02-14,4.95,5.42,1.5853
2002-02-15,4.86,5.37,1.5474
2002-02-19,4.88,5.54,1.5476
2002-02-20,4.88,5.53,1.5436
2002-02-21,4.88,5.53,1.537
2002-02-22,4.84,5.48,1.5187
2002-02-25,4.86,5.51,1.5203
2002-02-26,4.93,5.53,1.5491
2002-02-27,4.84,5.51,1.5174
2002-02-28,4.88,5.54,1.529
2002-03-01,4.98,5.6,1.5755
2002-03-04,5.02,5.61,1.5978
2002-03-05,5.02,5.6,1.6007
2002-03-06,5.06,5.67,1.6167
2002-03-07,5.22,5.76,1.692
2002-03-08,5.33,5.83,1.7509
2002-03-11,5.33,5.81,1.7617
2002-03-12,5.32,5.84,1.757
2002-03-13,5.28,5.83,1.7387
2002-03-14,5.4,5.9,1.7853
2002-03-15,5.35,5.86,1.7738
2002-03-18,5.32,5.83,1.7592
2002-03-19,5.33,5.86,1.7556
2002-03-20,5.4,5.89,1.7862
2002-03-21,5.39,5.87,1.7932
2002-03-22,5.4,5.89,1.8007
2002-03-25,5.41,5.91,1.8027
2002-03-26,5.35,5.84,1.7752
2002-03-27,5.35,5.86,1.7683
2002-03-28,5.42,5.91,1.7972
2002-04-01,5.44,5.92,1.8082
2002-04-02,5.36,5.86,1.775
2002-04-03,5.3,5.82,1.7413
2002-04-04,5.28,5.82,1.7301
2002-04-05,5.22,5.79,1.7002
2002-04-08,5.25,5.82,1.7103
2002-04-09,5.22,5.79,1.6993
2002-04-10,5.24,5.78,1.7076
2002-04-11,5.22,5.78,1.7005
2002-04-12,5.18,5.79,1.6805
2002-04-15,5.15,5.76,1.6653
2002-04-16,5.2,5.78,1.6774
2002-04-17,5.24,5.85,1.6967
2002-04-18,5.23,5.86,1.6996
2002-04-19,5.21,5.8,1.6956
2002-04-22,5.19,5.78,1.6916
2002-04-23,5.18,5.78,1.6889
2002-04-24,5.11,5.72,1.655
2002-04-25,5.1,5.72,1.6398
2002-04-26,5.08,5.73,1.6227
2002-04-29,5.13,5.75,1.6353
2002-04-30,5.11,5.72,1.6323
2002-05-01,5.08,5.69,1.6128
2002-05-02,5.13,5.72,1.6265
2002-05-03,5.08,5.65,1.6074
2002-05-06,5.1,5.66,1.6138
2002-05-07,5.09,5.66,1.6079
2002-05-08,5.24,5.77,1.6672
2002-05-09,5.2,5.78,1.6628
2002-05-10,5.15,5.72,1.6365
2002-05-13,5.23,5.79,1.6669
2002-05-14,5.32,5.84,1.7065
2002-05-15,5.28,5.82,1.6989
2002-05-16,5.2,5.8,1.6729
2002-05-17,5.27,5.84,1.6958
2002-05-20,5.21,5.78,1.6708
2002-05-21,5.18,5.79,1.6471
2002-05-22,5.13,5.75,1.6203
2002-05-23,5.16,5.78,1.6259
2002-05-24,5.16,5.78,1.6271
2002-05-28,5.16,5.78,1.6239
2002-05-29,5.11,5.77,1.5981
2002-05-30,5.06,5.74,1.5701
2002-05-31,5.08,5.75,1.5736
2002-06-03,5.06,5.76,1.5666
2002-06-04,5.04,5.75,1.5514
2002-06-05,5.08,5.79,1.5651
2002-06-06,5.04,5.77,1.5532
2002-06-07,5.1,5.81,1.5765
2002-06-10,5.07,5.76,1.57
2002-06-11,5.02,5.71,1.5479
2002-06-12,4.98,5.68,1.5285
2002-06-13,4.94,5.65,1.5088
2002-06-14,4.83,5.59,1.4651
2002-06-17,4.89,5.63,1.4765
2002-06-18,4.88,5.62,1.4732
2002-06-19,4.76,5.58,1.4292
2002-06-20,4.85,5.64,1.4544
2002-06-21,4.79,5.56,1.4364
2002-06-24,4.87,5.62,1.4593
2002-06-25,4.88,5.64,1.4678
2002-06-26,4.75,5.6,1.4206
2002-06-27,4.84,5.68,1.4533
2002-06-28,4.86,5.7,1.4712
2002-07-01,4.85,5.67,1.4682
2002-07-02,4.77,5.64,1.4326
2002-07-03,4.78,5.62,1.4291
2002-07-05,4.9,5.7,1.4776
2002-07-08,4.84,5.66,1.4652
2002-07-09,4.78,5.6,1.4331
2002-07-10,4.66,5.53,1.3754
2002-07-11,4.66,5.57,1.3626
2002-07-12,4.63,5.55,1.3441
2002-07-15,4.66,5.57,1.3509
2002-07-16,4.75,5.63,1.3903
2002-07-17,4.71,5.62,1.3784
2002-07-18,4.66,5.62,1.3525
2002-07-19,4.61,5.55,1.3246
2002-07-22,4.51,5.5,1.2761
2002-07-23,4.47,5.49,1.2465
2002-07-24,4.49,5.57,1.2498
2002-07-25,4.43,5.54,1.218
2002-07-26,4.43,5.52,1.2077
2002-07-29,4.62,5.62,1.282
2002-07-30,4.65,5.59,1.3094
2002-07-31,4.51,5.51,1.2541
2002-08-01,4.47,5.51,1.2256
2002-08-02,4.33,5.44,1.1609
2002-08-05,4.29,5.41,1.1265
2002-08-06,4.42,5.45,1.179
2002-08-07,4.35,5.44,1.1583
2002-08-08,4.4,5.44,1.1846
2002-08-09,4.27,5.35,1.1488
2002-08-12,4.22,5.29,1.1169
2002-08-13,4.12,5.22,1.072
2002-08-14,4.06,5.08,1.0621
2002-08-15,4.17,5.17,1.096
2002-08-16,4.32,5.24,1.1583
2002-08-19,4.29,5.21,1.1616
2002-08-20,4.17,5.14,1.1139
2002-08-21,4.2,5.19,1.1124
2002-08-22,4.3,5.27,1.1432
2002-08-23,4.25,5.25,1.1222
2002-08-26,4.22,5.22,1.1027
2002-08-27,4.29,5.25,1.1278
2002-08-28,4.22,5.21,1.1069
2002-08-29,4.16,5.18,1.0757
2002-08-30,4.14,5.11,1.0562
2002-09-03,3.98,5.02,0.9835
2002-09-04,3.96,4.98,0.9602
2002-09-05,3.91,4.98,0.9333
2002-09-06,4.05,5.07,0.9798
2002-09-09,4.05,5.04,0.9889
2002-09-10,4.0,5.03,0.9765
2002-09-11,4.07,5.08,1.0012
2002-09-12,3.98,5.03,0.9703
2002-09-13,3.92,4.97,0.9376
2002-09-16,3.9,4.95,0.9212
2002-09-17,3.87,4.96,0.9008
2002-09-18,3.86,4.95,0.8907
2002-09-19,3.79,4.9,0.8627
2002-09-20,3.79,4.95,0.8583
2002-09-23,3.7,4.88,0.8205
2002-09-24,3.69,4.84,0.8064
2002-09-25,3.77,4.91,0.8403
2002-09-26,3.79,4.93,0.8552
2002-09-27,3.69,4.91,0.8236
2002-09-30,3.63,4.88,0.7929
2002-10-01,3.72,5.01,0.8267
2002-10-02,3.71,4.98,0.8308
2002-10-03,3.7,4.99,0.8342
2002-10-04,3.69,5.0,0.827
2002-10-07,3.64,4.98,0.8035
2002-10-08,3.65,4.99,0.8036
2002-10-09,3.61,4.95,0.7835
2002-10-10,3.68,4.98,0.8003
2002-10-11,3.83,5.06,0.8646
2002-10-15,4.07,5.22,0.9717
2002-10-16,4.06,5.23,0.9936
2002-10-17,4.16,5.31,1.04
2002-10-18,4.14,5.32,1.0418
2002-10-21,4.24,5.36,1.0817
2002-10-22,4.27,5.36,1.1018
2002-10-23,4.26,5.39,1.1003
2002-10-24,4.16,5.35,1.0666
2002-10-25,4.12,5.31,1.0367
2002-10-28,4.1,5.35,1.0194
2002-10-29,3.97,5.28,0.974
2002-10-30,3.99,5.3,0.9704
2002-10-31,3.93,5.28,0.9538
2002-11-01,4.01,5.3,0.9897
2002-11-04,4.07,5.31,1.0235
2002-11-05,4.1,5.33,1.0435
2002-11-06,4.09,5.35,1.0657
2002-11-07,3.88,5.17,1.0126
2002-11-08,3.85,5.05,0.9925
2002-11-12,3.84,5.05,0.9762
2002-11-13,3.84,5.01,0.9657
2002-11-14,4.03,5.16,1.0363
2002-11-15,4.05,5.12,1.065
2002-11-18,4.02,5.1,1.0609
2002-11-19,3.99,5.06,1.0499
2002-11-20,4.08,5.14,1.0927
2002-11-21,4.14,5.2,1.1306
2002-11-22,4.18,5.22,1.1596
2002-11-25,4.19,5.23,1.167
2002-11-26,4.08,5.15,1.1226
2002-11-27,4.26,5.28,1.1977
2002-11-29,4.22,5.23,1.1939
2002-12-02,4.22,5.22,1.1995
2002-12-03,4.24,5.23,1.2077
2002-12-04,4.18,5.19,1.1854
2002-12-05,4.13,5.16,1.1578
2002-12-06,4.09,5.15,1.1341
2002-12-09,4.06,5.12,1.1082
2002-12-10,4.06,5.09,1.0983
2002-12-11,4.01,5.04,1.0731
2002-12-12,4.01,5.07,1.0674
2002-12-13,4.07,5.15,1.0864
2002-12-16,4.15,5.21,1.1185
2002-12-17,4.13,5.24,1.1166
2002-12-18,4.06,5.2,1.0879
2002-12-19,3.96,5.15,1.0371
2002-12-20,3.97,5.12,1.0302
2002-12-23,3.98,5.13,1.0348
2002-12-24,3.95,5.11,1.0224
2002-12-26,3.93,5.11,1.007
2002-12-27,3.83,5.06,0.9648
2002-12-30,3.82,5.02,0.9431
2002-12-31,3.83,5.03,0.9418
2003-01-02,4.07,5.18,1.0423
2003-01-03,4.05,5.18,1.0591
2003-01-06,4.09,5.2,1.0827
2003-01-07,4.04,5.18,1.0719
2003-01-08,4.0,5.13,1.0558
2003-01-09,4.19,5.27,1.1347
2003-01-10,4.16,5.24,1.1429
2003-01-13,4.15,5.23,1.1387
2003-01-14,4.1,5.19,1.116
2003-01-15,4.1,5.17,1.1071
2003-01-16,4.1,5.16,1.1076
2003-01-17,4.05,5.13,1.0852
2003-01-21,4.01,5.11,1.0606
2003-01-22,3.95,5.07,1.0308
2003-01-23,3.98,5.08,1.0352
2003-01-24,3.94,5.05,1.0176
2003-01-27,3.98,5.06,1.0321
2003-01-28,4.0,5.06,1.0403
2003-01-29,4.06,5.11,1.07
2003-01-30,4.0,5.06,1.058
2003-01-31,4.0,5.03,1.0506
2003-02-03,4.01,5.01,1.0561
2003-02-04,3.96,4.99,1.0379
2003-02-05,4.02,5.02,1.0646
2003-02-06,3.97,4.99,1.0481
2003-02-07,3.96,4.98,1.0329
2003-02-10,3.99,5.04,1.0489
2003-02-11,3.98,5.06,1.0455
2003-02-12,3.93,5.08,1.0197
2003-02-13,3.89,5.04,0.9879
2003-02-14,3.95,5.09,1.0074
2003-02-18,3.94,5.1,1.0081
2003-02-19,3.88,5.04,0.9828
2003-02-20,3.85,5.04,0.9584
2003-02-21,3.9,5.08,0.9703
2003-02-24,3.86,5.05,0.954
2003-02-25,3.81,5.01,0.9299
2003-02-26,3.78,4.97,0.9109
2003-02-27,3.76,4.98,0.8998
2003-02-28,3.71,4.9,0.8748
2003-03-03,3.68,4.92,0.8553
2003-03-04,3.65,4.91,0.8384
2003-03-05,3.63,4.9,0.8218
2003-03-06,3.67,4.93,0.8344
2003-03-07,3.63,4.9,0.823
2003-03-10,3.59,4.9,0.8071
2003-03-11,3.6,4.9,0.8138
2003-03-12,3.6,4.85,0.8233
2003-03-13,3.74,4.95,0.8895
2003-03-14,3.72,4.93,0.892
2003-03-17,3.82,5.0,0.9308
2003-03-18,3.91,5.07,0.9788
2003-03-19,3.98,5.14,1.0146
2003-03-20,4.01,5.17,1.0399
2003-03-21,4.11,5.23,1.0876
2003-03-24,3.98,5.15,1.0494
2003-03-25,3.97,5.15,1.0379
2003-03-26,3.96,5.17,1.028
2003-03-27,3.95,5.17,1.0176
2003-03-28,3.92,5.16,1.0009
2003-03-31,3.83,5.07,0.9628
2003-04-01,3.84,5.06,0.955
2003-04-02,3.94,5.15,0.9991
2003-04-03,3.93,5.16,1.0052
2003-04-04,3.96,5.2,1.0183
2003-04-07,4.03,5.24,1.0508
2003-04-08,3.95,5.16,1.0225
2003-04-09,3.93,5.15,1.0044
2003-04-10,3.95,5.17,1.0066
2003-04-11,4.0,5.19,1.0236
2003-04-14,4.04,5.2,1.0428
2003-04-15,3.98,5.19,1.0219
2003-04-16,3.96,5.13,1.0118
2003-04-17,3.98,5.12,1.0201
2003-04-21,4.0,5.13,1.0294
2003-04-22,4.01,5.12,1.0322
2003-04-23,4.02,5.1,1.0354
2003-04-24,3.93,5.05,0.9991
2003-04-25,3.91,5.04,0.9806
2003-04-28,3.92,5.04,0.9817
2003-04-29,3.96,5.07,0.996
2003-04-30,3.89,5.0,0.9681
2003-05-01,3.88,5.01,0.9576
2003-05-02,3.94,5.05,0.9813
2003-05-05,3.92,5.03,0.973
2003-05-06,3.84,5.02,0.9342
2003-05-07,3.72,4.96,0.881
2003-05-08,3.7,4.96,0.8593
2003-05-09,3.69,4.95,0.8437
2003-05-12,3.64,4.91,0.8208
2003-05-13,3.63,4.92,0.8113
2003-05-14,3.53,4.76,0.7678
2003-05-15,3.53,4.69,0.7678
2003-05-16,3.46,4.67,0.7395
2003-05-19,3.46,4.67,0.7245
2003-05-20,3.38,4.59,0.6913
2003-05-21,3.39,4.54,0.6891
2003-05-22,3.34,4.5,0.6669
2003-05-23,3.34,4.44,0.6611
2003-05-27,3.41,4.57,0.6784
2003-05-28,3.44,4.63,0.683
2003-05-29,3.34,4.56,0.6489
2003-05-30,3.37,4.59,0.6507
2003-06-02,3.43,4.64,0.6712
2003-06-03,3.34,4.59,0.6373
2003-06-04,3.3,4.58,0.6158
2003-06-05,3.34,4.63,0.6362
2003-06-06,3.37,4.66,0.655
2003-06-09,3.29,4.6,0.627
2003-06-10,3.2,4.51,0.5889
2003-06-11,3.21,4.49,0.5929
2003-06-12,3.18,4.47,0.5798
2003-06-13,3.13,4.42,0.5625
2003-06-16,3.18,4.47,0.5899
2003-06-17,3.27,4.55,0.6342
2003-06-18,3.37,4.64,0.6835
2003-06-19,3.35,4.66,0.69
2003-06-20,3.4,4.7,0.7148
2003-06-23,3.32,4.64,0.6891
2003-06-24,3.29,4.6,0.6692
2003-06-25,3.38,4.69,0.7019
2003-06-26,3.55,4.81,0.7673
2003-06-27,3.58,4.83,0.7975
2003-06-30,3.54,4.81,0.7836
2003-07-01,3.56,4.86,0.7886
2003-07-02,3.56,4.83,0.7903
2003-07-03,3.67,4.93,0.8323
2003-07-07,3.74,4.98,0.8698
2003-07-08,3.75,4.95,0.8891
2003-07-09,3.73,4.93,0.8859
2003-07-10,3.7,4.94,0.8742
2003-07-11,3.66,4.94,0.8529
2003-07-14,3.74,4.98,0.8766
2003-07-15,3.94,5.12,0.9644
2003-07-16,3.97,5.1,1.0045
2003-07-17,3.98,5.08,1.0231
2003-07-18,4.0,5.09,1.0426
2003-07-21,4.19,5.25,1.0832
2003-07-22,4.17,5.23,1.1233
2003-07-23,4.12,5.2,1.1164
2003-07-24,4.2,5.25,1.1421
2003-07-25,4.22,5.31,1.1607
2003-07-28,4.31,5.39,1.2039
2003-07-29,4.42,5.46,1.2595
2003-07-30,4.34,5.43,1.2528
2003-07-31,4.49,5.56,1.3074
2003-08-01,4.44,5.47,1.3265
2003-08-04,4.35,5.47,1.2857
2003-08-05,4.47,5.51,1.3277
2003-08-06,4.32,5.42,1.2746
2003-08-07,4.3,5.4,1.2364
2003-08-08,4.27,5.4,1.2176
2003-08-11,4.38,5.47,1.2501
2003-08-12,4.37,5.49,1.2519
2003-08-13,4.58,5.6,1.3372
2003-08-14,4.55,5.57,1.3545
2003-08-15,4.55,5.57,1.3628
2003-08-18,4.49,5.5,1.3429
2003-08-19,4.38,5.41,1.2944
2003-08-20,4.45,5.42,1.3109
2003-08-21,4.53,5.43,1.3592
2003-08-22,4.48,5.4,1.3494
2003-08-25,4.53,5.4,1.365
2003-08-26,4.5,5.39,1.3556
2003-08-27,4.54,5.4,1.3743
2003-08-28,4.42,5.34,1.3265
2003-08-29,4.45,5.3,1.331
2003-09-02,4.61,5.38,1.3965
2003-09-03,4.6,5.41,1.4114
2003-09-04,4.52,5.4,1.3733
2003-09-05,4.35,5.32,1.2858
2003-09-08,4.41,5.36,1.2835
2003-09-09,4.37,5.36,1.2674
2003-09-10,4.28,5.3,1.2208
2003-09-11,4.35,5.35,1.2361
2003-09-12,4.27,5.33,1.2104
2003-09-15,4.28,5.35,1.2
2003-09-16,4.29,5.34,1.2003
2003-09-17,4.2,5.26,1.1644
2003-09-18,4.19,5.23,1.1593
2003-09-19,4.17,5.2,1.1577
2003-09-22,4.26,5.28,1.1822
2003-09-23,4.24,5.24,1.1771
2003-09-24,4.16,5.17,1.1477
2003-09-25,4.12,5.17,1.1259
2003-09-26,4.04,5.11,1.0828
2003-09-29,4.09,5.16,1.0869
2003-09-30,3.96,5.07,1.0319
2003-10-01,3.96,5.05,1.0172
2003-10-02,4.03,5.1,1.0426
2003-10-03,4.21,5.23,1.1334
2003-10-06,4.17,5.21,1.1365
2003-10-07,4.27,5.29,1.1795
2003-10-08,4.27,5.33,1.1885
2003-10-09,4.32,5.35,1.2127
2003-10-10,4.29,5.34,1.2042
2003-10-14,4.37,5.4,1.2379
2003-10-15,4.43,5.41,1.2701
2003-10-16,4.47,5.41,1.3137
2003-10-17,4.41,5.37,1.2953
2003-10-20,4.41,5.35,1.2853
2003-10-21,4.38,5.33,1.2729
2003-10-22,4.29,5.3,1.2275
2003-10-23,4.34,5.36,1.2338
2003-10-24,4.24,5.27,1.1891
2003-10-27,4.3,5.3,1.202
2003-10-28,4.23,5.27,1.1695
2003-10-29,4.31,5.32,1.1976
2003-10-30,4.36,5.33,1.2337
2003-10-31,4.33,5.28,1.2303
2003-11-03,4.4,5.3,1.2583
2003-11-04,4.33,5.27,1.2409
2003-11-05,4.38,5.32,1.2592
2003-11-06,4.45,5.37,1.2956
2003-11-07,4.48,5.38,1.3179
2003-11-10,4.49,5.39,1.3291
2003-11-12,4.44,5.34,1.3121
2003-11-13,4.3,5.24,1.2479
2003-11-14,4.22,5.21,1.1961
2003-11-17,4.18,5.17,1.1635
2003-11-18,4.17,5.15,1.1488
2003-11-19,4.24,5.22,1.176
2003-11-20,4.16,5.16,1.1523
2003-11-21,4.15,5.13,1.1457
2003-11-24,4.23,5.19,1.1763
2003-11-25,4.19,5.17,1.1667
2003-11-26,4.25,5.2,1.1942
2003-11-28,4.34,5.23,1.2404
2003-12-01,4.4,5.28,1.2815
2003-12-02,4.38,5.25,1.2828
2003-12-03,4.41,5.28,1.2957
2003-12-04,4.38,5.27,1.2848
2003-12-05,4.23,5.2,1.2142
2003-12-08,4.29,5.26,1.2196
2003-12-09,4.32,5.26,1.2356
2003-12-10,4.3,5.28,1.2286
2003-12-11,4.27,5.27,1.204
2003-12-12,4.26,5.23,1.2012
2003-12-15,4.28,5.24,1.2115
2003-12-16,4.24,5.23,1.1951
2003-12-17,4.19,5.16,1.1766
2003-12-18,4.16,5.1,1.1623
2003-12-19,4.15,5.11,1.157
2003-12-22,4.18,5.13,1.162
2003-12-23,4.28,5.2,1.2047
2003-12-24,4.2,5.15,1.1778
2003-12-26,4.17,5.15,1.1591
2003-12-29,4.24,5.18,1.1809
2003-12-30,4.29,5.23,1.1989
2003-12-31,4.27,5.23,1.1962
2004-01-02,4.38,5.3,1.2448
2004-01-05,4.41,5.28,1.2676
2004-01-06,4.29,5.26,1.2241
2004-01-07,4.27,5.22,1.2039
2004-01-08,4.27,5.2,1.202
2004-01-09,4.11,5.14,1.1312
2004-01-12,4.11,5.12,1.1113
2004-01-13,4.05,5.11,1.0812
2004-01-14,4.01,5.06,1.0635
2004-01-15,3.99,5.03,1.0558
2004-01-16,4.04,5.04,1.0741
2004-01-20,4.08,5.09,1.0872
2004-01-21,4.05,5.06,1.0833
2004-01-22,3.99,5.02,1.0582
2004-01-23,4.09,5.08,1.0926
2004-01-26,4.16,5.14,1.1255
2004-01-27,4.11,5.09,1.1127
2004-01-28,4.22,5.14,1.1602
2004-01-29,4.22,5.13,1.172
2004-01-30,4.16,5.11,1.1553
2004-02-02,4.18,5.13,1.1554
2004-02-03,4.13,5.11,1.1335
2004-02-04,4.15,5.11,1.1369
2004-02-05,4.2,5.13,1.1563
2004-02-06,4.12,5.08,1.1283
2004-02-09,4.09,5.06,1.1091
2004-02-10,4.13,5.08,1.121
2004-02-11,4.05,5.06,1.0871
2004-02-12,4.1,5.1,1.0928
2004-02-13,4.05,5.08,1.0769
2004-02-17,4.05,5.07,1.0721
2004-02-18,4.05,5.07,1.0762
2004-02-19,4.05,5.04,1.0726
2004-02-20,4.1,5.09,1.0966
2004-02-23,4.05,5.11,1.0789
2004-02-24,4.04,5.06,1.0676
2004-02-25,4.02,5.02,1.0563
2004-02-26,4.05,5.05,1.0647
2004-02-27,3.99,5.01,1.0519
2004-03-01,4.0,4.99,1.0461
2004-03-02,4.05,5.06,1.0664
2004-03-03,4.07,5.02,1.0776
2004-03-04,4.04,4.99,1.067
2004-03-05,3.85,4.91,0.9854
2004-03-08,3.78,4.87,0.9349
2004-03-09,3.73,4.85,0.9001
2004-03-10,3.74,4.83,0.8939
2004-03-11,3.74,4.87,0.8993
2004-03-12,3.78,4.89,0.905
2004-03-15,3.78,4.88,0.9072
2004-03-16,3.7,4.82,0.8753
2004-03-17,3.71,4.83,0.8714
2004-03-18,3.76,4.87,0.8941
2004-03-19,3.8,4.89,0.9139
2004-03-22,3.74,4.84,0.8911
2004-03-23,3.73,4.83,0.8827
2004-03-24,3.73,4.83,0.8809
2004-03-25,3.75,4.86,0.89
2004-03-26,3.85,4.91,0.9356
2004-03-29,3.91,4.96,0.9666
2004-03-30,3.91,4.96,0.9785
2004-03-31,3.86,4.93,0.9577
2004-04-01,3.91,5.01,0.9769
2004-04-02,4.15,5.13,1.09
2004-04-05,4.24,5.18,1.1521
2004-04-06,4.19,5.17,1.1485
2004-04-07,4.19,5.18,1.1494
2004-04-08,4.21,5.17,1.1647
2004-04-12,4.25,5.19,1.1836
2004-04-13,4.35,5.25,1.2332
2004-04-14,4.4,5.26,1.2682
2004-04-15,4.42,5.33,1.2823
2004-04-16,4.37,5.31,1.2679
2004-04-19,4.39,5.33,1.2755
2004-04-20,4.43,5.35,1.2905
2004-04-21,4.45,5.36,1.3116
2004-04-22,4.4,5.33,1.2907
2004-04-23,4.48,5.38,1.3255
2004-04-26,4.46,5.36,1.3253
2004-04-27,4.43,5.35,1.3088
2004-04-28,4.5,5.39,1.3361
2004-04-29,4.55,5.41,1.3684
2004-04-30,4.53,5.39,1.3634
2004-05-03,4.53,5.41,1.3602
2004-05-04,4.56,5.45,1.3707
2004-05-05,4.61,5.46,1.3929
2004-05-06,4.63,5.46,1.4072
2004-05-07,4.79,5.53,1.487
2004-05-10,4.81,5.54,1.4984
2004-05-11,4.79,5.53,1.4947
2004-05-12,4.83,5.57,1.5047
2004-05-13,4.85,5.61,1.529
2004-05-14,4.79,5.59,1.5054
2004-05-17,4.7,5.52,1.4572
2004-05-18,4.74,5.56,1.4613
2004-05-19,4.79,5.57,1.4829
2004-05-20,4.72,5.52,1.4624
2004-05-21,4.76,5.53,1.4747
2004-05-24,4.75,5.53,1.4676
2004-05-25,4.73,5.5,1.4576
2004-05-26,4.67,5.46,1.4275
2004-05-27,4.6,5.45,1.3913
2004-05-28,4.66,5.42,1.4072
2004-06-01,4.71,5.48,1.4235
2004-06-02,4.74,5.5,1.4382
2004-06-03,4.71,5.49,1.4309
2004-06-04,4.78,5.54,1.4553
2004-06-07,4.78,5.5,1.4487
2004-06-08,4.78,5.53,1.4449
2004-06-09,4.82,5.53,1.4576
2004-06-10,4.81,5.51,1.4512
2004-06-14,4.89,5.58,1.4722
2004-06-15,4.69,5.45,1.3937
2004-06-16,4.74,5.45,1.3978
2004-06-17,4.71,5.41,1.387
2004-06-18,4.72,5.46,1.3896
2004-06-21,4.7,5.45,1.377
2004-06-22,4.72,5.47,1.378
2004-06-23,4.71,5.45,1.3739
2004-06-24,4.66,5.44,1.353
2004-06-25,4.66,5.41,1.3476
2004-06-28,4.76,5.49,1.3816
2004-06-29,4.7,5.44,1.3656
2004-06-30,4.62,5.41,1.3252
2004-07-01,4.57,5.35,1.3031
2004-07-02,4.48,5.3,1.2556
2004-07-06,4.49,5.32,1.2475
2004-07-07,4.5,5.32,1.2474
2004-07-08,4.49,5.32,1.2436
2004-07-09,4.49,5.31,1.243
2004-07-12,4.46,5.26,1.2297
2004-07-13,4.5,5.29,1.2378
2004-07-14,4.5,5.32,1.2429
2004-07-15,4.5,5.28,1.2466
2004-07-16,4.38,5.22,1.1981
2004-07-19,4.38,5.22,1.1863
2004-07-20,4.47,5.25,1.2217
2004-07-21,4.5,5.31,1.2432
2004-07-22,4.48,5.3,1.2394
2004-07-23,4.45,5.27,1.2284
2004-07-26,4.49,5.27,1.2351
2004-07-27,4.62,5.42,1.2815
2004-07-28,4.61,5.42,1.2849
2004-07-29,4.6,5.37,1.2819
2004-07-30,4.5,5.31,1.2436
2004-08-02,4.48,5.26,1.2191
2004-08-03,4.45,5.24,1.2024
2004-08-04,4.45,5.24,1.1975
2004-08-05,4.43,5.22,1.1866
2004-08-06,4.24,5.13,1.1031
2004-08-09,4.28,5.15,1.0946
2004-08-10,4.32,5.17,1.1147
2004-08-11,4.3,5.16,1.1144
2004-08-12,4.27,5.17,1.1041
2004-08-13,4.22,5.11,1.0851
2004-08-16,4.26,5.13,1.0889
2004-08-17,4.21,5.13,1.0664
2004-08-18,4.23,5.11,1.0695
2004-08-19,4.22,5.14,1.0646
2004-08-20,4.24,5.14,1.0735
2004-08-23,4.28,5.15,1.0872
2004-08-24,4.28,5.15,1.0884
2004-08-25,4.26,5.13,1.0826
2004-08-26,4.22,5.1,1.0644
2004-08-27,4.23,5.1,1.061
2004-08-30,4.19,5.07,1.0399
2004-08-31,4.13,5.01,1.0064
2004-09-01,4.13,5.01,0.9958
2004-09-02,4.2,5.07,1.0205
2004-09-03,4.3,5.14,1.0659
2004-09-07,4.26,5.1,1.0523
2004-09-08,4.18,5.04,1.0141
2004-09-09,4.22,5.07,1.015
2004-09-10,4.19,5.05,1.0074
2004-09-13,4.16,5.02,0.9927
2004-09-14,4.15,5.01,0.9805
2004-09-15,4.18,5.04,0.9906
2004-09-16,4.08,4.95,0.9541
2004-09-17,4.14,4.99,0.9658
2004-09-20,4.07,4.94,0.9357
2004-09-21,4.05,4.94,0.9224
2004-09-22,4.0,4.88,0.8998
2004-09-23,4.02,4.86,0.9059
2004-09-24,4.04,4.87,0.9135
2004-09-27,4.01,4.84,0.8939
2004-09-28,4.02,4.9,0.8913
2004-09-29,4.1,4.97,0.9255
2004-09-30,4.14,4.97,0.9459
2004-10-01,4.21,5.06,0.9783
2004-10-04,4.19,5.04,0.9798
2004-10-05,4.18,5.04,0.9809
2004-10-06,4.23,5.04,1.003
2004-10-07,4.26,5.08,1.0213
2004-10-08,4.15,4.98,0.9786
2004-10-12,4.12,4.95,0.9531
2004-10-13,4.09,4.98,0.9354
2004-10-14,4.03,4.93,0.9065
2004-10-15,4.07,4.92,0.9155
2004-10-18,4.07,4.92,0.9117
2004-10-19,4.07,4.91,0.9104
2004-10-20,4.01,4.85,0.8819
2004-10-21,4.01,4.84,0.8775
2004-10-22,4.0,4.87,0.8673
2004-10-25,3.99,4.86,0.8518
2004-10-26,4.01,4.87,0.8506
2004-10-27,4.11,4.96,0.8905
2004-10-28,4.09,4.91,0.891
2004-10-29,4.05,4.87,0.8747
2004-11-01,4.11,4.92,0.8874
2004-11-02,4.1,4.91,0.882
2004-11-03,4.09,4.9,0.8779
2004-11-04,4.1,4.89,0.881
2004-11-05,4.21,4.99,0.9269
2004-11-08,4.22,4.98,0.9348
2004-11-09,4.22,5.02,0.9337
2004-11-10,4.25,5.05,0.9429
2004-11-12,4.2,4.96,0.9329
2004-11-15,4.2,4.98,0.9252
2004-11-16,4.21,4.96,0.9312
2004-11-17,4.14,4.89,0.9007
2004-11-18,4.12,4.86,0.8812
2004-11-19,4.2,4.93,0.9107
2004-11-22,4.18,4.89,0.901
2004-11-23,4.19,4.89,0.9021
2004-11-24,4.2,4.89,0.908
2004-11-26,4.24,4.94,0.9237
2004-11-29,4.34,5.03,0.959
2004-11-30,4.36,5.07,0.9718
2004-12-01,4.38,5.08,0.983
2004-12-02,4.4,5.11,0.9983
2004-12-03,4.27,4.99,0.9503
2004-12-06,4.24,4.96,0.9242
2004-12-07,4.23,4.95,0.9158
2004-12-08,4.14,4.84,0.8755
2004-12-09,4.19,4.88,0.8744
2004-12-10,4.16,4.87,0.8669
2004-12-13,4.16,4.85,0.862
2004-12-14,4.14,4.83,0.8537
2004-12-15,4.09,4.76,0.8312
2004-12-16,4.19,4.88,0.8674
2004-12-17,4.21,4.89,0.8854
2004-12-20,4.21,4.88,0.8846
2004-12-21,4.18,4.83,0.8739
2004-12-22,4.21,4.86,0.8794
2004-12-23,4.23,4.9,0.8847
2004-12-27,4.3,4.97,0.9096
2004-12-28,4.31,4.95,0.9158
2004-12-29,4.33,4.97,0.9327
2004-12-30,4.27,4.94,0.9168
2004-12-31,4.24,4.86,0.9007
2005-01-03,4.23,4.85,0.8899
2005-01-04,4.29,4.91,0.9127
2005-01-05,4.29,4.88,0.9145
2005-01-06,4.29,4.89,0.9111
2005-01-07,4.29,4.88,0.9167
2005-01-10,4.29,4.86,0.9134
2005-01-11,4.26,4.84,0.8993
2005-01-12,4.25,4.8,0.8909
2005-01-13,4.2,4.77,0.8688
2005-01-14,4.23,4.78,0.874
2005-01-18,4.21,4.72,0.8662
2005-01-19,4.2,4.7,0.8623
2005-01-20,4.17,4.71,0.8494
2005-01-21,4.16,4.7,0.8366
2005-01-24,4.14,4.63,0.827
2005-01-25,4.2,4.71,0.8471
2005-01-26,4.21,4.7,0.8532
2005-01-27,4.22,4.71,0.8589
2005-01-28,4.16,4.64,0.8335
2005-01-31,4.14,4.62,0.8181
2005-02-01,4.15,4.63,0.8133
2005-02-02,4.15,4.61,0.8149
2005-02-03,4.18,4.58,0.8272
2005-02-04,4.09,4.48,0.7955
2005-02-07,4.07,4.43,0.7769
2005-02-08,4.05,4.39,0.7645
2005-02-09,4.0,4.4,0.7325
2005-02-10,4.07,4.5,0.7542
2005-02-11,4.1,4.52,0.7719
2005-02-14,4.08,4.45,0.7676
2005-02-15,4.1,4.48,0.7703
2005-02-16,4.16,4.53,0.7957
2005-02-17,4.19,4.58,0.8091
2005-02-18,4.27,4.65,0.843
2005-02-22,4.29,4.71,0.8533
2005-02-23,4.27,4.69,0.85
2005-02-24,4.29,4.67,0.8576
2005-02-25,4.27,4.61,0.8516
2005-02-28,4.36,4.71,0.88
2005-03-01,4.38,4.69,0.8923
2005-03-02,4.38,4.71,0.8971
2005-03-03,4.39,4.71,0.9028
2005-03-04,4.32,4.66,0.8799
2005-03-07,4.31,4.63,0.8712
2005-03-08,4.38,4.67,0.8926
2005-03-09,4.52,4.84,0.9507
2005-03-10,4.48,4.74,0.9482
2005-03-11,4.56,4.8,0.9823
2005-03-14,4.52,4.77,0.9774
2005-03-15,4.54,4.8,0.9849
2005-03-16,4.52,4.78,0.974
2005-03-17,4.47,4.75,0.9544
2005-03-18,4.51,4.8,0.9632
2005-03-21,4.53,4.85,0.9657
2005-03-22,4.63,4.88,1.0041
2005-03-23,4.61,4.86,1.0109
2005-03-24,4.6,4.84,1.0106
2005-03-28,4.64,4.88,1.0226
2005-03-29,4.6,4.85,1.0094
2005-03-30,4.56,4.77,0.9926
2005-03-31,4.5,4.76,0.9607
2005-04-01,4.46,4.72,0.9344
2005-04-04,4.47,4.73,0.9307
2005-04-05,4.48,4.75,0.9356
2005-04-06,4.44,4.73,0.9226
2005-04-07,4.49,4.78,0.9378
2005-04-08,4.5,4.77,0.9466
2005-04-11,4.45,4.73,0.9318
2005-04-12,4.38,4.66,0.8969
2005-04-13,4.38,4.68,0.8836
2005-04-14,4.37,4.73,0.8681
2005-04-15,4.27,4.66,0.8316
2005-04-18,4.27,4.62,0.8108
2005-04-19,4.21,4.53,0.7815
2005-04-20,4.22,4.59,0.7795
2005-04-21,4.32,4.62,0.8175
2005-04-22,4.26,4.6,0.8036
2005-04-25,4.26,4.54,0.7962
2005-04-26,4.28,4.59,0.8027
2005-04-27,4.25,4.57,0.7899
2005-04-28,4.19,4.52,0.7609
2005-04-29,4.21,4.53,0.7671
2005-05-02,4.21,4.53,0.759
2005-05-03,4.21,4.49,0.7617
2005-05-04,4.2,4.6,0.7573
2005-05-05,4.19,4.6,0.7491
2005-05-06,4.28,4.62,0.7896
2005-05-09,4.29,4.64,0.8015
2005-05-10,4.23,4.6,0.7789
2005-05-11,4.21,4.54,0.7678
2005-05-12,4.18,4.54,0.7538
2005-05-13,4.12,4.48,0.7398
2005-05-16,4.13,4.49,0.7346
2005-05-17,4.12,4.47,0.7277
2005-05-18,4.07,4.42,0.7079
2005-05-19,4.11,4.44,0.7239
2005-05-20,4.13,4.44,0.7341
2005-05-23,4.07,4.38,0.7068
2005-05-24,4.04,4.35,0.6824
2005-05-25,4.08,4.4,0.6896
2005-05-26,4.08,4.45,0.6955
2005-05-27,4.08,4.45,0.6962
2005-05-31,4.0,4.36,0.6627
2005-06-01,3.91,4.27,0.6124
2005-06-02,3.89,4.2,0.5995
2005-06-03,3.98,4.26,0.628
2005-06-06,3.96,4.23,0.6274
2005-06-07,3.92,4.18,0.6083
2005-06-08,3.95,4.24,0.6161
2005-06-09,3.98,4.23,0.6293
2005-06-10,4.05,4.3,0.6642
2005-06-13,4.09,4.39,0.6835
2005-06-14,4.13,4.41,0.6999
2005-06-15,4.12,4.44,0.706
2005-06-16,4.09,4.36,0.6962
2005-06-17,4.09,4.35,0.6958
2005-06-20,4.11,4.34,0.6985
2005-06-21,4.06,4.32,0.6757
2005-06-22,3.95,4.23,0.6249
2005-06-23,3.96,4.27,0.615
2005-06-24,3.92,4.23,0.5921
2005-06-27,3.9,4.25,0.5732
2005-06-28,3.97,4.22,0.5932
2005-06-29,3.99,4.24,0.6045
2005-06-30,3.94,4.19,0.5871
2005-07-01,4.06,4.28,0.6251
2005-07-05,4.11,4.34,0.6536
2005-07-06,4.08,4.31,0.6475
2005-07-07,4.05,4.28,0.6354
2005-07-08,4.11,4.33,0.6572
2005-07-11,4.11,4.3,0.6602
2005-07-12,4.15,4.36,0.6739
2005-07-13,4.17,4.38,0.6839
2005-07-14,4.19,4.4,0.6933
2005-07-15,4.18,4.39,0.6929
2005-07-18,4.22,4.44,0.7023
2005-07-19,4.2,4.41,0.6912
2005-07-20,4.17,4.37,0.681
2005-07-21,4.28,4.48,0.7147
2005-07-22,4.23,4.39,0.6988
2005-07-25,4.25,4.44,0.6953
2005-07-26,4.24,4.44,0.691
2005-07-27,4.27,4.42,0.7012
2005-07-28,4.2,4.38,0.6777
2005-07-29,4.28,4.42,0.7044
2005-08-01,4.32,4.46,0.7182
2005-08-02,4.34,4.52,0.7253
2005-08-03,4.3,4.48,0.7129
2005-08-04,4.32,4.5,0.7189
2005-08-05,4.4,4.56,0.7477
2005-08-08,4.42,4.58,0.763
2005-08-09,4.41,4.56,0.7581
2005-08-10,4.4,4.56,0.7528
2005-08-11,4.32,4.51,0.7288
2005-08-12,4.24,4.42,0.6918
2005-08-15,4.27,4.45,0.6924
2005-08-16,4.23,4.41,0.6713
2005-08-17,4.28,4.49,0.6865
2005-08-18,4.21,4.4,0.6642
2005-08-19,4.21,4.4,0.6574
2005-08-22,4.22,4.4,0.6548
2005-08-23,4.2,4.39,0.647
2005-08-24,4.19,4.38,0.6433
2005-08-25,4.18,4.37,0.6381
2005-08-26,4.2,4.38,0.6441
2005-08-29,4.2,4.37,0.6426
2005-08-30,4.16,4.34,0.6256
2005-08-31,4.02,4.23,0.5631
2005-09-01,4.02,4.28,0.5531
2005-09-02,4.03,4.26,0.5581
2005-09-06,4.09,4.36,0.5788
2005-09-07,4.15,4.43,0.6058
2005-09-08,4.15,4.43,0.6134
2005-09-09,4.14,4.36,0.6093
2005-09-12,4.18,4.45,0.6248
2005-09-13,4.14,4.38,0.6119
2005-09-14,4.17,4.41,0.6253
2005-09-15,4.22,4.51,0.6454
2005-09-16,4.26,4.56,0.67
2005-09-19,4.25,4.55,0.661
2005-09-20,4.26,4.49,0.6606
2005-09-21,4.19,4.47,0.645
2005-09-22,4.19,4.47,0.6363
2005-09-23,4.25,4.47,0.664
2005-09-26,4.3,4.56,0.6848
2005-09-27,4.3,4.56,0.6937
2005-09-28,4.26,4.46,0.685
2005-09-29,4.29,4.5,0.6929
2005-09-30,4.34,4.53,0.7118
2005-10-03,4.39,4.58,0.7259
2005-10-04,4.38,4.61,0.7204
2005-10-05,4.36,4.54,0.7146
2005-10-06,4.37,4.55,0.7152
2005-10-07,4.35,4.53,0.7092
2005-10-11,4.39,4.56,0.7122
2005-10-12,4.45,4.62,0.7289
2005-10-13,4.48,4.66,0.7405
2005-10-14,4.48,4.67,0.7476
2005-10-17,4.5,4.68,0.7475
2005-10-18,4.49,4.64,0.7406
2005-10-19,4.47,4.66,0.7299
2005-10-20,4.46,4.62,0.7274
2005-10-21,4.39,4.58,0.6968
2005-10-24,4.45,4.63,0.7072
2005-10-25,4.54,4.7,0.7419
2005-10-26,4.6,4.77,0.776
2005-10-27,4.57,4.74,0.7731
2005-10-28,4.58,4.74,0.7771
2005-10-31,4.57,4.73,0.7687
2005-11-01,4.58,4.74,0.7709
2005-11-02,4.61,4.74,0.7847
2005-11-03,4.65,4.79,0.8062
2005-11-04,4.66,4.84,0.8181
2005-11-07,4.65,4.82,0.8197
2005-11-08,4.57,4.75,0.7901
2005-11-09,4.64,4.78,0.8079
2005-11-10,4.55,4.74,0.7822
2005-11-14,4.61,4.75,0.7941
2005-11-15,4.56,4.7,0.7771
2005-11-16,4.49,4.63,0.7429
2005-11-17,4.46,4.6,0.7212
2005-11-18,4.5,4.68,0.724
2005-11-21,4.46,4.62,0.7121
2005-11-22,4.43,4.65,0.6996
2005-11-23,4.47,4.7,0.7147
2005-11-25,4.43,4.66,0.6999
2005-11-28,4.41,4.58,0.6845
2005-11-29,4.48,4.65,0.7102
2005-11-30,4.49,4.66,0.7245
2005-12-01,4.52,4.68,0.7378
2005-12-02,4.52,4.68,0.7401
2005-12-05,4.57,4.72,0.754
2005-12-06,4.49,4.68,0.724
2005-12-07,4.52,4.67,0.7289
2005-12-08,4.47,4.62,0.7106
2005-12-09,4.54,4.72,0.7397
2005-12-12,4.56,4.69,0.754
2005-12-13,4.54,4.68,0.7499
2005-12-14,4.45,4.63,0.7162
2005-12-15,4.47,4.62,0.7149
2005-12-16,4.45,4.63,0.7046
2005-12-19,4.45,4.62,0.6961
2005-12-20,4.47,4.63,0.7005
2005-12-21,4.49,4.65,0.7089
2005-12-22,4.44,4.59,0.6887
2005-12-23,4.38,4.52,0.6584
2005-12-27,4.34,4.48,0.6365
2005-12-28,4.38,4.51,0.6462
2005-12-29,4.37,4.49,0.6426
2005-12-30,4.39,4.51,0.6442
2006-01-03,4.37,4.52,0.6237
2006-01-04,4.36,4.55,0.6074
2006-01-05,4.36,4.51,0.6044
2006-01-06,4.38,4.53,0.6115
2006-01-09,4.38,4.53,0.6119
2006-01-10,4.43,4.62,0.627
2006-01-11,4.46,4.61,0.6408
2006-01-12,4.42,4.56,0.6254
2006-01-13,4.36,4.49,0.595
2006-01-17,4.34,4.52,0.5747
2006-01-18,4.34,4.53,0.5722
2006-01-19,4.38,4.51,0.5863
2006-01-20,4.37,4.54,0.585
2006-01-23,4.36,4.54,0.5788
2006-01-24,4.4,4.53,0.5866
2006-01-25,4.49,4.62,0.6228
2006-01-26,4.53,4.66,0.6442
2006-01-27,4.52,4.7,0.6493
2006-01-30,4.54,4.67,0.6534
2006-01-31,4.53,4.69,0.6515
2006-02-01,4.57,4.69,0.6657
2006-02-02,4.57,4.68,0.6687
2006-02-03,4.54,4.64,0.6585
2006-02-06,4.55,4.61,0.6558
2006-02-07,4.57,4.64,0.6595
2006-02-08,4.56,4.67,0.6697
2006-02-09,4.54,4.51,0.6668
2006-02-10,4.59,4.55,0.6816
2006-02-13,4.58,4.56,0.6768
2006-02-14,4.62,4.6,0.6863
2006-02-15,4.61,4.58,0.6868
2006-02-16,4.59,4.57,0.684
2006-02-17,4.54,4.51,0.6622
2006-02-21,4.57,4.53,0.6666
2006-02-22,4.53,4.48,0.652
2006-02-23,4.56,4.51,0.6618
2006-02-24,4.58,4.52,0.6689
2006-02-27,4.59,4.55,0.6752
2006-02-28,4.55,4.51,0.6567
2006-03-01,4.59,4.56,0.6643
2006-03-02,4.64,4.62,0.6884
2006-03-03,4.68,4.66,0.7115
2006-03-06,4.74,4.72,0.7378
2006-03-07,4.74,4.72,0.7465
2006-03-08,4.73,4.72,0.7469
2006-03-09,4.74,4.72,0.7464
2006-03-10,4.76,4.74,0.7541
2006-03-13,4.77,4.77,0.7586
2006-03-14,4.71,4.71,0.7283
2006-03-15,4.73,4.75,0.7259
2006-03-16,4.65,4.7,0.6921
2006-03-17,4.68,4.72,0.6945
2006-03-20,4.66,4.7,0.6865
2006-03-21,4.71,4.74,0.706
2006-03-22,4.7,4.73,0.7079
2006-03-23,4.73,4.75,0.722
2006-03-24,4.67,4.7,0.7004
2006-03-27,4.7,4.73,0.7082
2006-03-28,4.79,4.8,0.7429
2006-03-29,4.81,4.84,0.7611
2006-03-30,4.86,4.89,0.7842
2006-03-31,4.86,4.9,0.7891
2006-04-03,4.88,4.9,0.7964
2006-04-04,4.87,4.91,0.7912
2006-04-05,4.84,4.9,0.7785
2006-04-06,4.9,4.96,0.7926
2006-04-07,4.97,5.04,0.8214
2006-04-10,4.97,5.04,0.8268
2006-04-11,4.93,5.0,0.8149
2006-04-12,4.98,5.05,0.8266
2006-04-13,5.05,5.11,0.8545
2006-04-17,5.01,5.08,0.844
2006-04-18,4.99,5.07,0.8262
2006-04-19,5.04,5.13,0.84
2006-04-20,5.04,5.14,0.8481
2006-04-21,5.01,5.1,0.8406
2006-04-24,4.99,5.07,0.8273
2006-04-25,5.07,5.16,0.8519
2006-04-26,5.12,5.18,0.8715
2006-04-27,5.09,5.18,0.8605
2006-04-28,5.07,5.17,0.8508
2006-05-01,5.14,5.23,0.8731
2006-05-02,5.12,5.2,0.8714
2006-05-03,5.15,5.24,0.8838
2006-05-04,5.16,5.23,0.8907
2006-05-05,5.12,5.2,0.8753
2006-05-08,5.12,5.19,0.8711
2006-05-09,5.13,5.2,0.8688
2006-05-10,5.13,5.19,0.8675
2006-05-11,5.14,5.23,0.8811
2006-05-12,5.19,5.29,0.9019
2006-05-15,5.15,5.26,0.893
2006-05-16,5.1,5.22,0.8731
2006-05-17,5.16,5.28,0.8909
2006-05-18,5.08,5.18,0.8609
2006-05-19,5.05,5.14,0.8482
2006-05-22,5.04,5.13,0.8361
2006-05-23,5.07,5.16,0.8423
2006-05-24,5.03,5.13,0.8301
2006-05-25,5.07,5.17,0.8447
2006-05-26,5.06,5.16,0.8398
2006-05-30,5.09,5.19,0.8524
2006-05-31,5.12,5.21,0.8681
2006-06-01,5.11,5.2,0.8686
2006-06-02,5.0,5.1,0.8224
2006-06-05,5.02,5.1,0.822
2006-06-06,5.01,5.08,0.8139
2006-06-07,5.02,5.09,0.8186
2006-06-08,5.0,5.06,0.8074
2006-06-09,4.98,5.03,0.7968
2006-06-12,4.99,5.03,0.7913
2006-06-13,4.97,5.01,0.7796
2006-06-14,5.05,5.09,0.8109
2006-06-15,5.1,5.13,0.838
2006-06-16,5.13,5.17,0.855
2006-06-19,5.14,5.18,0.8596
2006-06-20,5.15,5.19,0.8622
2006-06-21,5.16,5.19,0.864
2006-06-22,5.2,5.23,0.8814
2006-06-23,5.23,5.26,0.8947
2006-06-26,5.25,5.28,0.8976
2006-06-27,5.21,5.24,0.8805
2006-06-28,5.25,5.28,0.8922
2006-06-29,5.22,5.26,0.8785
2006-06-30,5.15,5.19,0.8508
2006-07-03,5.15,5.2,0.8408
2006-07-05,5.23,5.27,0.8704
2006-07-06,5.19,5.23,0.8631
2006-07-07,5.14,5.18,0.8406
2006-07-10,5.13,5.17,0.8294
2006-07-11,5.1,5.14,0.8157
2006-07-12,5.1,5.14,0.8125
2006-07-13,5.08,5.12,0.7995
2006-07-14,5.07,5.11,0.791
2006-07-17,5.07,5.1,0.7892
2006-07-18,5.13,5.16,0.8108
2006-07-19,5.06,5.1,0.7849
2006-07-20,5.03,5.08,0.7675
2006-07-21,5.05,5.1,0.7718
2006-07-24,5.05,5.11,0.772
2006-07-25,5.07,5.13,0.7793
2006-07-26,5.04,5.1,0.7697
2006-07-27,5.07,5.11,0.7714
2006-07-28,5.0,5.07,0.7525
2006-07-31,4.99,5.07,0.7454
2006-08-01,4.99,5.07,0.7395
2006-08-02,4.96,5.05,0.7299
2006-08-03,4.96,5.04,0.7272
2006-08-04,4.91,5.0,0.7037
2006-08-07,4.93,5.0,0.7037
2006-08-08,4.93,5.02,0.7042
2006-08-09,4.92,5.05,0.7119
2006-08-10,4.93,5.06,0.7169
2006-08-11,4.97,5.09,0.7345
2006-08-14,5.0,5.12,0.7476
2006-08-15,4.93,5.05,0.7243
2006-08-16,4.87,5.0,0.6947
2006-08-17,4.87,5.0,0.6881
2006-08-18,4.84,4.97,0.6711
2006-08-21,4.82,4.96,0.6602
2006-08-22,4.82,4.95,0.6567
2006-08-23,4.82,4.95,0.6578
2006-08-24,4.81,4.94,0.6554
2006-08-25,4.79,4.93,0.6485
2006-08-28,4.8,4.94,0.6502
2006-08-29,4.79,4.93,0.6504
2006-08-30,4.76,4.91,0.6436
2006-08-31,4.74,4.88,0.6325
2006-09-01,4.73,4.87,0.6299
2006-09-05,4.78,4.93,0.651
2006-09-06,4.8,4.95,0.6664
2006-09-07,4.8,4.94,0.668
2006-09-08,4.78,4.92,0.6643
2006-09-11,4.8,4.95,0.6738
2006-09-12,4.78,4.91,0.6664
2006-09-13,4.77,4.9,0.6606
2006-09-14,4.79,4.92,0.6695
2006-09-15,4.8,4.92,0.6754
2006-09-18,4.81,4.93,0.6814
2006-09-19,4.74,4.86,0.6505
2006-09-20,4.73,4.85,0.6442
2006-09-21,4.65,4.78,0.6086
2006-09-22,4.6,4.74,0.5839
2006-09-25,4.56,4.7,0.5625
2006-09-26,4.59,4.71,0.5714
2006-09-27,4.6,4.73,0.5768
2006-09-28,4.63,4.76,0.5879
2006-09-29,4.64,4.77,0.5975
2006-10-02,4.62,4.76,0.5903
2006-10-03,4.62,4.76,0.5876
2006-10-04,4.57,4.72,0.565
2006-10-05,4.61,4.76,0.5764
2006-10-06,4.7,4.84,0.6147
2006-10-10,4.75,4.88,0.6418
2006-10-11,4.78,4.91,0.6566
2006-10-12,4.79,4.91,0.6544
2006-10-13,4.81,4.94,0.6633
2006-10-16,4.79,4.92,0.6553
2006-10-17,4.78,4.91,0.6444
2006-10-18,4.77,4.89,0.6383
2006-10-19,4.79,4.91,0.6443
2006-10-20,4.79,4.91,0.6473
2006-10-23,4.83,4.95,0.6621
2006-10-24,4.83,4.95,0.6643
2006-10-25,4.78,4.89,0.6429
2006-10-26,4.73,4.84,0.6164
2006-10-27,4.68,4.8,0.5913
2006-10-30,4.68,4.78,0.5862
2006-10-31,4.61,4.72,0.5596
2006-11-01,4.57,4.68,0.535
2006-11-02,4.6,4.72,0.5442
2006-11-03,4.72,4.81,0.5942
2006-11-06,4.71,4.79,0.6004
2006-11-07,4.66,4.76,0.5813
2006-11-08,4.64,4.73,0.5658
2006-11-09,4.62,4.73,0.5605
2006-11-10,4.59,4.69,0.5432
2006-11-13,4.61,4.71,0.5473
2006-11-14,4.57,4.66,0.5326
2006-11-15,4.61,4.69,0.5486
2006-11-16,4.66,4.74,0.5706
2006-11-17,4.61,4.69,0.5514
2006-11-20,4.6,4.68,0.5447
2006-11-21,4.58,4.66,0.5364
2006-11-22,4.57,4.65,0.5312
2006-11-24,4.55,4.63,0.524
2006-11-27,4.54,4.62,0.5169
2006-11-28,4.51,4.59,0.5041
2006-11-29,4.52,4.61,0.5076
2006-11-30,4.46,4.56,0.4861
2006-12-01,4.43,4.54,0.466
2006-12-04,4.43,4.55,0.4656
2006-12-05,4.45,4.57,0.4735
2006-12-06,4.48,4.6,0.4934
2006-12-07,4.49,4.6,0.5001
2006-12-08,4.56,4.66,0.5326
2006-12-11,4.52,4.63,0.5271
2006-12-12,4.49,4.6,0.5094
2006-12-13,4.58,4.69,0.5415
2006-12-14,4.6,4.72,0.5571
2006-12-15,4.6,4.72,0.5629
2006-12-18,4.6,4.72,0.56
2006-12-19,4.6,4.73,0.5589
2006-12-20,4.6,4.73,0.5591
2006-12-21,4.55,4.7,0.5413
2006-12-22,4.63,4.76,0.5655
2006-12-26,4.61,4.73,0.5632
2006-12-27,4.66,4.78,0.5842
2006-12-28,4.7,4.81,0.6067
2006-12-29,4.71,4.81,0.6177
2007-01-02,4.68,4.79,0.6077
2007-01-03,4.67,4.77,0.5968
2007-01-04,4.62,4.72,0.5771
2007-01-05,4.65,4.74,0.5854
2007-01-08,4.66,4.74,0.5877
2007-01-09,4.66,4.74,0.5851
2007-01-10,4.69,4.77,0.5946
2007-01-11,4.74,4.82,0.6155
2007-01-12,4.77,4.86,0.6332
2007-01-16,4.75,4.85,0.6287
2007-01-17,4.79,4.88,0.6433
2007-01-18,4.75,4.85,0.6325
2007-01-19,4.78,4.87,0.6398
2007-01-22,4.76,4.84,0.6323
2007-01-23,4.81,4.9,0.649
2007-01-24,4.81,4.91,0.6538
2007-01-25,4.87,4.96,0.677
2007-01-26,4.88,4.98,0.6896
2007-01-29,4.9,4.99,0.6978
2007-01-30,4.88,4.98,0.694
2007-01-31,4.83,4.93,0.6744
2007-02-01,4.84,4.93,0.6757
2007-02-02,4.83,4.93,0.671
2007-02-05,4.81,4.91,0.6606
2007-02-06,4.77,4.87,0.6405
2007-02-07,4.74,4.86,0.6254
2007-02-08,4.73,4.81,0.6179
2007-02-09,4.79,4.87,0.6375
2007-02-12,4.8,4.88,0.6478
2007-02-13,4.82,4.9,0.6557
2007-02-14,4.74,4.83,0.6234
2007-02-15,4.7,4.81,0.604
2007-02-16,4.69,4.79,0.595
2007-02-20,4.68,4.78,0.5864
2007-02-21,4.69,4.79,0.5889
2007-02-22,4.73,4.83,0.6048
2007-02-23,4.68,4.79,0.5868
2007-02-26,4.63,4.73,0.5613
2007-02-27,4.5,4.62,0.5037
2007-02-28,4.56,4.68,0.5149
2007-03-01,4.56,4.68,0.5172
2007-03-02,4.52,4.65,0.5054
2007-03-05,4.51,4.64,0.5048
2007-03-06,4.53,4.66,0.5131
2007-03-07,4.5,4.64,0.501
2007-03-08,4.51,4.65,0.5024
2007-03-09,4.59,4.72,0.5346
2007-03-12,4.56,4.69,0.5262
2007-03-13,4.5,4.66,0.4992
2007-03-14,4.53,4.69,0.5053
2007-03-15,4.54,4.69,0.5134
2007-03-16,4.55,4.7,0.5186
2007-03-19,4.58,4.72,0.5288
2007-03-20,4.56,4.71,0.5224
2007-03-21,4.53,4.7,0.5099
2007-03-22,4.6,4.78,0.5331
2007-03-23,4.62,4.8,0.5479
2007-03-26,4.6,4.79,0.5436
2007-03-27,4.62,4.81,0.5502
2007-03-28,4.62,4.83,0.5546
2007-03-29,4.64,4.83,0.5667
2007-03-30,4.65,4.84,0.5768
2007-04-02,4.65,4.84,0.5781
2007-04-03,4.67,4.85,0.5868
2007-04-04,4.66,4.85,0.5814
2007-04-05,4.68,4.87,0.5914
2007-04-06,4.76,4.92,0.6275
2007-04-09,4.75,4.92,0.6323
2007-04-10,4.73,4.91,0.6244
2007-04-11,4.74,4.92,0.6271
2007-04-12,4.74,4.91,0.6277
2007-04-13,4.76,4.93,0.6391
2007-04-16,4.74,4.89,0.6327
2007-04-17,4.69,4.85,0.6106
2007-04-18,4.66,4.81,0.5922
2007-04-19,4.68,4.84,0.5945
2007-04-20,4.68,4.85,0.5973
2007-04-23,4.66,4.83,0.5878
2007-04-24,4.63,4.8,0.5738
2007-04-25,4.66,4.83,0.5832
2007-04-26,4.69,4.87,0.6022
2007-04-27,4.71,4.89,0.6104
2007-04-30,4.63,4.81,0.5847
2007-05-01,4.64,4.81,0.5852
2007-05-02,4.65,4.82,0.5889
2007-05-03,4.68,4.84,0.6033
2007-05-04,4.65,4.8,0.5912
2007-05-07,4.64,4.79,0.5865
2007-05-08,4.63,4.8,0.5832
2007-05-09,4.67,4.83,0.6013
2007-05-10,4.65,4.83,0.5991
2007-05-11,4.67,4.85,0.6132
2007-05-14,4.69,4.86,0.6266
2007-05-15,4.71,4.88,0.6408
2007-05-16,4.71,4.88,0.6502
2007-05-17,4.76,4.91,0.6732
2007-05-18,4.81,4.96,0.6949
2007-05-21,4.79,4.94,0.6875
2007-05-22,4.83,4.98,0.6978
2007-05-23,4.86,5.01,0.7116
2007-05-24,4.86,5.0,0.7139
2007-05-25,4.86,5.01,0.7216
2007-05-29,4.88,5.01,0.7298
2007-05-30,4.88,5.01,0.7375
2007-05-31,4.9,5.01,0.7563
2007-06-01,4.95,5.06,0.784
2007-06-04,4.93,5.02,0.7807
2007-06-05,4.98,5.07,0.7972
2007-06-06,4.97,5.08,0.7985
2007-06-07,5.11,5.2,0.8512
2007-06-08,5.12,5.22,0.8736
2007-06-11,5.14,5.24,0.8898
2007-06-12,5.26,5.35,0.944
2007-06-13,5.2,5.28,0.9429
2007-06-14,5.23,5.3,0.9571
2007-06-15,5.16,5.26,0.9449
2007-06-18,5.15,5.26,0.9307
2007-06-19,5.09,5.2,0.8999
2007-06-20,5.14,5.24,0.9039
2007-06-21,5.16,5.28,0.9119
2007-06-22,5.14,5.25,0.9031
2007-06-25,5.09,5.2,0.87
2007-06-26,5.1,5.22,0.8667
2007-06-27,5.09,5.2,0.8616
2007-06-28,5.12,5.22,0.8771
2007-06-29,5.03,5.12,0.8435
2007-07-02,5.0,5.09,0.8105
2007-07-03,5.05,5.14,0.818
2007-07-05,5.16,5.24,0.858
2007-07-06,5.19,5.28,0.8847
2007-07-09,5.16,5.25,0.8777
2007-07-10,5.03,5.14,0.8256
2007-07-11,5.09,5.18,0.833
2007-07-12,5.13,5.22,0.8515
2007-07-13,5.11,5.19,0.8486
2007-07-16,5.05,5.14,0.8232
2007-07-17,5.08,5.16,0.8302
2007-07-18,5.02,5.1,0.8045
2007-07-19,5.04,5.12,0.8078
2007-07-20,4.96,5.07,0.7757
2007-07-23,4.97,5.07,0.7674
2007-07-24,4.94,5.05,0.7502
2007-07-25,4.92,5.04,0.7387
2007-07-26,4.79,4.95,0.6835
2007-07-27,4.8,4.95,0.6818
2007-07-30,4.82,4.97,0.6889
2007-07-31,4.78,4.92,0.6747
2007-08-01,4.76,4.9,0.6724
2007-08-02,4.77,4.91,0.6782
2007-08-03,4.71,4.87,0.6551
2007-08-06,4.72,4.89,0.6518
2007-08-07,4.77,4.92,0.6718
2007-08-08,4.84,5.01,0.7119
2007-08-09,4.79,5.02,0.7059
2007-08-10,4.81,5.03,0.73
2007-08-13,4.78,5.01,0.725
2007-08-14,4.73,4.99,0.7101
2007-08-15,4.69,5.0,0.7225
2007-08-16,4.6,4.92,0.7253
2007-08-17,4.68,5.0,0.7885
2007-08-20,4.64,4.98,0.8317
2007-08-21,4.6,4.95,0.8184
2007-08-22,4.63,4.96,0.8317
2007-08-23,4.62,4.93,0.8181
2007-08-24,4.63,4.88,0.7927
2007-08-27,4.6,4.87,0.7235
2007-08-28,4.53,4.86,0.6667
2007-08-29,4.57,4.88,0.6962
2007-08-30,4.51,4.83,0.7002
2007-08-31,4.54,4.83,0.7131
2007-09-04,4.56,4.84,0.6869
2007-09-05,4.48,4.78,0.6382
2007-09-06,4.51,4.79,0.6405
2007-09-07,4.38,4.7,0.6006
2007-09-10,4.34,4.65,0.5887
2007-09-11,4.37,4.65,0.6028
2007-09-12,4.41,4.68,0.6241
2007-09-13,4.49,4.75,0.6625
2007-09-14,4.47,4.72,0.6657
2007-09-17,4.48,4.72,0.6625
2007-09-18,4.5,4.77,0.672
2007-09-19,4.53,4.83,0.6962
2007-09-20,4.69,4.96,0.775
2007-09-21,4.64,4.89,0.7887
2007-09-24,4.63,4.88,0.7884
2007-09-25,4.63,4.89,0.7837
2007-09-26,4.63,4.9,0.7918
2007-09-27,4.58,4.84,0.7783
2007-09-28,4.59,4.83,0.773
2007-10-01,4.56,4.79,0.7555
2007-10-02,4.54,4.77,0.7302
2007-10-03,4.55,4.79,0.7309
2007-10-04,4.54,4.77,0.7208
2007-10-05,4.65,4.87,0.7628
2007-10-09,4.67,4.87,0.7731
2007-10-10,4.65,4.86,0.7701
2007-10-11,4.66,4.87,0.763
2007-10-12,4.7,4.91,0.7735
2007-10-15,4.69,4.91,0.7569
2007-10-16,4.66,4.9,0.7365
2007-10-17,4.57,4.82,0.7091
2007-10-18,4.52,4.78,0.7079
2007-10-19,4.41,4.68,0.6667
2007-10-22,4.42,4.68,0.6571
2007-10-23,4.41,4.69,0.6507
2007-10-24,4.36,4.64,0.636
2007-10-25,4.37,4.66,0.6347
2007-10-26,4.41,4.68,0.6485
2007-10-29,4.39,4.66,0.6433
2007-10-30,4.4,4.68,0.6473
2007-10-31,4.48,4.74,0.6847
2007-11-01,4.36,4.64,0.654
2007-11-02,4.31,4.61,0.6432
2007-11-05,4.35,4.63,0.6542
2007-11-06,4.38,4.66,0.6692
2007-11-07,4.34,4.67,0.6742
2007-11-08,4.28,4.67,0.6674
2007-11-09,4.23,4.61,0.6644
2007-11-13,4.26,4.61,0.6729
2007-11-14,4.28,4.61,0.6835
2007-11-15,4.17,4.54,0.6465
2007-11-16,4.15,4.52,0.6342
2007-11-19,4.07,4.47,0.5964
2007-11-20,4.06,4.49,0.5978
2007-11-21,4.0,4.46,0.5932
2007-11-23,4.01,4.43,0.6003
2007-11-26,3.83,4.26,0.5329
2007-11-27,3.95,4.36,0.5655
2007-11-28,4.03,4.41,0.6147
2007-11-29,3.94,4.35,0.596
2007-11-30,3.97,4.4,0.5911
2007-12-03,3.89,4.34,0.5551
2007-12-04,3.89,4.34,0.55
2007-12-05,3.92,4.39,0.5593
2007-12-06,4.02,4.49,0.6002
2007-12-07,4.12,4.58,0.6533
2007-12-10,4.15,4.6,0.6792
2007-12-11,3.98,4.47,0.626
2007-12-12,4.05,4.51,0.652
2007-12-13,4.18,4.61,0.708
2007-12-14,4.24,4.66,0.7492
2007-12-17,4.2,4.62,0.7201
2007-12-18,4.14,4.55,0.6854
2007-12-19,4.06,4.47,0.6527
2007-12-20,4.04,4.46,0.64
2007-12-21,4.18,4.58,0.6861
2007-12-24,4.23,4.62,0.6913
2007-12-26,4.3,4.68,0.7106
2007-12-27,4.21,4.61,0.6878
2007-12-28,4.11,4.51,0.6442
2007-12-31,4.04,4.45,0.5981
2008-01-02,3.91,4.35,0.5365
2008-01-03,3.91,4.37,0.5226
2008-01-04,3.88,4.36,0.503
2008-01-07,3.86,4.34,0.4882
2008-01-08,3.86,4.35,0.4849
2008-01-09,3.82,4.32,0.4667
2008-01-10,3.91,4.44,0.4989
2008-01-11,3.82,4.39,0.4809
2008-01-14,3.81,4.37,0.4807
2008-01-15,3.72,4.28,0.4499
2008-01-16,3.74,4.32,0.452
2008-01-17,3.66,4.25,0.4253
2008-01-18,3.66,4.28,0.4314
2008-01-22,3.52,4.23,0.4167
2008-01-23,3.51,4.23,0.4552
2008-01-24,3.68,4.36,0.5383
2008-01-25,3.61,4.28,0.5426
2008-01-28,3.61,4.29,0.5455
2008-01-29,3.69,4.34,0.5829
2008-01-30,3.78,4.44,0.6343
2008-01-31,3.67,4.35,0.6225
2008-02-01,3.62,4.32,0.6026
2008-02-04,3.68,4.37,0.6044
2008-02-05,3.61,4.33,0.5746
2008-02-06,3.61,4.37,0.5891
2008-02-07,3.74,4.51,0.6425
2008-02-08,3.64,4.43,0.6143
2008-02-11,3.62,4.41,0.5947
2008-02-12,3.66,4.46,0.6055
2008-02-13,3.7,4.52,0.6205
2008-02-14,3.85,4.67,0.6737
2008-02-15,3.76,4.58,0.6713
2008-02-19,3.89,4.66,0.7218
2008-02-20,3.93,4.65,0.7559
2008-02-21,3.77,4.54,0.6966
2008-02-22,3.79,4.58,0.6884
2008-02-25,3.91,4.67,0.7421
2008-02-26,3.88,4.66,0.7405
2008-02-27,3.85,4.65,0.7426
2008-02-28,3.71,4.55,0.6961
2008-02-29,3.53,4.41,0.6181
2008-03-03,3.54,4.42,0.6162
2008-03-04,3.63,4.52,0.6549
2008-03-05,3.7,4.6,0.7055
2008-03-06,3.62,4.57,0.6999
2008-03-07,3.56,4.55,0.6848
2008-03-10,3.46,4.45,0.6522
2008-03-11,3.6,4.53,0.7095
2008-03-12,3.49,4.4,0.6677
2008-03-13,3.56,4.47,0.6864
2008-03-14,3.44,4.35,0.6456
2008-03-17,3.34,4.29,0.6059
2008-03-18,3.48,4.35,0.6714
2008-03-19,3.38,4.22,0.6782
2008-03-20,3.34,4.17,0.6784
2008-03-24,3.56,4.33,0.7323
2008-03-25,3.51,4.3,0.7111
2008-03-26,3.51,4.33,0.6914
2008-03-27,3.56,4.38,0.7041
2008-03-28,3.47,4.33,0.6738
2008-03-31,3.45,4.3,0.6515
2008-04-01,3.57,4.4,0.7011
2008-04-02,3.6,4.38,0.7312
2008-04-03,3.61,4.4,0.7407
2008-04-04,3.5,4.32,0.699
2008-04-07,3.57,4.36,0.718
2008-04-08,3.58,4.37,0.7209
2008-04-09,3.49,4.31,0.6879
2008-04-10,3.55,4.34,0.7133
2008-04-11,3.49,4.3,0.7038
2008-04-14,3.53,4.35,0.7257
2008-04-15,3.6,4.42,0.7622
2008-04-16,3.72,4.54,0.8213
2008-04-17,3.75,4.54,0.8454
2008-04-18,3.77,4.51,0.8481
2008-04-21,3.75,4.48,0.8378
2008-04-22,3.74,4.46,0.8387
2008-04-23,3.77,4.49,0.8514
2008-04-24,3.87,4.56,0.9048
2008-04-25,3.91,4.61,0.9318
2008-04-28,3.86,4.57,0.8997
2008-04-29,3.85,4.55,0.8815
2008-04-30,3.77,4.49,0.8545
2008-05-01,3.78,4.49,0.8552
2008-05-02,3.89,4.57,0.8965
2008-05-05,3.88,4.58,0.8904
2008-05-06,3.93,4.64,0.8952
2008-05-07,3.87,4.61,0.8728
2008-05-08,3.79,4.5,0.8347
2008-05-09,3.77,4.53,0.8193
2008-05-12,3.78,4.53,0.8105
2008-05-13,3.9,4.62,0.8546
2008-05-14,3.92,4.63,0.8772
2008-05-15,3.83,4.56,0.8373
2008-05-16,3.85,4.58,0.8358
2008-05-19,3.83,4.56,0.823
2008-05-20,3.78,4.53,0.7945
2008-05-21,3.81,4.55,0.8083
2008-05-22,3.92,4.63,0.8616
2008-05-23,3.85,4.57,0.8399
2008-05-27,3.93,4.65,0.8712
2008-05-28,4.03,4.71,0.9201
2008-05-29,4.08,4.76,0.9544
2008-05-30,4.06,4.72,0.9559
2008-06-02,3.98,4.68,0.9114
2008-06-03,3.92,4.63,0.8743
2008-06-04,3.98,4.71,0.8905
2008-06-05,4.06,4.75,0.9251
2008-06-06,3.94,4.65,0.8844
2008-06-09,4.02,4.64,0.9253
2008-06-10,4.11,4.7,0.9625
2008-06-11,4.1,4.72,0.9547
2008-06-12,4.23,4.77,1.0065
2008-06-13,4.27,4.79,1.0326
2008-06-16,4.25,4.77,1.0225
2008-06-17,4.23,4.78,1.0059
2008-06-18,4.16,4.72,0.9779
2008-06-19,4.22,4.76,1.0086
2008-06-20,4.16,4.71,0.9871
2008-06-23,4.19,4.71,1.0011
2008-06-24,4.1,4.65,0.9604
2008-06-25,4.12,4.65,0.9619
2008-06-26,4.07,4.62,0.9338
2008-06-27,3.99,4.53,0.9089
2008-06-30,3.99,4.53,0.8904
2008-07-01,4.01,4.55,0.8854
2008-07-02,3.99,4.51,0.8772
2008-07-03,3.99,4.53,0.8721
2008-07-07,3.95,4.51,0.8505
2008-07-08,3.91,4.46,0.8318
2008-07-09,3.85,4.42,0.802
2008-07-10,3.83,4.42,0.8025
2008-07-11,3.96,4.52,0.8687
2008-07-14,3.9,4.47,0.8639
2008-07-15,3.87,4.48,0.8559
2008-07-16,3.97,4.59,0.9033
2008-07-17,4.07,4.65,0.9644
2008-07-18,4.11,4.66,0.9985
2008-07-21,4.09,4.64,0.9953
2008-07-22,4.14,4.67,1.0137
2008-07-23,4.16,4.69,1.0281
2008-07-24,4.03,4.6,0.9684
2008-07-25,4.13,4.69,0.9883
2008-07-28,4.06,4.63,0.9525
2008-07-29,4.09,4.64,0.959
2008-07-30,4.07,4.64,0.953
2008-07-31,3.99,4.59,0.9109
2008-08-01,3.97,4.57,0.897
2008-08-04,3.98,4.58,0.8896
2008-08-05,4.04,4.63,0.9028
2008-08-06,4.06,4.68,0.9242
2008-08-07,3.92,4.56,0.875
2008-08-08,3.94,4.55,0.877
2008-08-11,3.99,4.61,0.8842
2008-08-12,3.91,4.55,0.8403
2008-08-13,3.94,4.57,0.8471
2008-08-14,3.89,4.52,0.8244
2008-08-15,3.84,4.47,0.8005
2008-08-18,3.82,4.44,0.7814
2008-08-19,3.83,4.47,0.7845
2008-08-20,3.79,4.43,0.7721
2008-08-21,3.84,4.46,0.7951
2008-08-22,3.87,4.46,0.8216
2008-08-25,3.79,4.4,0.7849
2008-08-26,3.79,4.4,0.7798
2008-08-27,3.77,4.38,0.7683
2008-08-28,3.79,4.38,0.7719
2008-08-29,3.83,4.43,0.7875
2008-09-02,3.74,4.36,0.7542
2008-09-03,3.71,4.32,0.7336
2008-09-04,3.64,4.27,0.7022
2008-09-05,3.66,4.27,0.7075
2008-09-08,3.66,4.26,0.7138
2008-09-09,3.62,4.2,0.6976
2008-09-10,3.65,4.23,0.7061
2008-09-11,3.64,4.2,0.7011
2008-09-12,3.74,4.32,0.7542
2008-09-15,3.47,4.12,0.6755
2008-09-16,3.48,4.08,0.7038
2008-09-17,3.41,4.08,0.7454
2008-09-18,3.54,4.14,0.8467
2008-09-19,3.78,4.36,0.9366
2008-09-22,3.83,4.41,0.9233
2008-09-23,3.85,4.43,0.931
2008-09-24,3.8,4.4,0.9355
2008-09-25,3.88,4.4,0.9765
2008-09-26,3.85,4.36,0.9647
2008-09-29,3.61,4.13,0.8399
2008-09-30,3.85,4.31,0.9242
2008-10-01,3.77,4.22,0.9109
2008-10-02,3.66,4.16,0.8807
2008-10-03,3.63,4.11,0.8885
2008-10-06,3.48,3.99,0.8352
2008-10-07,3.5,4.01,0.8197
2008-10-08,3.72,4.09,0.931
2008-10-09,3.84,4.14,1.0171
2008-10-10,3.89,4.15,1.0786
2008-10-14,4.08,4.27,1.1916
2008-10-15,4.04,4.25,1.2172
2008-10-16,3.99,4.25,1.1986
2008-10-17,3.98,4.32,1.1726
2008-10-20,3.91,4.26,1.0934
2008-10-21,3.76,4.2,0.9935
2008-10-22,3.65,4.07,0.9328
2008-10-23,3.63,3.99,0.9226
2008-10-24,3.76,4.11,0.9684
2008-10-27,3.79,4.12,1.0029
2008-10-28,3.89,4.19,1.0658
2008-10-29,3.93,4.26,1.1171
2008-10-30,4.0,4.3,1.1854
2008-10-31,4.01,4.35,1.2185
2008-11-03,3.96,4.33,1.2038
2008-11-04,3.81,4.2,1.1379
2008-11-05,3.73,4.13,1.1011
2008-11-06,3.75,4.19,1.0986
2008-11-07,3.83,4.25,1.1395
2008-11-10,3.82,4.21,1.1368
2008-11-12,3.75,4.17,1.0951
2008-11-13,3.84,4.34,1.1138
2008-11-14,3.72,4.22,1.0725
2008-11-17,3.68,4.2,1.0417
2008-11-18,3.53,4.14,0.9798
2008-11-19,3.38,3.96,0.9159
2008-11-20,3.1,3.64,0.8203
2008-11-21,3.2,3.7,0.839
2008-11-24,3.35,3.78,0.9063
2008-11-25,3.11,3.63,0.8317
2008-11-26,2.99,3.54,0.7822
2008-11-28,2.93,3.45,0.7475
2008-12-01,2.72,3.22,0.6515
2008-12-02,2.68,3.18,0.6115
2008-12-03,2.67,3.17,0.5914
2008-12-04,2.55,3.06,0.5526
2008-12-05,2.67,3.11,0.6129
2008-12-08,2.77,3.16,0.6589
2008-12-09,2.67,3.06,0.621
2008-12-10,2.69,3.09,0.6261
2008-12-11,2.64,3.07,0.6004
2008-12-12,2.6,3.07,0.5885
2008-12-15,2.53,2.98,0.5588
2008-12-16,2.37,2.86,0.4826
2008-12-17,2.2,2.66,0.4242
2008-12-18,2.08,2.53,0.3576
2008-12-19,2.13,2.55,0.3652
2008-12-22,2.16,2.6,0.3749
2008-12-23,2.18,2.63,0.3805
2008-12-24,2.2,2.63,0.3915
2008-12-26,2.16,2.61,0.3745
2008-12-29,2.13,2.63,0.3518
2008-12-30,2.11,2.58,0.3423
2008-12-31,2.25,2.69,0.393
2009-01-02,2.46,2.83,0.4891
2009-01-05,2.49,3.0,0.5094
2009-01-06,2.51,3.04,0.5204
2009-01-07,2.52,3.05,0.5267
2009-01-08,2.47,3.04,0.5135
2009-01-09,2.43,3.04,0.4887
2009-01-12,2.34,2.99,0.4533
2009-01-13,2.33,3.0,0.4378
2009-01-14,2.24,2.89,0.3974
2009-01-15,2.23,2.86,0.3871
2009-01-16,2.36,2.89,0.4314
2009-01-20,2.4,2.97,0.4601
2009-01-21,2.56,3.15,0.5389
2009-01-22,2.62,3.25,0.5834
2009-01-23,2.65,3.32,0.6153
2009-01-26,2.7,3.39,0.6429
2009-01-27,2.59,3.26,0.6104
2009-01-28,2.71,3.44,0.6413
2009-01-29,2.87,3.57,0.706
2009-01-30,2.87,3.58,0.719
2009-02-02,2.76,3.47,0.6746
2009-02-03,2.89,3.64,0.7091
2009-02-04,2.95,3.65,0.7332
2009-02-05,2.95,3.63,0.7367
2009-02-06,3.05,3.7,0.7713
2009-02-09,3.07,3.69,0.7842
2009-02-10,2.9,3.54,0.7105
2009-02-11,2.78,3.45,0.6661
2009-02-12,2.75,3.47,0.6379
2009-02-13,2.89,3.68,0.69
2009-02-17,2.64,3.47,0.5987
2009-02-18,2.74,3.54,0.6227
2009-02-19,2.85,3.68,0.6711
2009-02-20,2.78,3.56,0.6541
2009-02-23,2.78,3.53,0.654
2009-02-24,2.8,3.49,0.6653
2009-02-25,2.95,3.59,0.7232
2009-02-26,2.98,3.66,0.7537
2009-02-27,3.02,3.71,0.7636
2009-03-02,2.91,3.64,0.7178
2009-03-03,2.93,3.67,0.7192
2009-03-04,3.01,3.69,0.7599
2009-03-05,2.83,3.51,0.7063
2009-03-06,2.83,3.5,0.6979
2009-03-09,2.89,3.59,0.713
2009-03-10,2.99,3.7,0.7533
2009-03-11,2.95,3.67,0.7425
2009-03-12,2.89,3.63,0.7148
2009-03-13,2.89,3.66,0.6963
2009-03-16,2.97,3.76,0.7161
2009-03-17,3.02,3.83,0.7496
2009-03-18,2.51,3.57,0.5636
2009-03-19,2.61,3.62,0.531
2009-03-20,2.65,3.65,0.5262
2009-03-23,2.68,3.69,0.5281
2009-03-24,2.68,3.6,0.5279
2009-03-25,2.81,3.73,0.577
2009-03-26,2.76,3.66,0.5721
2009-03-27,2.78,3.62,0.5782
2009-03-30,2.73,3.6,0.5525
2009-03-31,2.71,3.56,0.5283
2009-04-01,2.68,3.51,0.5076
2009-04-02,2.77,3.57,0.5393
2009-04-03,2.91,3.7,0.6051
2009-04-06,2.95,3.73,0.6409
2009-04-07,2.93,3.72,0.6456
2009-04-08,2.86,3.66,0.6305
2009-04-09,2.96,3.76,0.6593
2009-04-13,2.88,3.69,0.633
2009-04-14,2.8,3.64,0.5961
2009-04-15,2.82,3.66,0.5873
2009-04-16,2.86,3.72,0.6181
2009-04-17,2.98,3.79,0.674
2009-04-20,2.88,3.69,0.648
2009-04-21,2.94,3.74,0.6659
2009-04-22,2.98,3.82,0.6924
2009-04-23,2.96,3.8,0.6936
2009-04-24,3.03,3.89,0.7237
2009-04-27,2.95,3.84,0.6957
2009-04-28,3.05,3.97,0.7272
2009-04-29,3.12,4.01,0.7615
2009-04-30,3.16,4.05,0.78
2009-05-01,3.21,4.09,0.8004
2009-05-04,3.19,4.06,0.7953
2009-05-05,3.2,4.06,0.7978
2009-05-06,3.18,4.09,0.7987
2009-05-07,3.29,4.25,0.8424
2009-05-08,3.29,4.28,0.8547
2009-05-11,3.17,4.18,0.8124
2009-05-12,3.17,4.16,0.7979
2009-05-13,3.11,4.09,0.7718
2009-05-14,3.1,4.06,0.764
2009-05-15,3.14,4.09,0.7735
2009-05-18,3.22,4.18,0.8079
2009-05-19,3.25,4.21,0.8281
2009-05-20,3.19,4.14,0.8085
2009-05-21,3.35,4.3,0.8584
2009-05-22,3.45,4.38,0.909
2009-05-26,3.5,4.45,0.9511
2009-05-27,3.71,4.59,1.0329
2009-05-28,3.67,4.54,1.0539
2009-05-29,3.47,4.34,0.9989
2009-06-01,3.71,4.55,1.0744
2009-06-02,3.65,4.5,1.0824
2009-06-03,3.56,4.45,1.0523
2009-06-04,3.72,4.58,1.1039
2009-06-05,3.84,4.63,1.1926
2009-06-08,3.91,4.65,1.2372
2009-06-09,3.86,4.64,1.2213
2009-06-10,3.98,4.76,1.2529
2009-06-11,3.88,4.69,1.2303
2009-06-12,3.81,4.65,1.2041
2009-06-15,3.76,4.61,1.1701
2009-06-16,3.67,4.48,1.1347
2009-06-17,3.68,4.5,1.1241
2009-06-18,3.86,4.63,1.1904
2009-06-19,3.79,4.52,1.1876
2009-06-22,3.72,4.45,1.1513
2009-06-23,3.65,4.37,1.1211
2009-06-24,3.72,4.44,1.1361
2009-06-25,3.55,4.33,1.0753
2009-06-26,3.52,4.3,1.0438
2009-06-29,3.51,4.31,1.0306
2009-06-30,3.53,4.32,1.0322
2009-07-01,3.55,4.34,1.0321
2009-07-02,3.51,4.32,1.0089
2009-07-06,3.52,4.35,1.0003
2009-07-07,3.47,4.31,0.9839
2009-07-08,3.33,4.17,0.9192
2009-07-09,3.44,4.31,0.9455
2009-07-10,3.32,4.2,0.908
2009-07-13,3.38,4.25,0.9187
2009-07-14,3.5,4.38,0.9683
2009-07-15,3.63,4.48,1.0372
2009-07-16,3.59,4.45,1.0366
2009-07-17,3.67,4.53,1.0685
2009-07-20,3.61,4.47,1.0521
2009-07-21,3.5,4.38,1.0048
2009-07-22,3.58,4.45,1.0199
2009-07-23,3.72,4.58,1.0859
2009-07-24,3.7,4.55,1.0948
2009-07-27,3.75,4.62,1.1184
2009-07-28,3.72,4.56,1.1197
2009-07-29,3.69,4.5,1.1203
2009-07-30,3.67,4.44,1.1107
2009-07-31,3.52,4.31,1.049
2009-08-03,3.66,4.42,1.084
2009-08-04,3.7,4.45,1.1027
2009-08-05,3.8,4.57,1.1393
2009-08-06,3.79,4.53,1.148
2009-08-07,3.89,4.61,1.1936
2009-08-10,3.8,4.52,1.1655
2009-08-11,3.71,4.44,1.1301
2009-08-12,3.72,4.53,1.134
2009-08-13,3.59,4.44,1.0847
2009-08-14,3.55,4.41,1.0525
2009-08-17,3.48,4.33,1.0102
2009-08-18,3.51,4.35,1.0113
2009-08-19,3.45,4.28,0.9912
2009-08-20,3.42,4.24,0.9791
2009-08-21,3.56,4.36,1.0349
2009-08-24,3.48,4.27,1.0152
2009-08-25,3.45,4.22,0.9989
2009-08-26,3.44,4.2,0.9927
2009-08-27,3.47,4.23,0.9994
2009-08-28,3.46,4.21,0.994
2009-08-31,3.4,4.18,0.9688
2009-09-01,3.38,4.19,0.9472
2009-09-02,3.29,4.09,0.9113
2009-09-03,3.33,4.15,0.9148
2009-09-04,3.45,4.27,0.9553
2009-09-08,3.47,4.31,0.9714
2009-09-09,3.48,4.33,0.98
2009-09-10,3.36,4.19,0.9351
2009-09-11,3.34,4.18,0.9188
2009-09-14,3.42,4.22,0.9418
2009-09-15,3.47,4.27,0.9678
2009-09-16,3.48,4.26,0.9893
2009-09-17,3.42,4.19,0.9699
2009-09-18,3.49,4.24,0.9988
2009-09-21,3.49,4.23,1.0007
2009-09-22,3.46,4.2,0.9919
2009-09-23,3.44,4.21,0.9784
2009-09-24,3.4,4.17,0.9578
2009-09-25,3.34,4.1,0.9386
2009-09-28,3.31,4.04,0.9174
2009-09-29,3.31,4.03,0.9108
2009-09-30,3.31,4.03,0.9012
2009-10-01,3.21,3.97,0.8611
2009-10-02,3.24,4.01,0.86
2009-10-05,3.24,4.01,0.8583
2009-10-06,3.27,4.07,0.8707
2009-10-07,3.21,3.99,0.8386
2009-10-08,3.27,4.09,0.859
2009-10-09,3.4,4.22,0.922
2009-10-13,3.34,4.16,0.9086
2009-10-14,3.45,4.28,0.9467
2009-10-15,3.49,4.31,0.9735
2009-10-16,3.43,4.24,0.9594
2009-10-19,3.41,4.21,0.9485
2009-10-20,3.35,4.16,0.9212
2009-10-21,3.42,4.22,0.9435
2009-10-22,3.44,4.24,0.9563
2009-10-23,3.51,4.29,0.9868
2009-10-26,3.59,4.37,1.0232
2009-10-27,3.49,4.29,0.989
2009-10-28,3.44,4.25,0.9631
2009-10-29,3.53,4.35,0.9922
2009-10-30,3.41,4.23,0.9519
2009-11-02,3.45,4.26,0.9493
2009-11-03,3.5,4.34,0.9671
2009-11-04,3.57,4.41,0.9928
2009-11-05,3.57,4.41,0.9946
2009-11-06,3.54,4.4,0.9823
2009-11-09,3.52,4.4,0.974
2009-11-10,3.5,4.41,0.9726
2009-11-12,3.45,4.41,0.959
2009-11-13,3.43,4.36,0.9489
2009-11-16,3.33,4.26,0.9046
2009-11-17,3.33,4.26,0.8911
2009-11-18,3.36,4.29,0.8989
2009-11-19,3.35,4.29,0.8945
2009-11-20,3.36,4.3,0.9011
2009-11-23,3.37,4.29,0.9023
2009-11-24,3.32,4.25,0.8744
2009-11-25,3.28,4.23,0.8507
2009-11-27,3.21,4.21,0.8151
2009-11-30,3.21,4.2,0.7964
2009-12-01,3.28,4.26,0.8106
2009-12-02,3.32,4.26,0.833
2009-12-03,3.39,4.33,0.8643
2009-12-04,3.48,4.4,0.9147
2009-12-07,3.44,4.4,0.9091
2009-12-08,3.4,4.39,0.8883
2009-12-09,3.45,4.41,0.8971
2009-12-10,3.49,4.5,0.9206
2009-12-11,3.55,4.49,0.9518
2009-12-14,3.56,4.49,0.9682
2009-12-15,3.6,4.52,0.9875
2009-12-16,3.61,4.52,0.9922
2009-12-17,3.5,4.42,0.9494
2009-12-18,3.55,4.46,0.9625
2009-12-21,3.69,4.56,1.0166
2009-12-22,3.76,4.6,1.0553
2009-12-23,3.77,4.61,1.0744
2009-12-24,3.82,4.68,1.1042
2009-12-28,3.85,4.69,1.1225
2009-12-29,3.82,4.64,1.1174
2009-12-30,3.8,4.61,1.1129
2009-12-31,3.85,4.63,1.1347
2010-01-04,3.85,4.65,1.1325
2010-01-05,3.77,4.59,1.1012
2010-01-06,3.85,4.7,1.1205
2010-01-07,3.85,4.69,1.13
2010-01-08,3.83,4.7,1.1216
2010-01-11,3.85,4.74,1.1267
2010-01-12,3.74,4.62,1.0869
2010-01-13,3.8,4.71,1.1029
2010-01-14,3.76,4.63,1.0861
2010-01-15,3.7,4.58,1.0601
2010-01-19,3.73,4.6,1.0657
2010-01-20,3.68,4.54,1.0485
2010-01-21,3.62,4.5,1.0179
2010-01-22,3.62,4.5,1.0059
2010-01-25,3.66,4.55,1.0158
2010-01-26,3.65,4.56,1.015
2010-01-27,3.66,4.55,1.0234
2010-01-28,3.68,4.57,1.026
2010-01-29,3.63,4.51,1.0065
2010-02-01,3.68,4.56,1.0161
2010-02-02,3.67,4.55,1.0124
2010-02-03,3.73,4.62,1.0309
2010-02-04,3.62,4.53,0.9935
2010-02-05,3.59,4.51,0.9659
2010-02-08,3.62,4.52,0.968
2010-02-09,3.67,4.58,0.9893
2010-02-10,3.72,4.65,1.0205
2010-02-11,3.73,4.69,1.0323
2010-02-12,3.69,4.66,1.0209
2010-02-16,3.66,4.63,1.0077
2010-02-17,3.74,4.7,1.0367
2010-02-18,3.79,4.74,1.0678
2010-02-19,3.78,4.71,1.0798
2010-02-22,3.8,4.73,1.0825
2010-02-23,3.69,4.63,1.0419
2010-02-24,3.7,4.63,1.0334
2010-02-25,3.64,4.58,1.0071
2010-02-26,3.61,4.55,0.9873
2010-03-01,3.61,4.56,0.9774
2010-03-02,3.62,4.57,0.9726
2010-03-03,3.63,4.58,0.9744
2010-03-04,3.61,4.56,0.9689
2010-03-05,3.69,4.64,0.9964
2010-03-08,3.72,4.68,1.0088
2010-03-09,3.71,4.68,1.0069
2010-03-10,3.73,4.69,1.0182
2010-03-11,3.73,4.66,1.0277
2010-03-12,3.71,4.62,1.0214
2010-03-15,3.71,4.63,1.0181
2010-03-16,3.66,4.59,0.9971
2010-03-17,3.65,4.56,0.9877
2010-03-18,3.68,4.59,0.9999
2010-03-19,3.7,4.58,1.0119
2010-03-22,3.67,4.57,1.0011
2010-03-23,3.69,4.6,1.0023
2010-03-24,3.84,4.72,1.0648
2010-03-25,3.91,4.77,1.1061
2010-03-26,3.86,4.75,1.0996
2010-03-29,3.88,4.76,1.1039
2010-03-30,3.88,4.75,1.1063
2010-03-31,3.84,4.72,1.0908
2010-04-01,3.89,4.74,1.103
2010-04-02,3.96,4.81,1.1375
2010-04-05,4.01,4.85,1.1683
2010-04-06,3.98,4.84,1.1616
2010-04-07,3.89,4.74,1.1216
2010-04-08,3.91,4.75,1.1242
2010-04-09,3.9,4.74,1.1215
2010-04-12,3.87,4.7,1.1024
2010-04-13,3.84,4.68,1.0877
2010-04-14,3.88,4.72,1.0975
2010-04-15,3.86,4.72,1.0891
2010-04-16,3.79,4.67,1.0586
2010-04-19,3.83,4.7,1.0674
2010-04-20,3.82,4.67,1.0707
2010-04-21,3.77,4.61,1.0515
2010-04-22,3.8,4.65,1.0632
2010-04-23,3.84,4.67,1.0807
2010-04-26,3.83,4.67,1.0793
2010-04-27,3.71,4.56,1.0261
2010-04-28,3.8,4.63,1.0453
2010-04-29,3.76,4.6,1.0331
2010-04-30,3.69,4.53,1.0051
2010-05-03,3.72,4.53,1.0107
2010-05-04,3.63,4.43,0.9766
2010-05-05,3.58,4.39,0.9482
2010-05-06,3.41,4.19,0.8813
2010-05-07,3.45,4.28,0.881
2010-05-10,3.57,4.41,0.9169
2010-05-11,3.56,4.42,0.921
2010-05-12,3.56,4.47,0.9365
2010-05-13,3.55,4.47,0.9306
2010-05-14,3.44,4.32,0.8854
2010-05-17,3.47,4.35,0.8875
2010-05-18,3.38,4.26,0.8501
2010-05-19,3.36,4.24,0.8396
2010-05-20,3.25,4.13,0.796
2010-05-21,3.2,4.07,0.7702
2010-05-24,3.23,4.12,0.7708
2010-05-25,3.18,4.07,0.7547
2010-05-26,3.21,4.11,0.7636
2010-05-27,3.34,4.24,0.8148
2010-05-28,3.31,4.22,0.807
2010-06-01,3.29,4.19,0.8017
2010-06-02,3.35,4.24,0.8247
2010-06-03,3.39,4.29,0.844
2010-06-04,3.2,4.13,0.7773
2010-06-07,3.17,4.11,0.7495
2010-06-08,3.18,4.1,0.7469
2010-06-09,3.2,4.12,0.751
2010-06-10,3.33,4.25,0.8032
2010-06-11,3.24,4.15,0.7819
2010-06-14,3.28,4.2,0.7957
2010-06-15,3.32,4.23,0.8155
2010-06-16,3.27,4.18,0.7995
2010-06-17,3.21,4.13,0.7725
2010-06-18,3.24,4.15,0.7769
2010-06-21,3.26,4.17,0.7832
2010-06-22,3.18,4.1,0.7526
2010-06-23,3.13,4.05,0.7204
2010-06-24,3.14,4.09,0.7148
2010-06-25,3.12,4.07,0.7039
2010-06-28,3.05,4.01,0.6669
2010-06-29,2.97,3.94,0.6313
2010-06-30,2.97,3.91,0.6169
2010-07-01,2.96,3.88,0.6114
2010-07-02,3.0,3.94,0.6237
2010-07-06,2.95,3.89,0.6046
2010-07-07,3.0,3.96,0.6185
2010-07-08,3.04,4.0,0.6337
2010-07-09,3.07,4.04,0.653
2010-07-12,3.08,4.05,0.6582
2010-07-13,3.15,4.1,0.682
2010-07-14,3.07,4.03,0.6595
2010-07-15,3.0,3.97,0.6263
2010-07-16,2.96,3.95,0.5961
2010-07-19,2.99,3.99,0.5964
2010-07-20,2.98,3.99,0.5916
2010-07-21,2.9,3.89,0.5635
2010-07-22,2.96,3.95,0.5723
2010-07-23,3.02,4.01,0.5978
2010-07-26,3.03,4.03,0.6095
2010-07-27,3.08,4.08,0.6349
2010-07-28,3.03,4.07,0.6147
2010-07-29,3.03,4.08,0.6012
2010-07-30,2.94,3.98,0.5591
2010-08-02,2.99,4.06,0.5656
2010-08-03,2.94,4.04,0.5364
2010-08-04,2.98,4.07,0.5505
2010-08-05,2.94,4.05,0.5356
2010-08-06,2.86,4.0,0.5025
2010-08-09,2.86,4.01,0.4968
2010-08-10,2.79,4.0,0.4659
2010-08-11,2.72,3.93,0.4344
2010-08-12,2.74,3.94,0.4342
2010-08-13,2.68,3.87,0.4178
2010-08-16,2.58,3.72,0.3739
2010-08-17,2.64,3.77,0.3834
2010-08-18,2.64,3.73,0.3875
2010-08-19,2.58,3.66,0.3686
2010-08-20,2.62,3.67,0.3828
2010-08-23,2.6,3.65,0.375
2010-08-24,2.5,3.57,0.3387
2010-08-25,2.54,3.59,0.3477
2010-08-26,2.5,3.53,0.3337
2010-08-27,2.66,3.69,0.3859
2010-08-30,2.54,3.6,0.3552
2010-08-31,2.47,3.52,0.323
2010-09-01,2.58,3.65,0.3542
2010-09-02,2.63,3.72,0.3777
2010-09-03,2.72,3.79,0.4229
2010-09-07,2.61,3.67,0.391
2010-09-08,2.66,3.72,0.4043
2010-09-09,2.77,3.84,0.4499
2010-09-10,2.81,3.88,0.4793
2010-09-13,2.74,3.83,0.4559
2010-09-14,2.68,3.79,0.4254
2010-09-15,2.74,3.87,0.4339
2010-09-16,2.77,3.92,0.45
2010-09-17,2.75,3.9,0.4474
2010-09-20,2.72,3.87,0.4322
2010-09-21,2.61,3.79,0.388
2010-09-22,2.56,3.74,0.3608
2010-09-23,2.56,3.73,0.353
2010-09-24,2.62,3.79,0.371
2010-09-27,2.54,3.7,0.3413
2010-09-28,2.48,3.66,0.3083
2010-09-29,2.52,3.69,0.3123
2010-09-30,2.53,3.69,0.3129
2010-10-01,2.54,3.71,0.3139
2010-10-04,2.5,3.71,0.3012
2010-10-05,2.5,3.74,0.2928
2010-10-06,2.41,3.67,0.2631
2010-10-07,2.41,3.72,0.2517
2010-10-08,2.41,3.75,0.2452
2010-10-12,2.44,3.8,0.2548
2010-10-13,2.46,3.84,0.2568
2010-10-14,2.52,3.91,0.2805
2010-10-15,2.59,3.98,0.3084
2010-10-18,2.52,3.93,0.2892
2010-10-19,2.5,3.9,0.2734
2010-10-20,2.51,3.89,0.2709
2010-10-21,2.57,3.95,0.2927
2010-10-22,2.59,3.94,0.3066
2010-10-25,2.59,3.91,0.3139
2010-10-26,2.67,4.0,0.3508
2010-10-27,2.75,4.06,0.3906
2010-10-28,2.69,4.05,0.3718
2010-10-29,2.63,3.99,0.3436
2010-11-01,2.66,4.01,0.3412
2010-11-02,2.63,3.93,0.3277
2010-11-03,2.67,4.09,0.322
2010-11-04,2.53,4.04,0.2705
2010-11-05,2.58,4.12,0.2745
2010-11-08,2.6,4.12,0.2803
2010-11-09,2.72,4.25,0.3301
2010-11-10,2.65,4.25,0.3237
2010-11-12,2.76,4.26,0.3697
2010-11-15,2.92,4.38,0.4456
2010-11-16,2.85,4.26,0.4491
2010-11-17,2.89,4.31,0.4649
2010-11-18,2.9,4.29,0.4805
2010-11-19,2.88,4.25,0.4847
2010-11-22,2.8,4.2,0.4519
2010-11-23,2.77,4.18,0.4293
2010-11-24,2.93,4.29,0.488
2010-11-26,2.87,4.21,0.484
2010-11-29,2.84,4.16,0.4719
2010-11-30,2.81,4.12,0.4543
2010-12-01,2.97,4.24,0.5176
2010-12-02,3.01,4.27,0.5516
2010-12-03,3.03,4.32,0.5619
2010-12-06,2.95,4.25,0.5309
2010-12-07,3.15,4.39,0.6129
2010-12-08,3.26,4.45,0.6835
2010-12-09,3.23,4.41,0.7068
2010-12-10,3.32,4.43,0.7482
2010-12-13,3.29,4.39,0.7411
2010-12-14,3.49,4.54,0.8121
2010-12-15,3.53,4.59,0.849
2010-12-16,3.47,4.57,0.8356
2010-12-17,3.33,4.41,0.7905
2010-12-20,3.36,4.44,0.7823
2010-12-21,3.35,4.44,0.7769
2010-12-22,3.36,4.45,0.7827
2010-12-23,3.41,4.47,0.8079
2010-12-27,3.36,4.42,0.7965
2010-12-28,3.5,4.53,0.8418
2010-12-29,3.35,4.41,0.7941
2010-12-30,3.38,4.43,0.796
2010-12-31,3.3,4.34,0.7701
2011-01-03,3.36,4.39,0.7746
2011-01-04,3.36,4.44,0.7754
2011-01-05,3.5,4.55,0.8329
2011-01-06,3.44,4.53,0.8234
2011-01-07,3.34,4.48,0.7796
2011-01-10,3.32,4.47,0.7549
2011-01-11,3.37,4.49,0.7672
2011-01-12,3.4,4.52,0.7719
2011-01-13,3.34,4.5,0.7527
2011-01-14,3.35,4.53,0.7556
2011-01-18,3.39,4.56,0.7667
2011-01-19,3.37,4.53,0.7624
2011-01-20,3.47,4.6,0.8056
2011-01-21,3.44,4.57,0.8064
2011-01-24,3.43,4.55,0.8026
2011-01-25,3.35,4.48,0.7687
2011-01-26,3.45,4.59,0.7936
2011-01-27,3.42,4.57,0.7865
2011-01-28,3.36,4.53,0.76
2011-01-31,3.42,4.58,0.7729
2011-02-01,3.48,4.62,0.8032
2011-02-02,3.52,4.64,0.8323
2011-02-03,3.58,4.67,0.868
2011-02-04,3.68,4.73,0.9174
2011-02-07,3.68,4.71,0.9348
2011-02-08,3.75,4.76,0.9764
2011-02-09,3.65,4.71,0.9592
2011-02-10,3.7,4.75,0.9783
2011-02-11,3.64,4.71,0.9678
2011-02-14,3.62,4.67,0.958
2011-02-15,3.61,4.66,0.9462
2011-02-16,3.62,4.67,0.9486
2011-02-17,3.58,4.66,0.9302
2011-02-18,3.59,4.7,0.9293
2011-02-22,3.46,4.6,0.8733
2011-02-23,3.49,4.59,0.8716
2011-02-24,3.46,4.54,0.8595
2011-02-25,3.42,4.51,0.8426
2011-02-28,3.42,4.49,0.8288
2011-03-01,3.41,4.48,0.8199
2011-03-02,3.46,4.54,0.8389
2011-03-03,3.58,4.64,0.8966
2011-03-04,3.49,4.6,0.8706
2011-03-07,3.51,4.61,0.8744
2011-03-08,3.56,4.66,0.8915
2011-03-09,3.48,4.6,0.8686
2011-03-10,3.37,4.53,0.8221
2011-03-11,3.4,4.54,0.8194
2011-03-14,3.36,4.52,0.7954
2011-03-15,3.33,4.47,0.7803
2011-03-16,3.22,4.38,0.7274
2011-03-17,3.25,4.42,0.7268
2011-03-18,3.28,4.43,0.7431
2011-03-21,3.34,4.45,0.7699
2011-03-22,3.34,4.44,0.7808
2011-03-23,3.36,4.44,0.7907
2011-03-24,3.42,4.48,0.8215
2011-03-25,3.46,4.51,0.8509
2011-03-28,3.47,4.51,0.8639
2011-03-29,3.5,4.54,0.8778
2011-03-30,3.47,4.52,0.8679
2011-03-31,3.47,4.51,0.8735
2011-04-01,3.46,4.48,0.8754
2011-04-04,3.45,4.49,0.8664
2011-04-05,3.5,4.51,0.8911
2011-04-06,3.56,4.58,0.9194
2011-04-07,3.58,4.63,0.9283
2011-04-08,3.59,4.63,0.9409
2011-04-11,3.59,4.64,0.9452
2011-04-12,3.52,4.58,0.9133
2011-04-13,3.49,4.55,0.8928
2011-04-14,3.51,4.53,0.8959
2011-04-15,3.43,4.47,0.8639
2011-04-18,3.4,4.45,0.8385
2011-04-19,3.39,4.43,0.8283
2011-04-20,3.43,4.47,0.8473
2011-04-21,3.42,4.47,0.8462
2011-04-25,3.39,4.46,0.8303
2011-04-26,3.34,4.39,0.8066
2011-04-27,3.39,4.45,0.8121
2011-04-28,3.34,4.42,0.7948
2011-04-29,3.32,4.4,0.7799
2011-05-02,3.31,4.38,0.7726
2011-05-03,3.28,4.36,0.7642
2011-05-04,3.25,4.33,0.7518
2011-05-05,3.18,4.26,0.721
2011-05-06,3.19,4.29,0.7124
2011-05-09,3.17,4.3,0.6989
2011-05-10,3.23,4.34,0.7203
2011-05-11,3.19,4.31,0.7095
2011-05-12,3.22,4.37,0.7173
2011-05-13,3.18,4.32,0.7045
2011-05-16,3.15,4.28,0.6862
2011-05-17,3.12,4.23,0.6702
2011-05-18,3.18,4.29,0.6884
2011-05-19,3.17,4.3,0.6864
2011-05-20,3.15,4.3,0.6775
2011-05-23,3.13,4.27,0.6647
2011-05-24,3.12,4.26,0.6594
2011-05-25,3.13,4.28,0.6566
2011-05-26,3.07,4.23,0.6269
2011-05-27,3.07,4.24,0.6199
2011-05-31,3.05,4.22,0.6062
2011-06-01,2.96,4.15,0.5676
2011-06-02,3.04,4.25,0.5813
2011-06-03,2.99,4.22,0.5664
2011-06-06,3.01,4.25,0.563
2011-06-07,3.01,4.27,0.5636
2011-06-08,2.98,4.2,0.5406
2011-06-09,3.01,4.22,0.5593
2011-06-10,2.99,4.18,0.5539
2011-06-13,3.0,4.2,0.558
2011-06-14,3.11,4.3,0.6031
2011-06-15,2.98,4.19,0.5598
2011-06-16,2.93,4.16,0.532
2011-06-17,2.94,4.19,0.5299
2011-06-20,2.97,4.19,0.5361
2011-06-21,2.99,4.21,0.5485
2011-06-22,3.01,4.22,0.5584
2011-06-23,2.93,4.17,0.5279
2011-06-24,2.88,4.17,0.4972
2011-06-27,2.95,4.28,0.5158
2011-06-28,3.05,4.33,0.5697
2011-06-29,3.14,4.39,0.6186
2011-06-30,3.18,4.38,0.6537
2011-07-01,3.22,4.4,0.6863
2011-07-05,3.16,4.39,0.6654
2011-07-06,3.12,4.35,0.6454
2011-07-07,3.17,4.37,0.6672
2011-07-08,3.03,4.27,0.6103
2011-07-11,2.94,4.2,0.5619
2011-07-12,2.92,4.19,0.5335
2011-07-13,2.92,4.17,0.5195
2011-07-14,2.98,4.25,0.5397
2011-07-15,2.94,4.26,0.5287
2011-07-18,2.94,4.29,0.522
2011-07-19,2.91,4.19,0.5088
2011-07-20,2.96,4.25,0.5232
2011-07-21,3.03,4.31,0.5539
2011-07-22,2.99,4.26,0.5465
2011-07-25,3.03,4.31,0.557
2011-07-26,2.99,4.28,0.5395
2011-07-27,3.01,4.29,0.5442
2011-07-28,2.98,4.26,0.5347
2011-07-29,2.82,4.12,0.458
2011-08-01,2.77,4.07,0.4204
2011-08-02,2.66,3.93,0.3698
2011-08-03,2.64,3.89,0.3582
2011-08-04,2.47,3.7,0.2921
2011-08-05,2.58,3.82,0.3197
2011-08-08,2.4,3.68,0.2665
2011-08-09,2.2,3.56,0.1714
2011-08-10,2.17,3.54,0.1397
2011-08-11,2.34,3.82,0.1826
2011-08-12,2.24,3.72,0.1613
2011-08-15,2.29,3.75,0.1709
2011-08-16,2.23,3.67,0.1518
2011-08-17,2.17,3.57,0.1252
2011-08-18,2.08,3.45,0.0945
2011-08-19,2.07,3.39,0.0815
2011-08-22,2.1,3.42,0.089
2011-08-23,2.15,3.47,0.1037
2011-08-24,2.29,3.63,0.1565
2011-08-25,2.23,3.6,0.1477
2011-08-26,2.19,3.54,0.1326
2011-08-29,2.28,3.63,0.1565
2011-08-30,2.19,3.53,0.1328
2011-08-31,2.23,3.6,0.1409
2011-09-01,2.15,3.51,0.1139
2011-09-02,2.02,3.32,0.0709
2011-09-06,1.98,3.26,0.0458
2011-09-07,2.05,3.36,0.0603
2011-09-08,2.0,3.32,0.0454
2011-09-09,1.93,3.26,0.0168
2011-09-12,1.94,3.24,0.0203
2011-09-13,2.0,3.32,0.036
2011-09-14,2.03,3.32,0.0515
2011-09-15,2.09,3.36,0.079
2011-09-16,2.08,3.34,0.0855
2011-09-19,1.97,3.22,0.047
2011-09-20,1.95,3.2,0.0328
2011-09-21,1.88,3.03,0.0169
2011-09-22,1.72,2.78,-0.0412
2011-09-23,1.84,2.89,-0.0163
2011-09-26,1.91,2.99,0.0118
2011-09-27,2.0,3.08,0.0494
2011-09-28,2.03,3.1,0.0674
2011-09-29,1.99,3.03,0.0636
2011-09-30,1.92,2.9,0.043
2011-10-03,1.8,2.76,-0.0051
2011-10-04,1.81,2.77,-0.0114
2011-10-05,1.92,2.87,0.0207
2011-10-06,2.01,2.96,0.0576
2011-10-07,2.1,3.02,0.104
2011-10-11,2.18,3.11,0.1452
2011-10-12,2.24,3.19,0.1754
2011-10-13,2.19,3.15,0.1678
2011-10-14,2.26,3.22,0.1835
2011-10-17,2.18,3.13,0.1634
2011-10-18,2.19,3.17,0.1584
2011-10-19,2.18,3.17,0.1506
2011-10-20,2.2,3.19,0.1548
2011-10-21,2.23,3.26,0.167
2011-10-24,2.25,3.27,0.1815
2011-10-25,2.14,3.13,0.143
2011-10-26,2.23,3.22,0.1652
2011-10-27,2.42,3.45,0.2346
2011-10-28,2.34,3.36,0.2245
2011-10-31,2.17,3.16,0.1603
2011-11-01,2.01,2.99,0.0913
2011-11-02,2.03,3.03,0.0696
2011-11-03,2.09,3.1,0.0795
2011-11-04,2.06,3.09,0.0699
2011-11-07,2.04,3.05,0.061
2011-11-08,2.1,3.13,0.0788
2011-11-09,2.0,3.03,0.0514
2011-11-10,2.04,3.12,0.0622
2011-11-14,2.04,3.09,0.0624
2011-11-15,2.06,3.1,0.0692
2011-11-16,2.01,3.05,0.056
2011-11-17,1.96,2.98,0.0358
2011-11-18,2.01,2.99,0.0522
2011-11-21,1.97,2.96,0.0429
2011-11-22,1.94,2.91,0.0287
2011-11-23,1.89,2.82,0.0068
2011-11-25,1.97,2.92,0.0266
2011-11-28,1.97,2.93,0.0278
2011-11-29,2.0,2.96,0.0413
2011-11-30,2.08,3.06,0.0693
2011-12-01,2.11,3.12,0.0875
2011-12-02,2.05,3.03,0.0707
2011-12-05,2.04,3.02,0.0668
2011-12-06,2.08,3.09,0.079
2011-12-07,2.02,3.04,0.058
2011-12-08,1.99,3.0,0.0378
2011-12-09,2.07,3.1,0.0568
2011-12-12,2.03,3.06,0.0501
2011-12-13,1.96,2.98,0.0273
2011-12-14,1.92,2.91,0.0101
2011-12-15,1.92,2.92,0.0058
2011-12-16,1.86,2.86,-0.0183
2011-12-19,1.82,2.79,-0.0374
2011-12-20,1.94,2.93,-0.0077
2011-12-21,1.98,3.0,0.0169
2011-12-22,1.97,2.99,0.0249
2011-12-23,2.03,3.05,0.0524
2011-12-27,2.02,3.04,0.0577
2011-12-28,1.93,2.91,0.0306
2011-12-29,1.91,2.9,0.0131
2011-12-30,1.89,2.89,-0.004
2012-01-03,1.97,2.98,0.0178
2012-01-04,2.0,3.03,0.0308
2012-01-05,2.02,3.06,0.0363
2012-01-06,1.98,3.02,0.0285
2012-01-09,1.98,3.02,0.0222
2012-01-10,2.0,3.04,0.0277
2012-01-11,1.93,2.96,0.0052
2012-01-12,1.94,2.97,0.004
2012-01-13,1.89,2.91,-0.0161
2012-01-17,1.87,2.89,-0.0292
2012-01-18,1.92,2.96,-0.0187
2012-01-19,2.01,3.05,0.0123
2012-01-20,2.05,3.1,0.0386
2012-01-23,2.09,3.15,0.0593
2012-01-24,2.08,3.15,0.0629
2012-01-25,2.01,3.13,0.0303
2012-01-26,1.96,3.1,0.0007
2012-01-27,1.93,3.07,-0.0203
2012-01-30,1.87,2.99,-0.0442
2012-01-31,1.83,2.94,-0.0661
2012-02-01,1.87,3.01,-0.063
2012-02-02,1.86,3.01,-0.0717
2012-02-03,1.97,3.13,-0.0391
2012-02-06,1.93,3.08,-0.0426
2012-02-07,2.0,3.14,-0.0156
2012-02-08,2.01,3.14,-0.007
2012-02-09,2.04,3.2,0.0103
2012-02-10,1.96,3.11,-0.01
2012-02-13,1.99,3.14,-0.003
2012-02-14,1.92,3.06,-0.0241
2012-02-15,1.93,3.09,-0.0306
2012-02-16,1.99,3.14,-0.0067
2012-02-17,2.01,3.16,0.0084
2012-02-21,2.05,3.2,0.0298
2012-02-22,2.01,3.15,0.0182
2012-02-23,1.99,3.13,0.0118
2012-02-24,1.98,3.1,0.0082
2012-02-27,1.92,3.04,-0.0165
2012-02-28,1.94,3.07,-0.0201
2012-02-29,1.98,3.08,-0.0064
2012-03-01,2.03,3.15,0.0152
2012-03-02,1.99,3.11,0.0054
2012-03-05,2.0,3.13,0.0113
2012-03-06,1.96,3.08,-0.0062
2012-03-07,1.98,3.12,-0.0007
2012-03-08,2.03,3.18,0.0165
2012-03-09,2.04,3.19,0.0275
2012-03-12,2.04,3.17,0.0314
2012-03-13,2.14,3.26,0.0682
2012-03-14,2.29,3.43,0.1403
2012-03-15,2.29,3.41,0.1579
2012-03-16,2.31,3.41,0.1737
2012-03-19,2.39,3.48,0.2092
2012-03-20,2.38,3.46,0.2225
2012-03-21,2.31,3.38,0.1999
2012-03-22,2.29,3.37,0.1894
2012-03-23,2.25,3.31,0.1717
2012-03-26,2.26,3.33,0.1632
2012-03-27,2.2,3.29,0.1371
2012-03-28,2.21,3.31,0.1345
2012-03-29,2.18,3.27,0.1197
2012-03-30,2.23,3.35,0.1337
2012-04-02,2.22,3.35,0.1316
2012-04-03,2.3,3.41,0.1621
2012-04-04,2.25,3.37,0.1488
2012-04-05,2.19,3.32,0.1262
2012-04-06,2.07,3.21,0.0704
2012-04-09,2.06,3.18,0.0496
2012-04-10,2.01,3.13,0.0199
2012-04-11,2.05,3.18,0.0256
2012-04-12,2.08,3.22,0.037
2012-04-13,2.02,3.14,0.0197
2012-04-16,2.0,3.12,0.0097
2012-04-17,2.03,3.15,0.017
2012-04-18,2.0,3.13,0.0122
2012-04-19,1.98,3.12,0.0035
2012-04-20,1.99,3.12,0.0047
2012-04-23,1.96,3.08,-0.0086
2012-04-24,2.0,3.12,-0.0002
2012-04-25,2.01,3.15,0.0029
2012-04-26,1.98,3.13,-0.0052
2012-04-27,1.96,3.12,-0.0142
2012-04-30,1.95,3.12,-0.0204
2012-05-01,1.98,3.16,-0.0119
2012-05-02,1.96,3.11,-0.0198
2012-05-03,1.96,3.12,-0.0202
2012-05-04,1.91,3.07,-0.0383
2012-05-07,1.92,3.07,-0.0438
2012-05-08,1.88,3.03,-0.0568
2012-05-09,1.87,3.03,-0.0635
2012-05-10,1.89,3.07,-0.06
2012-05-11,1.84,3.02,-0.0731
2012-05-14,1.78,2.95,-0.095
2012-05-15,1.76,2.91,-0.1058
2012-05-16,1.76,2.9,-0.1106
2012-05-17,1.7,2.8,-0.1273
2012-05-18,1.71,2.8,-0.1271
2012-05-21,1.75,2.8,-0.1226
2012-05-22,1.79,2.88,-0.1086
2012-05-23,1.73,2.81,-0.1216
2012-05-24,1.77,2.86,-0.109
2012-05-25,1.75,2.85,-0.1138
2012-05-29,1.74,2.85,-0.1169
2012-05-30,1.63,2.72,-0.1555
2012-05-31,1.59,2.67,-0.179
2012-06-01,1.47,2.53,-0.223
2012-06-04,1.53,2.56,-0.2134
2012-06-05,1.57,2.63,-0.201
2012-06-06,1.66,2.73,-0.1676
2012-06-07,1.66,2.75,-0.1615
2012-06-08,1.65,2.77,-0.1603
2012-06-11,1.6,2.71,-0.1767
2012-06-12,1.67,2.77,-0.1537
2012-06-13,1.61,2.7,-0.172
2012-06-14,1.64,2.73,-0.1634
2012-06-15,1.6,2.7,-0.1782
2012-06-18,1.59,2.67,-0.1828
2012-06-19,1.64,2.73,-0.1709
2012-06-20,1.65,2.72,-0.157
2012-06-21,1.63,2.68,-0.1599
2012-06-22,1.69,2.75,-0.1431
2012-06-25,1.63,2.69,-0.1592
2012-06-26,1.66,2.71,-0.1533
2012-06-27,1.65,2.7,-0.1584
2012-06-28,1.6,2.67,-0.1774
2012-06-29,1.67,2.76,-0.1621
2012-07-02,1.61,2.69,-0.1832
2012-07-03,1.65,2.74,-0.1736
2012-07-05,1.62,2.72,-0.1806
2012-07-06,1.57,2.66,-0.1979
2012-07-09,1.53,2.62,-0.2141
2012-07-10,1.53,2.6,-0.2225
2012-07-11,1.54,2.6,-0.2213
2012-07-12,1.5,2.57,-0.2311
2012-07-13,1.52,2.58,-0.2302
2012-07-16,1.5,2.56,-0.2397
2012-07-17,1.53,2.59,-0.233
2012-07-18,1.52,2.59,-0.235
2012-07-19,1.54,2.61,-0.2277
2012-07-20,1.49,2.55,-0.2422
2012-07-23,1.47,2.52,-0.2545
2012-07-24,1.44,2.47,-0.2672
2012-07-25,1.43,2.46,-0.2728
2012-07-26,1.45,2.49,-0.266
2012-07-27,1.58,2.63,-0.224
2012-07-30,1.53,2.58,-0.2293
2012-07-31,1.51,2.56,-0.2371
2012-08-01,1.56,2.6,-0.2179
2012-08-02,1.51,2.55,-0.229
2012-08-03,1.6,2.65,-0.2
2012-08-06,1.59,2.65,-0.1966
2012-08-07,1.66,2.72,-0.1681
2012-08-08,1.68,2.75,-0.1534
2012-08-09,1.69,2.78,-0.1462
2012-08-10,1.65,2.74,-0.1549
2012-08-13,1.65,2.74,-0.1586
2012-08-14,1.73,2.82,-0.1343
2012-08-15,1.8,2.9,-0.1004
2012-08-16,1.83,2.96,-0.0766
2012-08-17,1.81,2.93,-0.0738
2012-08-20,1.82,2.93,-0.0745
2012-08-21,1.8,2.9,-0.0793
2012-08-22,1.71,2.82,-0.1167
2012-08-23,1.68,2.79,-0.1379
2012-08-24,1.68,2.79,-0.1402
2012-08-27,1.65,2.76,-0.1544
2012-08-28,1.64,2.75,-0.1631
2012-08-29,1.66,2.77,-0.1625
2012-08-30,1.63,2.75,-0.1734
2012-08-31,1.57,2.68,-0.2029
2012-09-04,1.59,2.69,-0.2027
2012-09-05,1.6,2.7,-0.2007
2012-09-06,1.68,2.8,-0.1727
2012-09-07,1.67,2.81,-0.1727
2012-09-10,1.68,2.83,-0.1669
2012-09-11,1.7,2.84,-0.1598
2012-09-12,1.77,2.92,-0.137
2012-09-13,1.75,2.95,-0.142
2012-09-14,1.88,3.09,-0.1003
2012-09-17,1.85,3.03,-0.094
2012-09-18,1.82,3.0,-0.1003
2012-09-19,1.79,2.97,-0.11
2012-09-20,1.8,2.96,-0.112
2012-09-21,1.77,2.95,-0.1236
2012-09-24,1.74,2.91,-0.1367
2012-09-25,1.7,2.86,-0.1547
2012-09-26,1.64,2.79,-0.1815
2012-09-27,1.66,2.83,-0.1826
2012-09-28,1.65,2.82,-0.1891
2012-10-01,1.64,2.81,-0.192
2012-10-02,1.64,2.81,-0.1941
2012-10-03,1.64,2.82,-0.1978
2012-10-04,1.7,2.89,-0.1815
2012-10-05,1.75,2.96,-0.1564
2012-10-09,1.74,2.93,-0.1527
2012-10-10,1.72,2.89,-0.1589
2012-10-11,1.7,2.86,-0.1631
2012-10-12,1.69,2.83,-0.1669
2012-10-15,1.7,2.85,-0.1675
2012-10-16,1.75,2.91,-0.1483
2012-10-17,1.83,2.98,-0.1092
2012-10-18,1.86,3.02,-0.0873
2012-10-19,1.79,2.94,-0.0978
2012-10-22,1.83,2.95,-0.0872
2012-10-23,1.79,2.91,-0.0997
2012-10-24,1.8,2.93,-0.1027
2012-10-25,1.86,2.98,-0.0797
2012-10-26,1.78,2.92,-0.0988
2012-10-29,1.74,2.87,-0.121
2012-10-31,1.72,2.85,-0.1357
2012-11-01,1.75,2.89,-0.1304
2012-11-02,1.75,2.91,-0.1283
2012-11-05,1.72,2.88,-0.141
2012-11-06,1.78,2.92,-0.1213
2012-11-07,1.68,2.83,-0.1554
2012-11-08,1.62,2.77,-0.1823
2012-11-09,1.61,2.75,-0.1902
2012-11-13,1.59,2.72,-0.2037
2012-11-14,1.59,2.73,-0.2066
2012-11-15,1.58,2.72,-0.2107
2012-11-16,1.58,2.73,-0.211
2012-11-19,1.61,2.76,-0.2012
2012-11-20,1.66,2.82,-0.1806
2012-11-21,1.69,2.83,-0.1652
2012-11-23,1.7,2.83,-0.1565
2012-11-26,1.66,2.8,-0.1662
2012-11-27,1.64,2.79,-0.1768
2012-11-28,1.63,2.79,-0.1876
2012-11-29,1.62,2.79,-0.1942
2012-11-30,1.62,2.81,-0.1971
2012-12-03,1.63,2.8,-0.1949
2012-12-04,1.62,2.78,-0.1987
2012-12-05,1.6,2.78,-0.2064
2012-12-06,1.59,2.76,-0.2136
2012-12-07,1.64,2.81,-0.2009
2012-12-10,1.63,2.8,-0.1986
2012-12-11,1.66,2.83,-0.188
2012-12-12,1.72,2.9,-0.1671
2012-12-13,1.74,2.9,-0.1459
2012-12-14,1.72,2.87,-0.1403
2012-12-17,1.78,2.94,-0.117
2012-12-18,1.84,3.0,-0.0915
2012-12-19,1.82,2.99,-0.0877
2012-12-20,1.81,2.98,-0.088
2012-12-21,1.77,2.93,-0.0997
2012-12-24,1.79,2.94,-0.0975
2012-12-26,1.77,2.94,-0.1054
2012-12-27,1.74,2.89,-0.124
2012-12-28,1.73,2.88,-0.128
2012-12-31,1.78,2.95,-0.1174
2013-01-02,1.86,3.04,-0.0911
2013-01-03,1.92,3.12,-0.06
2013-01-04,1.93,3.1,-0.0447
2013-01-07,1.92,3.1,-0.0417
2013-01-08,1.89,3.06,-0.053
2013-01-09,1.88,3.06,-0.0601
2013-01-10,1.91,3.08,-0.0494
2013-01-11,1.89,3.05,-0.0535
2013-01-14,1.89,3.05,-0.0582
2013-01-15,1.86,3.02,-0.0714
2013-01-16,1.84,3.01,-0.0802
2013-01-17,1.89,3.06,-0.0622
2013-01-18,1.87,3.03,-0.0657
2013-01-22,1.86,3.02,-0.0717
2013-01-23,1.86,3.02,-0.0756
2013-01-24,1.88,3.04,-0.0689
2013-01-25,1.98,3.14,-0.0273
2013-01-28,2.0,3.15,-0.007
2013-01-29,2.03,3.18,0.0058
2013-01-30,2.03,3.19,0.0071
2013-01-31,2.02,3.17,0.0066
2013-02-01,2.04,3.21,0.0148
2013-02-04,2.0,3.17,0.0009
2013-02-05,2.04,3.21,0.0114
2013-02-06,2.0,3.18,-0.0008
2013-02-07,1.99,3.17,-0.0095
2013-02-08,1.99,3.17,-0.0095
2013-02-11,1.99,3.16,-0.0085
2013-02-12,2.02,3.19,0.002
2013-02-13,2.05,3.23,0.021
2013-02-14,2.0,3.17,0.0047
2013-02-15,2.01,3.18,0.0038
2013-02-19,2.03,3.21,0.0116
2013-02-20,2.02,3.2,0.0065
2013-02-21,1.99,3.17,-0.0056
2013-02-22,1.97,3.15,-0.0159
2013-02-25,1.88,3.08,-0.0493
2013-02-26,1.88,3.08,-0.0625
2013-02-27,1.91,3.11,-0.0591
2013-02-28,1.89,3.1,-0.0646
2013-03-01,1.86,3.06,-0.076
2013-03-04,1.88,3.08,-0.0726
2013-03-05,1.9,3.1,-0.0629
2013-03-06,1.95,3.15,-0.0448
2013-03-07,2.0,3.2,-0.0178
2013-03-08,2.06,3.25,0.0151
2013-03-11,2.07,3.26,0.0261
2013-03-12,2.03,3.22,0.019
2013-03-13,2.04,3.22,0.0193
2013-03-14,2.04,3.25,0.0204
2013-03-15,2.01,3.22,0.0053
2013-03-18,1.96,3.18,-0.0148
2013-03-19,1.92,3.13,-0.0346
2013-03-20,1.96,3.19,-0.0266
2013-03-21,1.95,3.15,-0.0296
2013-03-22,1.93,3.13,-0.0352
2013-03-25,1.93,3.14,-0.0397
2013-03-26,1.92,3.13,-0.0447
2013-03-27,1.87,3.09,-0.0665
2013-03-28,1.87,3.1,-0.0693
2013-04-01,1.86,3.08,-0.0758
2013-04-02,1.88,3.1,-0.0682
2013-04-03,1.83,3.05,-0.0859
2013-04-04,1.78,2.99,-0.1085
2013-04-05,1.72,2.87,-0.1303
2013-04-08,1.76,2.91,-0.126
2013-04-09,1.78,2.94,-0.1224
2013-04-10,1.84,3.01,-0.1024
2013-04-11,1.82,3.01,-0.1021
2013-04-12,1.75,2.92,-0.1224
2013-04-15,1.72,2.88,-0.1357
2013-04-16,1.75,2.91,-0.1295
2013-04-17,1.73,2.89,-0.1333
2013-04-18,1.72,2.87,-0.137
2013-04-19,1.73,2.88,-0.1338
2013-04-22,1.72,2.88,-0.1368
2013-04-23,1.74,2.9,-0.1339
2013-04-24,1.73,2.89,-0.1366
2013-04-25,1.74,2.91,-0.1322
2013-04-26,1.7,2.87,-0.1454
2013-04-29,1.7,2.88,-0.1507
2013-04-30,1.7,2.88,-0.1508
2013-05-01,1.66,2.83,-0.165
2013-05-02,1.66,2.82,-0.1695
2013-05-03,1.78,2.96,-0.1298
2013-05-06,1.8,2.98,-0.1095
2013-05-07,1.82,3.0,-0.0958
2013-05-08,1.81,2.99,-0.0953
2013-05-09,1.81,3.01,-0.0947
2013-05-10,1.9,3.1,-0.0619
2013-05-13,1.92,3.13,-0.0445
2013-05-14,1.96,3.17,-0.0267
2013-05-15,1.94,3.16,-0.024
2013-05-16,1.87,3.09,-0.0469
2013-05-17,1.95,3.17,-0.0263
2013-05-20,1.97,3.18,-0.0164
2013-05-21,1.94,3.14,-0.0215
2013-05-22,2.03,3.21,0.0101
2013-05-23,2.02,3.2,0.0206
2013-05-24,2.01,3.18,0.0221
2013-05-28,2.15,3.31,0.0745
2013-05-29,2.13,3.27,0.0832
2013-05-30,2.13,3.28,0.0875
2013-05-31,2.16,3.3,0.104
2013-06-03,2.13,3.27,0.099
2013-06-04,2.14,3.3,0.1063
2013-06-05,2.1,3.25,0.0948
2013-06-06,2.08,3.23,0.0846
2013-06-07,2.17,3.33,0.1175
2013-06-10,2.22,3.36,0.1421
2013-06-11,2.2,3.33,0.1453
2013-06-12,2.25,3.37,0.1608
2013-06-13,2.19,3.33,0.1471
2013-06-14,2.14,3.28,0.119
2013-06-17,2.19,3.35,0.1264
2013-06-18,2.2,3.34,0.1307
2013-06-19,2.33,3.41,0.1918
2013-06-20,2.41,3.49,0.241
2013-06-21,2.52,3.56,0.3002
2013-06-24,2.57,3.56,0.3406
2013-06-25,2.6,3.6,0.3597
2013-06-26,2.55,3.58,0.3484
2013-06-27,2.49,3.54,0.32
2013-06-28,2.52,3.52,0.3272
2013-07-01,2.5,3.48,0.3216
2013-07-02,2.48,3.47,0.3171
2013-07-03,2.52,3.49,0.3315
2013-07-05,2.73,3.68,0.4175
2013-07-08,2.65,3.63,0.4099
2013-07-09,2.65,3.64,0.4068
2013-07-10,2.7,3.68,0.4218
2013-07-11,2.6,3.64,0.3824
2013-07-12,2.61,3.64,0.3777
2013-07-15,2.57,3.61,0.3613
2013-07-16,2.55,3.58,0.3492
2013-07-17,2.52,3.57,0.3299
2013-07-18,2.56,3.63,0.3381
2013-07-19,2.5,3.56,0.322
2013-07-22,2.5,3.55,0.3156
2013-07-23,2.53,3.58,0.3224
2013-07-24,2.61,3.65,0.3539
2013-07-25,2.61,3.65,0.3618
2013-07-26,2.58,3.61,0.3547
2013-07-29,2.61,3.66,0.3628
2013-07-30,2.63,3.67,0.3703
2013-07-31,2.6,3.64,0.367
2013-08-01,2.74,3.77,0.418
2013-08-02,2.63,3.69,0.3865
2013-08-05,2.67,3.73,0.3892
2013-08-06,2.67,3.73,0.3918
2013-08-07,2.61,3.68,0.3768
2013-08-08,2.58,3.65,0.3661
2013-08-09,2.57,3.63,0.3609
2013-08-12,2.61,3.67,0.3682
2013-08-13,2.71,3.75,0.4118
2013-08-14,2.71,3.75,0.4243
2013-08-15,2.77,3.81,0.4502
2013-08-16,2.84,3.86,0.4855
2013-08-19,2.88,3.89,0.5113
2013-08-20,2.82,3.86,0.4985
2013-08-21,2.87,3.9,0.5213
2013-08-22,2.9,3.88,0.5466
2013-08-23,2.82,3.8,0.529
2013-08-26,2.79,3.77,0.5078
2013-08-27,2.72,3.7,0.473
2013-08-28,2.78,3.75,0.4872
2013-08-29,2.75,3.7,0.4805
2013-08-30,2.78,3.7,0.492
2013-09-03,2.86,3.79,0.5237
2013-09-04,2.9,3.8,0.5519
2013-09-05,2.98,3.88,0.5981
2013-09-06,2.94,3.87,0.5867
2013-09-09,2.9,3.84,0.5682
2013-09-10,2.96,3.88,0.5866
2013-09-11,2.93,3.85,0.5701
2013-09-12,2.92,3.85,0.5668
2013-09-13,2.9,3.84,0.5615
2013-09-16,2.88,3.87,0.5439
2013-09-17,2.86,3.84,0.5303
2013-09-18,2.69,3.75,0.4561
2013-09-19,2.76,3.8,0.4594
2013-09-20,2.75,3.77,0.4592
2013-09-23,2.72,3.73,0.4453
2013-09-24,2.67,3.67,0.4243
2013-09-25,2.63,3.65,0.4021
2013-09-26,2.66,3.69,0.4064
2013-09-27,2.64,3.68,0.3972
2013-09-30,2.64,3.69,0.3935
2013-10-01,2.66,3.72,0.4002
2013-10-02,2.63,3.7,0.3882
2013-10-03,2.62,3.71,0.3792
2013-10-04,2.66,3.73,0.3956
2013-10-07,2.65,3.7,0.395
2013-10-08,2.66,3.7,0.399
2013-10-09,2.68,3.73,0.4002
2013-10-10,2.71,3.75,0.4112
2013-10-11,2.7,3.74,0.4092
2013-10-15,2.75,3.78,0.4163
2013-10-16,2.69,3.72,0.3987
2013-10-17,2.61,3.66,0.3701
2013-10-18,2.6,3.65,0.3626
2013-10-21,2.63,3.68,0.3719
2013-10-22,2.54,3.61,0.3423
2013-10-23,2.51,3.59,0.3255
2013-10-24,2.53,3.61,0.3283
2013-10-25,2.53,3.6,0.3232
2013-10-28,2.54,3.61,0.3244
2013-10-29,2.53,3.62,0.3197
2013-10-30,2.55,3.63,0.3253
2013-10-31,2.57,3.63,0.3334
2013-11-01,2.65,3.69,0.3644
2013-11-04,2.63,3.7,0.3673
2013-11-05,2.69,3.76,0.3874
2013-11-06,2.67,3.77,0.381
2013-11-07,2.63,3.71,0.3647
2013-11-08,2.77,3.84,0.4117
2013-11-12,2.8,3.86,0.439
2013-11-13,2.75,3.83,0.4269
2013-11-14,2.69,3.79,0.3991
2013-11-15,2.71,3.8,0.3988
2013-11-18,2.67,3.76,0.3831
2013-11-19,2.71,3.8,0.394
2013-11-20,2.8,3.9,0.4198
2013-11-21,2.79,3.89,0.4269
2013-11-22,2.75,3.84,0.4206
2013-11-25,2.74,3.83,0.4135
2013-11-26,2.71,3.8,0.3999
2013-11-27,2.74,3.81,0.4074
2013-11-29,2.75,3.82,0.4156
2013-12-02,2.81,3.86,0.4413
2013-12-03,2.79,3.84,0.4383
2013-12-04,2.84,3.9,0.4618
2013-12-05,2.88,3.92,0.4838
2013-12-06,2.88,3.9,0.4923
2013-12-09,2.86,3.88,0.4905
2013-12-10,2.81,3.83,0.4695
2013-12-11,2.86,3.87,0.4792
2013-12-12,2.89,3.91,0.4998
2013-12-13,2.88,3.88,0.5034
2013-12-16,2.89,3.9,0.5072
2013-12-17,2.85,3.88,0.4937
2013-12-18,2.89,3.9,0.5023
2013-12-19,2.94,3.91,0.5318
2013-12-20,2.89,3.82,0.5347
2013-12-23,2.94,3.85,0.5497
2013-12-24,2.99,3.9,0.5756
2013-12-26,3.0,3.92,0.5867
2013-12-27,3.02,3.94,0.5923
2013-12-30,2.99,3.9,0.5827
2013-12-31,3.04,3.96,0.5992
2014-01-02,3.0,3.92,0.5905
2014-01-03,3.01,3.93,0.5934
2014-01-06,2.98,3.9,0.5826
2014-01-07,2.96,3.88,0.5727
2014-01-08,3.01,3.9,0.5957
2014-01-09,2.97,3.88,0.5906
2014-01-10,2.88,3.8,0.5468
2014-01-13,2.84,3.77,0.5222
2014-01-14,2.88,3.8,0.5319
2014-01-15,2.9,3.81,0.5428
2014-01-16,2.86,3.77,0.532
2014-01-17,2.84,3.75,0.5212
2014-01-21,2.85,3.74,0.5237
2014-01-22,2.87,3.75,0.5386
2014-01-23,2.79,3.68,0.5089
2014-01-24,2.75,3.64,0.4862
2014-01-27,2.78,3.67,0.4893
2014-01-28,2.77,3.68,0.483
2014-01-29,2.69,3.62,0.4549
2014-01-30,2.72,3.65,0.4582
2014-01-31,2.67,3.61,0.4404
2014-02-03,2.61,3.55,0.4086
2014-02-04,2.64,3.59,0.4077
2014-02-05,2.7,3.66,0.4245
2014-02-06,2.73,3.67,0.4391
2014-02-07,2.71,3.67,0.4305
2014-02-10,2.7,3.66,0.4279
2014-02-11,2.75,3.69,0.449
2014-02-12,2.8,3.72,0.4703
2014-02-13,2.73,3.7,0.4536
2014-02-14,2.75,3.69,0.4569
2014-02-18,2.71,3.68,0.4442
2014-02-19,2.73,3.71,0.4494
2014-02-20,2.76,3.73,0.4624
2014-02-21,2.73,3.69,0.46
2014-02-24,2.75,3.7,0.4647
2014-02-25,2.7,3.66,0.4481
2014-02-26,2.67,3.63,0.4313
2014-02-27,2.65,3.6,0.4202
2014-02-28,2.66,3.59,0.4227
2014-03-03,2.6,3.55,0.4015
2014-03-04,2.7,3.64,0.4292
2014-03-05,2.7,3.64,0.4356
2014-03-06,2.74,3.68,0.454
2014-03-07,2.8,3.72,0.4841
2014-03-10,2.79,3.73,0.4899
2014-03-11,2.77,3.7,0.4867
2014-03-12,2.73,3.66,0.4699
2014-03-13,2.66,3.6,0.44
2014-03-14,2.65,3.59,0.4319
2014-03-17,2.7,3.63,0.4449
2014-03-18,2.68,3.62,0.4399
2014-03-19,2.78,3.66,0.4944
2014-03-20,2.79,3.67,0.5063
2014-03-21,2.75,3.61,0.5037
2014-03-24,2.74,3.57,0.5055
2014-03-25,2.75,3.59,0.5075
2014-03-26,2.71,3.55,0.49
2014-03-27,2.69,3.52,0.4823
2014-03-28,2.73,3.55,0.4973
2014-03-31,2.73,3.56,0.4991
2014-04-01,2.77,3.6,0.51
2014-04-02,2.82,3.65,0.5393
2014-04-03,2.8,3.62,0.5439
2014-04-04,2.74,3.59,0.5191
2014-04-07,2.71,3.56,0.4989
2014-04-08,2.69,3.54,0.4859
2014-04-09,2.71,3.57,0.4797
2014-04-10,2.65,3.52,0.4533
2014-04-11,2.63,3.48,0.4408
2014-04-14,2.65,3.48,0.4445
2014-04-15,2.64,3.46,0.4454
2014-04-16,2.65,3.45,0.4553
2014-04-17,2.73,3.52,0.492
2014-04-21,2.73,3.52,0.4991
2014-04-22,2.73,3.5,0.5052
2014-04-23,2.7,3.47,0.4961
2014-04-24,2.7,3.46,0.4977
2014-04-25,2.68,3.45,0.4919
2014-04-28,2.7,3.47,0.4943
2014-04-29,2.71,3.49,0.4965
2014-04-30,2.67,3.47,0.4801
2014-05-01,2.63,3.41,0.46
2014-05-02,2.6,3.37,0.4524
2014-05-05,2.63,3.41,0.4549
2014-05-06,2.61,3.38,0.45
2014-05-07,2.62,3.4,0.4422
2014-05-08,2.61,3.45,0.4336
2014-05-09,2.62,3.47,0.4344
2014-05-12,2.66,3.49,0.448
2014-05-13,2.61,3.45,0.435
2014-05-14,2.54,3.37,0.4059
2014-05-15,2.5,3.33,0.383
2014-05-16,2.52,3.34,0.3831
2014-05-19,2.54,3.39,0.3863
2014-05-20,2.52,3.38,0.3768
2014-05-21,2.54,3.42,0.3834
2014-05-22,2.56,3.43,0.3938
2014-05-23,2.54,3.4,0.3895
2014-05-27,2.52,3.37,0.3846
2014-05-28,2.44,3.29,0.3557
2014-05-29,2.45,3.31,0.3523
2014-05-30,2.48,3.33,0.361
2014-06-02,2.54,3.38,0.3859
2014-06-03,2.6,3.43,0.4152
2014-06-04,2.61,3.45,0.4293
2014-06-05,2.59,3.44,0.426
2014-06-06,2.6,3.44,0.4329
2014-06-09,2.62,3.45,0.4439
2014-06-10,2.64,3.47,0.4567
2014-06-11,2.65,3.47,0.4585
2014-06-12,2.58,3.41,0.4377
2014-06-13,2.6,3.41,0.443
2014-06-16,2.61,3.4,0.4464
2014-06-17,2.66,3.44,0.4683
2014-06-18,2.61,3.43,0.4564
2014-06-19,2.64,3.47,0.4578
2014-06-20,2.63,3.44,0.4588
2014-06-23,2.63,3.45,0.4586
2014-06-24,2.59,3.41,0.4467
2014-06-25,2.57,3.38,0.4334
2014-06-26,2.53,3.35,0.4148
2014-06-27,2.54,3.36,0.4106
2014-06-30,2.53,3.34,0.4043
2014-07-01,2.58,3.4,0.4192
2014-07-02,2.64,3.46,0.4456
2014-07-03,2.65,3.47,0.465
2014-07-07,2.63,3.44,0.4631
2014-07-08,2.58,3.38,0.4448
2014-07-09,2.57,3.37,0.4343
2014-07-10,2.55,3.38,0.4226
2014-07-11,2.53,3.34,0.4121
2014-07-14,2.55,3.36,0.4204
2014-07-15,2.56,3.37,0.4284
2014-07-16,2.55,3.35,0.4307
2014-07-17,2.47,3.27,0.4021
2014-07-18,2.5,3.29,0.4082
2014-07-21,2.49,3.26,0.4074
2014-07-22,2.48,3.25,0.4007
2014-07-23,2.48,3.26,0.3966
2014-07-24,2.52,3.3,0.4161
2014-07-25,2.48,3.24,0.4065
2014-07-28,2.5,3.26,0.4147
2014-07-29,2.47,3.22,0.406
2014-07-30,2.57,3.31,0.437
2014-07-31,2.58,3.32,0.4476
2014-08-01,2.52,3.29,0.4225
2014-08-04,2.51,3.3,0.4103
2014-08-05,2.49,3.28,0.4062
2014-08-06,2.49,3.27,0.4021
2014-08-07,2.43,3.23,0.3805
2014-08-08,2.44,3.23,0.3802
2014-08-11,2.44,3.24,0.3794
2014-08-12,2.46,3.27,0.3844
2014-08-13,2.43,3.24,0.3703
2014-08-14,2.4,3.2,0.358
2014-08-15,2.34,3.13,0.3382
2014-08-18,2.39,3.2,0.3475
2014-08-19,2.4,3.21,0.3551
2014-08-20,2.43,3.22,0.3719
2014-08-21,2.41,3.19,0.3714
2014-08-22,2.4,3.16,0.376
2014-08-25,2.39,3.13,0.3741
2014-08-26,2.39,3.15,0.3727
2014-08-27,2.37,3.11,0.3613
2014-08-28,2.34,3.08,0.3482
2014-08-29,2.35,3.09,0.3473
2014-09-02,2.42,3.17,0.3733
2014-09-03,2.41,3.15,0.3787
2014-09-04,2.45,3.21,0.3939
2014-09-05,2.46,3.23,0.3978
2014-09-08,2.48,3.23,0.409
2014-09-09,2.5,3.23,0.4239
2014-09-10,2.54,3.26,0.4406
2014-09-11,2.54,3.27,0.4482
2014-09-12,2.62,3.35,0.4742
2014-09-15,2.6,3.34,0.4735
2014-09-16,2.6,3.36,0.4721
2014-09-17,2.62,3.37,0.4845
2014-09-18,2.63,3.36,0.4982
2014-09-19,2.59,3.29,0.4893
2014-09-22,2.57,3.28,0.4758
2014-09-23,2.54,3.25,0.4627
2014-09-24,2.57,3.28,0.4714
2014-09-25,2.52,3.22,0.4514
2014-09-26,2.54,3.22,0.4611
2014-09-29,2.5,3.18,0.4469
2014-09-30,2.52,3.21,0.4476
2014-10-01,2.42,3.12,0.4077
2014-10-02,2.44,3.15,0.4063
2014-10-03,2.45,3.13,0.4131
2014-10-06,2.43,3.12,0.4017
2014-10-07,2.36,3.06,0.3726
2014-10-08,2.35,3.07,0.348
2014-10-09,2.34,3.07,0.3403
2014-10-10,2.31,3.03,0.3284
2014-10-14,2.21,2.95,0.2829
2014-10-15,2.15,2.92,0.2421
2014-10-16,2.17,2.94,0.237
2014-10-17,2.22,2.98,0.2552
2014-10-20,2.2,2.96,0.2483
2014-10-21,2.23,3.0,0.2585
2014-10-22,2.25,3.01,0.2695
2014-10-23,2.29,3.05,0.2923
2014-10-24,2.29,3.05,0.2984
2014-10-27,2.27,3.04,0.2953
2014-10-28,2.3,3.06,0.3062
2014-10-29,2.34,3.06,0.3328
2014-10-30,2.32,3.04,0.3324
2014-10-31,2.35,3.07,0.347
2014-11-03,2.36,3.07,0.3541
2014-11-04,2.35,3.05,0.3513
2014-11-05,2.36,3.06,0.3529
2014-11-06,2.39,3.09,0.3672
2014-11-07,2.32,3.04,0.3403
2014-11-10,2.38,3.09,0.3558
2014-11-12,2.37,3.09,0.358
2014-11-13,2.35,3.08,0.3527
2014-11-14,2.32,3.04,0.3417
2014-11-17,2.34,3.06,0.3454
2014-11-18,2.32,3.05,0.3411
2014-11-19,2.36,3.08,0.3552
2014-11-20,2.34,3.05,0.3486
2014-11-21,2.31,3.02,0.3405
2014-11-24,2.3,3.01,0.3327
2014-11-25,2.27,2.97,0.3151
2014-11-26,2.24,2.95,0.3012
2014-11-28,2.18,2.89,0.271
2014-12-01,2.22,2.95,0.2765
2014-12-02,2.28,3.0,0.303
2014-12-03,2.29,2.99,0.3154
2014-12-04,2.25,2.94,0.3046
2014-12-05,2.31,2.97,0.3338
2014-12-08,2.26,2.9,0.3246
2014-12-09,2.22,2.87,0.3016
2014-12-10,2.18,2.83,0.2739
2014-12-11,2.19,2.84,0.2788
2014-12-12,2.1,2.75,0.2421
2014-12-15,2.12,2.74,0.2454
2014-12-16,2.07,2.69,0.2237
2014-12-17,2.14,2.74,0.2489
2014-12-18,2.22,2.82,0.2815
2014-12-19,2.17,2.77,0.2797
2014-12-22,2.17,2.75,0.2777
2014-12-23,2.26,2.85,0.3104
2014-12-24,2.27,2.83,0.324
2014-12-26,2.25,2.81,0.3262
2014-12-29,2.22,2.78,0.3099
2014-12-30,2.2,2.76,0.2953
2014-12-31,2.17,2.75,0.2808
2015-01-02,2.12,2.69,0.2593
2015-01-05,2.04,2.6,0.2266
2015-01-06,1.97,2.52,0.189
2015-01-07,1.96,2.52,0.1719
2015-01-08,2.03,2.59,0.1837
2015-01-09,1.98,2.55,0.1688
2015-01-12,1.92,2.49,0.1401
2015-01-13,1.91,2.49,0.1265
2015-01-14,1.86,2.47,0.102
2015-01-15,1.77,2.4,0.0574
2015-01-16,1.83,2.44,0.0739
2015-01-20,1.82,2.39,0.0806
2015-01-21,1.87,2.44,0.1001
2015-01-22,1.9,2.46,0.116
2015-01-23,1.81,2.38,0.0937
2015-01-26,1.83,2.4,0.0963
2015-01-27,1.83,2.4,0.093
2015-01-28,1.73,2.29,0.0544
2015-01-29,1.77,2.33,0.0619
2015-01-30,1.68,2.25,0.0276
2015-02-02,1.68,2.25,0.0208
2015-02-03,1.79,2.37,0.0559
2015-02-04,1.81,2.39,0.0695
2015-02-05,1.83,2.42,0.081
2015-02-06,1.95,2.51,0.1434
2015-02-09,1.96,2.52,0.1623
2015-02-10,2.01,2.58,0.1836
2015-02-11,2.0,2.57,0.1933
2015-02-12,1.99,2.58,0.1889
2015-02-13,2.02,2.63,0.2027
2015-02-17,2.14,2.73,0.2503
2015-02-18,2.07,2.7,0.2309
2015-02-19,2.11,2.73,0.2474
2015-02-20,2.13,2.73,0.2604
2015-02-23,2.06,2.66,0.2402
2015-02-24,1.99,2.6,0.2038
2015-02-25,1.96,2.56,0.1866
2015-02-26,2.03,2.63,0.2066
2015-02-27,2.0,2.6,0.1994
2015-03-02,2.08,2.68,0.2256
2015-03-03,2.12,2.71,0.2491
2015-03-04,2.12,2.72,0.2531
2015-03-05,2.11,2.71,0.2457
2015-03-06,2.24,2.83,0.2981
2015-03-09,2.2,2.8,0.2931
2015-03-10,2.14,2.73,0.2713
2015-03-11,2.11,2.69,0.2567
2015-03-12,2.1,2.69,0.2454
2015-03-13,2.13,2.7,0.2485
2015-03-16,2.1,2.67,0.237
2015-03-17,2.06,2.61,0.2211
2015-03-18,1.93,2.51,0.1609
2015-03-19,1.98,2.54,0.1691
2015-03-20,1.93,2.5,0.1491
2015-03-23,1.92,2.51,0.1363
2015-03-24,1.88,2.46,0.118
2015-03-25,1.93,2.5,0.1292
2015-03-26,2.01,2.6,0.1612
2015-03-27,1.95,2.53,0.1471
2015-03-30,1.96,2.55,0.1454
2015-03-31,1.94,2.54,0.132
2015-04-01,1.87,2.47,0.1061
2015-04-02,1.92,2.53,0.1139
2015-04-03,1.85,2.49,0.0847
2015-04-06,1.92,2.57,0.1016
2015-04-07,1.89,2.52,0.104
2015-04-08,1.92,2.53,0.1124
2015-04-09,1.97,2.61,0.1356
2015-04-10,1.96,2.58,0.1436
2015-04-13,1.94,2.58,0.1374
2015-04-14,1.9,2.54,0.1211
2015-04-15,1.91,2.55,0.1144
2015-04-16,1.9,2.56,0.1061
2015-04-17,1.87,2.51,0.0998
2015-04-20,1.9,2.56,0.1054
2015-04-21,1.92,2.58,0.1159
2015-04-22,1.99,2.66,0.1453
2015-04-23,1.96,2.63,0.1379
2015-04-24,1.93,2.62,0.1258
2015-04-27,1.94,2.61,0.1262
2015-04-28,2.0,2.68,0.1485
2015-04-29,2.06,2.76,0.1773
2015-04-30,2.05,2.75,0.1857
2015-05-01,2.12,2.82,0.2199
2015-05-04,2.16,2.88,0.2375
2015-05-05,2.19,2.9,0.255
2015-05-06,2.25,2.98,0.2802
2015-05-07,2.18,2.9,0.2688
2015-05-08,2.16,2.9,0.2506
2015-05-11,2.28,3.03,0.2877
2015-05-12,2.28,3.02,0.2959
2015-05-13,2.27,3.07,0.301
2015-05-14,2.23,3.03,0.2838
2015-05-15,2.14,2.93,0.2531
2015-05-18,2.23,3.02,0.2756
2015-05-19,2.27,3.05,0.3029
2015-05-20,2.26,3.06,0.2999
2015-05-21,2.19,2.98,0.2755
2015-05-22,2.21,2.99,0.2855
2015-05-26,2.14,2.89,0.2614
2015-05-27,2.14,2.88,0.2544
2015-05-28,2.13,2.89,0.2469
2015-05-29,2.12,2.88,0.2382
2015-06-01,2.19,2.94,0.2609
2015-06-02,2.27,3.02,0.2957
2015-06-03,2.38,3.11,0.3456
2015-06-04,2.31,3.03,0.3356
2015-06-05,2.41,3.11,0.3738
2015-06-08,2.39,3.11,0.3745
2015-06-09,2.42,3.15,0.3873
2015-06-10,2.5,3.22,0.416
2015-06-11,2.39,3.11,0.3914
2015-06-12,2.39,3.1,0.3863
2015-06-15,2.36,3.09,0.3694
2015-06-16,2.32,3.06,0.3506
2015-06-17,2.32,3.09,0.3347
2015-06-18,2.35,3.14,0.3416
2015-06-19,2.26,3.05,0.3146
2015-06-22,2.37,3.16,0.3476
2015-06-23,2.42,3.2,0.3715
2015-06-24,2.38,3.16,0.3688
2015-06-25,2.4,3.16,0.3746
2015-06-26,2.49,3.25,0.4055
2015-06-29,2.33,3.09,0.3547
2015-06-30,2.35,3.11,0.3468
2015-07-01,2.43,3.2,0.3754
2015-07-02,2.4,3.19,0.3642
2015-07-06,2.3,3.08,0.3255
2015-07-07,2.27,3.04,0.3055
2015-07-08,2.22,2.99,0.2777
2015-07-09,2.32,3.11,0.3055
2015-07-10,2.42,3.2,0.3553
2015-07-13,2.44,3.21,0.3763
2015-07-14,2.41,3.2,0.3672
2015-07-15,2.36,3.13,0.3445
2015-07-16,2.36,3.11,0.3441
2015-07-17,2.34,3.08,0.3441
2015-07-20,2.38,3.1,0.3533
2015-07-21,2.35,3.08,0.3419
2015-07-22,2.33,3.04,0.3333
2015-07-23,2.28,2.98,0.3099
2015-07-24,2.27,2.96,0.3002
2015-07-27,2.23,2.93,0.2759
2015-07-28,2.26,2.96,0.2798
2015-07-29,2.29,2.99,0.2911
2015-07-30,2.28,2.96,0.2916
2015-07-31,2.2,2.92,0.2605
2015-08-03,2.16,2.86,0.2353
2015-08-04,2.23,2.9,0.2569
2015-08-05,2.28,2.94,0.2785
2015-08-06,2.23,2.9,0.2709
2015-08-07,2.18,2.83,0.2523
2015-08-10,2.24,2.89,0.2585
2015-08-11,2.15,2.81,0.2247
2015-08-12,2.14,2.84,0.2135
2015-08-13,2.19,2.86,0.2322
2015-08-14,2.2,2.84,0.2437
2015-08-17,2.16,2.81,0.2327
2015-08-18,2.2,2.87,0.244
2015-08-19,2.12,2.81,0.2125
2015-08-20,2.09,2.76,0.202
2015-08-21,2.05,2.74,0.1808
2015-08-24,2.01,2.73,0.1566
2015-08-25,2.12,2.84,0.1934
2015-08-26,2.18,2.94,0.2216
2015-08-27,2.18,2.93,0.2311
2015-08-28,2.19,2.92,0.2408
2015-08-31,2.21,2.95,0.2484
2015-09-01,2.17,2.93,0.2343
2015-09-02,2.2,2.97,0.242
2015-09-03,2.18,2.95,0.2356
2015-09-04,2.13,2.89,0.2201
2015-09-08,2.2,2.97,0.2365
2015-09-09,2.21,2.96,0.2397
2015-09-10,2.23,2.98,0.2505
2015-09-11,2.2,2.95,0.2398
2015-09-14,2.18,2.95,0.231
2015-09-15,2.28,3.06,0.2674
2015-09-16,2.3,3.08,0.2836
2015-09-17,2.21,3.02,0.251
2015-09-18,2.13,2.93,0.2245
2015-09-21,2.2,3.02,0.2448
2015-09-22,2.14,2.94,0.2268
2015-09-23,2.16,2.95,0.2289
2015-09-24,2.13,2.91,0.2192
2015-09-25,2.17,2.96,0.233
2015-09-28,2.1,2.87,0.2094
2015-09-29,2.05,2.85,0.1805
2015-09-30,2.06,2.87,0.1762
2015-10-01,2.05,2.85,0.1742
2015-10-02,1.99,2.82,0.145
2015-10-05,2.07,2.9,0.1634
2015-10-06,2.05,2.88,0.1632
2015-10-07,2.08,2.89,0.1741
2015-10-08,2.12,2.96,0.1919
2015-10-09,2.12,2.94,0.2
2015-10-13,2.06,2.89,0.1781
2015-10-14,1.99,2.84,0.143
2015-10-15,2.04,2.87,0.1541
2015-10-16,2.04,2.87,0.1613
2015-10-19,2.04,2.89,0.161
2015-10-20,2.08,2.92,0.1786
2015-10-21,2.04,2.87,0.1696
2015-10-22,2.04,2.87,0.1657
2015-10-23,2.09,2.9,0.1881
2015-10-26,2.07,2.87,0.1829
2015-10-27,2.05,2.86,0.1685
2015-10-28,2.1,2.87,0.1925
2015-10-29,2.19,2.96,0.2235
2015-10-30,2.16,2.93,0.224
2015-11-02,2.2,2.95,0.2382
2015-11-03,2.23,3.0,0.2549
2015-11-04,2.25,3.0,0.2718
2015-11-05,2.26,3.01,0.2794
2015-11-06,2.34,3.09,0.3137
2015-11-09,2.36,3.12,0.3241
2015-11-10,2.32,3.1,0.3151
2015-11-12,2.32,3.09,0.3148
2015-11-13,2.28,3.06,0.2979
2015-11-16,2.27,3.07,0.2854
2015-11-17,2.25,3.04,0.2761
2015-11-18,2.27,3.04,0.285
2015-11-19,2.24,3.0,0.2805
2015-11-20,2.26,3.02,0.2865
2015-11-23,2.25,3.0,0.2801
2015-11-24,2.24,3.0,0.2675
2015-11-25,2.23,3.0,0.2604
2015-11-27,2.22,3.0,0.252
2015-11-30,2.21,2.98,0.2441
2015-12-01,2.15,2.91,0.2158
2015-12-02,2.18,2.91,0.2206
2015-12-03,2.33,3.07,0.2704
2015-12-04,2.28,3.01,0.2659
2015-12-07,2.23,2.95,0.2396
2015-12-08,2.24,2.97,0.2311
2015-12-09,2.22,2.97,0.2173
2015-12-10,2.24,2.98,0.2263
2015-12-11,2.13,2.87,0.1862
2015-12-14,2.23,2.96,0.2146
2015-12-15,2.28,3.0,0.2388
2015-12-16,2.3,3.02,0.2625
2015-12-17,2.24,2.94,0.2511
2015-12-18,2.19,2.9,0.2329
2015-12-21,2.2,2.92,0.2243
2015-12-22,2.24,2.96,0.2411
2015-12-23,2.27,3.0,0.2584
2015-12-24,2.25,2.96,0.2578
2015-12-28,2.24,2.95,0.2524
2015-12-29,2.32,3.04,0.28
2015-12-30,2.31,3.04,0.2862
2015-12-31,2.27,3.01,0.2776
2016-01-04,2.24,2.98,0.2598
2016-01-05,2.25,3.01,0.2568
2016-01-06,2.18,2.94,0.226
2016-01-07,2.16,2.92,0.2045
2016-01-08,2.13,2.91,0.1865
2016-01-11,2.17,2.96,0.1893
2016-01-12,2.12,2.89,0.1711
2016-01-13,2.08,2.85,0.1485
2016-01-14,2.1,2.9,0.1496
2016-01-15,2.03,2.81,0.1267
2016-01-19,2.06,2.82,0.1308
2016-01-20,2.01,2.77,0.112
2016-01-21,2.02,2.79,0.1092
2016-01-22,2.07,2.83,0.1235
2016-01-25,2.03,2.8,0.1115
2016-01-26,2.01,2.79,0.0988
2016-01-27,2.02,2.8,0.0936
2016-01-28,2.0,2.79,0.0811
2016-01-29,1.94,2.75,0.0528
2016-02-01,1.97,2.77,0.0599
2016-02-02,1.87,2.67,0.0187
2016-02-03,1.88,2.7,0.0087
2016-02-04,1.87,2.7,0.0043
2016-02-05,1.86,2.68,0.0006
2016-02-08,1.75,2.56,-0.0424
2016-02-09,1.74,2.55,-0.0544
2016-02-10,1.71,2.53,-0.0642
2016-02-11,1.63,2.5,-0.0906
2016-02-12,1.74,2.6,-0.056
2016-02-16,1.78,2.64,-0.0364
2016-02-17,1.81,2.68,-0.0177
2016-02-18,1.75,2.62,-0.0367
2016-02-19,1.76,2.61,-0.0349
2016-02-22,1.77,2.62,-0.033
2016-02-23,1.74,2.6,-0.044
2016-02-24,1.75,2.61,-0.0457
2016-02-25,1.71,2.58,-0.0658
2016-02-26,1.76,2.63,-0.0427
2016-02-29,1.74,2.61,-0.0465
2016-03-01,1.83,2.7,-0.0103
2016-03-02,1.84,2.69,0.0068
2016-03-03,1.83,2.65,0.0105
2016-03-04,1.88,2.7,0.0355
2016-03-07,1.91,2.71,0.0518
2016-03-08,1.83,2.63,0.0258
2016-03-09,1.9,2.68,0.0394
2016-03-10,1.93,2.7,0.0613
2016-03-11,1.98,2.75,0.0824
2016-03-14,1.97,2.74,0.0822
2016-03-15,1.97,2.73,0.0823
2016-03-16,1.94,2.73,0.0607
2016-03-17,1.91,2.69,0.0483
2016-03-18,1.88,2.68,0.0333
2016-03-21,1.92,2.72,0.0455
2016-03-22,1.94,2.72,0.0607
2016-03-23,1.88,2.65,0.0393
2016-03-24,1.91,2.67,0.0442
2016-03-28,1.89,2.66,0.0368
2016-03-29,1.81,2.6,0.0039
2016-03-30,1.83,2.65,0.0018
2016-03-31,1.78,2.61,-0.0181
2016-04-01,1.79,2.62,-0.0155
2016-04-04,1.78,2.6,-0.0242
2016-04-05,1.73,2.54,-0.045
2016-04-06,1.76,2.58,-0.0377
2016-04-07,1.7,2.52,-0.0616
2016-04-08,1.72,2.55,-0.0605
2016-04-11,1.73,2.56,-0.0575
2016-04-12,1.79,2.61,-0.0334
2016-04-13,1.77,2.58,-0.0318
2016-04-14,1.8,2.61,-0.0191
2016-04-15,1.76,2.56,-0.0312
2016-04-18,1.78,2.58,-0.0261
2016-04-19,1.79,2.6,-0.0153
2016-04-20,1.85,2.66,0.0112
2016-04-21,1.88,2.69,0.0259
2016-04-22,1.89,2.7,0.0384
2016-04-25,1.91,2.72,0.046
2016-04-26,1.94,2.76,0.0597
2016-04-27,1.87,2.71,0.0372
2016-04-28,1.84,2.68,0.0146
2016-04-29,1.83,2.66,0.0066
2016-05-02,1.88,2.71,0.023
2016-05-03,1.81,2.66,0.0005
2016-05-04,1.79,2.64,-0.0112
2016-05-05,1.76,2.6,-0.0284
2016-05-06,1.79,2.62,-0.0207
2016-05-09,1.77,2.61,-0.0326
2016-05-10,1.77,2.61,-0.0347
2016-05-11,1.73,2.58,-0.0421
2016-05-12,1.75,2.6,-0.0329
2016-05-13,1.71,2.55,-0.0464
2016-05-16,1.75,2.59,-0.033
2016-05-17,1.76,2.59,-0.0252
2016-05-18,1.87,2.67,0.0207
2016-05-19,1.85,2.64,0.0221
2016-05-20,1.85,2.63,0.0176
2016-05-23,1.84,2.63,0.0102
2016-05-24,1.86,2.65,0.0177
2016-05-25,1.87,2.67,0.0239
2016-05-26,1.83,2.64,0.0099
2016-05-27,1.85,2.65,0.0182
2016-05-31,1.84,2.64,0.01
2016-06-01,1.85,2.63,0.0147
2016-06-02,1.81,2.58,0.0023
2016-06-03,1.71,2.52,-0.0468
2016-06-06,1.73,2.55,-0.0492
2016-06-07,1.72,2.54,-0.0554
2016-06-08,1.71,2.51,-0.0588
2016-06-09,1.68,2.48,-0.0678
2016-06-10,1.64,2.44,-0.0874
2016-06-13,1.62,2.43,-0.1038
2016-06-14,1.62,2.43,-0.1071
2016-06-15,1.6,2.43,-0.1207
2016-06-16,1.57,2.39,-0.1284
2016-06-17,1.62,2.43,-0.1156
2016-06-20,1.67,2.47,-0.0969
2016-06-21,1.71,2.5,-0.0775
2016-06-22,1.69,2.5,-0.0785
2016-06-23,1.74,2.55,-0.0585
2016-06-24,1.57,2.42,-0.1195
2016-06-27,1.46,2.28,-0.1732
2016-06-28,1.46,2.27,-0.1884
2016-06-29,1.5,2.3,-0.1773
2016-06-30,1.49,2.3,-0.1822
2016-07-01,1.46,2.24,-0.1898
2016-07-05,1.37,2.14,-0.2244
2016-07-06,1.38,2.14,-0.2295
2016-07-07,1.4,2.14,-0.2295
2016-07-08,1.37,2.11,-0.2364
2016-07-11,1.43,2.14,-0.2165
2016-07-12,1.53,2.24,-0.1792
2016-07-13,1.48,2.18,-0.1836
2016-07-14,1.53,2.25,-0.1682
2016-07-15,1.6,2.3,-0.1398
2016-07-18,1.59,2.3,-0.1384
2016-07-19,1.56,2.27,-0.1468
2016-07-20,1.59,2.3,-0.1365
2016-07-21,1.57,2.29,-0.1465
2016-07-22,1.57,2.29,-0.1419
2016-07-25,1.58,2.29,-0.137
2016-07-26,1.57,2.28,-0.1373
2016-07-27,1.52,2.23,-0.1558
2016-07-28,1.52,2.23,-0.16
2016-07-29,1.46,2.18,-0.1857
2016-08-01,1.51,2.24,-0.177
2016-08-02,1.55,2.29,-0.1649
2016-08-03,1.55,2.29,-0.1635
2016-08-04,1.51,2.25,-0.1754
2016-08-05,1.59,2.32,-0.1419
2016-08-08,1.59,2.3,-0.1346
2016-08-09,1.55,2.25,-0.148
2016-08-10,1.5,2.23,-0.165
2016-08-11,1.57,2.28,-0.14
2016-08-12,1.51,2.23,-0.1546
2016-08-15,1.55,2.27,-0.1467
2016-08-16,1.57,2.29,-0.1327
2016-08-17,1.56,2.27,-0.1372
2016-08-18,1.53,2.26,-0.1499
2016-08-19,1.58,2.29,-0.13
2016-08-22,1.55,2.24,-0.1384
2016-08-23,1.55,2.24,-0.1411
2016-08-24,1.56,2.24,-0.1429
2016-08-25,1.58,2.27,-0.1357
2016-08-26,1.62,2.29,-0.1105
2016-08-29,1.57,2.22,-0.1271
2016-08-30,1.57,2.23,-0.1297
2016-08-31,1.58,2.23,-0.1271
2016-09-01,1.57,2.23,-0.1296
2016-09-02,1.6,2.28,-0.1189
2016-09-06,1.55,2.24,-0.1416
2016-09-07,1.54,2.23,-0.153
2016-09-08,1.61,2.32,-0.1286
2016-09-09,1.67,2.39,-0.1028
2016-09-12,1.68,2.4,-0.1035
2016-09-13,1.73,2.47,-0.0803
2016-09-14,1.7,2.44,-0.0869
2016-09-15,1.71,2.48,-0.0838
2016-09-16,1.7,2.44,-0.0803
2016-09-19,1.7,2.45,-0.0776
2016-09-20,1.69,2.43,-0.0804
2016-09-21,1.66,2.39,-0.0827
2016-09-22,1.63,2.34,-0.0885
2016-09-23,1.62,2.34,-0.0931
2016-09-26,1.59,2.32,-0.1102
2016-09-27,1.56,2.28,-0.1259
2016-09-28,1.57,2.29,-0.1292
2016-09-29,1.56,2.28,-0.1354
2016-09-30,1.6,2.32,-0.1248
2016-10-03,1.63,2.34,-0.1135
2016-10-04,1.69,2.4,-0.0916
2016-10-05,1.72,2.44,-0.0722
2016-10-06,1.75,2.46,-0.0527
2016-10-07,1.73,2.46,-0.0558
2016-10-11,1.77,2.5,-0.0436
2016-10-12,1.79,2.51,-0.0377
2016-10-13,1.75,2.48,-0.0449
2016-10-14,1.8,2.55,-0.0337
2016-10-17,1.77,2.52,-0.0428
2016-10-18,1.75,2.51,-0.0524
2016-10-19,1.76,2.51,-0.0536
2016-10-20,1.76,2.5,-0.0524
2016-10-21,1.74,2.48,-0.055
2016-10-24,1.77,2.52,-0.0462
2016-10-25,1.77,2.5,-0.0464
2016-10-26,1.79,2.53,-0.035
2016-10-27,1.85,2.6,-0.0102
2016-10-28,1.86,2.62,-0.0031
2016-10-31,1.84,2.58,-0.0099
2016-11-01,1.83,2.58,-0.017
2016-11-02,1.81,2.56,-0.0324
2016-11-03,1.82,2.6,-0.0337
2016-11-04,1.79,2.56,-0.0468
2016-11-07,1.83,2.6,-0.0337
2016-11-08,1.88,2.63,-0.0132
2016-11-09,2.07,2.88,0.0633
2016-11-10,2.15,2.94,0.1131
2016-11-14,2.23,2.99,0.1593
2016-11-15,2.23,2.97,0.1809
2016-11-16,2.22,2.92,0.1884
2016-11-17,2.29,3.01,0.2172
2016-11-18,2.34,3.01,0.2498
2016-11-21,2.33,3.0,0.2551
2016-11-22,2.31,3.0,0.2507
2016-11-23,2.36,3.02,0.2686
2016-11-25,2.36,3.01,0.2746
2016-11-28,2.32,2.99,0.2618
2016-11-29,2.3,2.95,0.2523
2016-11-30,2.37,3.02,0.2725
2016-12-01,2.45,3.1,0.3092
2016-12-02,2.4,3.08,0.2985
2016-12-05,2.39,3.05,0.2932
2016-12-06,2.39,3.08,0.2903
2016-12-07,2.34,3.02,0.2707
2016-12-08,2.4,3.1,0.285
2016-12-09,2.47,3.16,0.3122
2016-12-12,2.49,3.16,0.3211
2016-12-13,2.48,3.14,0.3239
2016-12-14,2.54,3.14,0.3565
2016-12-15,2.6,3.16,0.3919
2016-12-16,2.6,3.19,0.3994
2016-12-19,2.54,3.12,0.3796
2016-12-20,2.57,3.15,0.3845
2016-12-21,2.55,3.12,0.3783
2016-12-22,2.55,3.12,0.3802
2016-12-23,2.55,3.12,0.3791
2016-12-27,2.57,3.14,0.3878
2016-12-28,2.51,3.09,0.3689
2016-12-29,2.49,3.08,0.3509
2016-12-30,2.45,3.06,0.3322
2017-01-03,2.45,3.04,0.3235
2017-01-04,2.46,3.05,0.3224
2017-01-05,2.37,2.96,0.2894
2017-01-06,2.42,3.0,0.3016
2017-01-09,2.38,2.97,0.2884
2017-01-10,2.38,2.97,0.2851
2017-01-11,2.38,2.96,0.2815
2017-01-12,2.36,3.01,0.2746
2017-01-13,2.4,2.99,0.2857
2017-01-17,2.33,2.93,0.2593
2017-01-18,2.42,3.0,0.2903
2017-01-19,2.47,3.04,0.3172
2017-01-20,2.48,3.05,0.3241
2017-01-23,2.41,2.99,0.2972
2017-01-24,2.47,3.05,0.3174
2017-01-25,2.53,3.1,0.3449
2017-01-26,2.51,3.08,0.3441
2017-01-27,2.49,3.06,0.3368
2017-01-30,2.49,3.08,0.334
2017-01-31,2.45,3.05,0.317
2017-02-01,2.48,3.08,0.3243
2017-02-02,2.48,3.09,0.3217
2017-02-03,2.49,3.11,0.3256
2017-02-06,2.42,3.05,0.2965
2017-02-07,2.4,3.02,0.2801
2017-02-08,2.34,2.96,0.2597
2017-02-09,2.4,3.02,0.2791
2017-02-10,2.41,3.01,0.2875
2017-02-13,2.43,3.03,0.2988
2017-02-14,2.47,3.07,0.3214
2017-02-15,2.51,3.09,0.3403
2017-02-16,2.45,3.05,0.3214
2017-02-17,2.42,3.03,0.3056
2017-02-21,2.43,3.04,0.3014
2017-02-22,2.42,3.04,0.297
2017-02-23,2.38,3.02,0.2805
2017-02-24,2.31,2.95,0.2497
2017-02-27,2.36,2.98,0.2654
2017-02-28,2.36,2.97,0.2697
2017-03-01,2.46,3.06,0.3007
2017-03-02,2.49,3.09,0.3155
2017-03-03,2.49,3.08,0.31
2017-03-06,2.49,3.1,0.306
2017-03-07,2.52,3.11,0.302
2017-03-08,2.57,3.15,0.3253
2017-03-09,2.6,3.19,0.347
2017-03-10,2.58,3.16,0.3436
2017-03-13,2.62,3.2,0.3511
2017-03-14,2.6,3.17,0.3457
2017-03-15,2.51,3.11,0.3074
2017-03-16,2.53,3.14,0.3083
2017-03-17,2.5,3.11,0.2997
2017-03-20,2.47,3.08,0.2822
2017-03-21,2.43,3.04,0.2592
2017-03-22,2.4,3.02,0.2442
2017-03-23,2.41,3.02,0.242
2017-03-24,2.4,3.0,0.2363
2017-03-27,2.38,2.98,0.2272
2017-03-28,2.42,3.02,0.2411
2017-03-29,2.39,2.99,0.2286
2017-03-30,2.42,3.03,0.2391
2017-03-31,2.4,3.02,0.2325
2017-04-03,2.35,2.98,0.2076
2017-04-04,2.36,2.99,0.2025
2017-04-05,2.34,2.98,0.1889
2017-04-06,2.34,2.99,0.1882
2017-04-07,2.38,3.0,0.2047
2017-04-10,2.37,2.99,0.2
2017-04-11,2.32,2.93,0.1728
2017-04-12,2.28,2.92,0.1573
2017-04-13,2.24,2.89,0.1348
2017-04-17,2.26,2.92,0.1359
2017-04-18,2.18,2.84,0.1035
2017-04-19,2.21,2.87,0.1086
2017-04-20,2.24,2.89,0.1237
2017-04-21,2.24,2.89,0.125
2017-04-24,2.28,2.93,0.1412
2017-04-25,2.35,2.99,0.1682
2017-04-26,2.32,2.97,0.1623
2017-04-27,2.3,2.96,0.1534
2017-04-28,2.29,2.96,0.1504
2017-05-01,2.33,3.0,0.1599
2017-05-02,2.29,2.97,0.1488
2017-05-03,2.33,2.97,0.1616
2017-05-04,2.36,3.0,0.1751
2017-05-05,2.36,2.99,0.1746
2017-05-08,2.39,3.02,0.1833
2017-05-09,2.42,3.04,0.1954
2017-05-10,2.41,3.03,0.199
2017-05-11,2.39,3.03,0.1944
2017-05-12,2.33,2.98,0.1671
2017-05-15,2.34,3.0,0.164
2017-05-16,2.33,2.99,0.1571
2017-05-17,2.22,2.91,0.1168
2017-05-18,2.23,2.9,0.1088
2017-05-19,2.23,2.9,0.1075
2017-05-22,2.25,2.91,0.1088
2017-05-23,2.29,2.95,0.1225
2017-05-24,2.26,2.92,0.1122
2017-05-25,2.25,2.92,0.1055
2017-05-26,2.25,2.92,0.104
2017-05-30,2.21,2.88,0.0894
2017-05-31,2.21,2.87,0.0803
2017-06-01,2.21,2.87,0.0791
2017-06-02,2.15,2.8,0.0558
2017-06-05,2.18,2.84,0.0599
2017-06-06,2.14,2.81,0.0449
2017-06-07,2.18,2.84,0.0512
2017-06-08,2.19,2.85,0.0555
2017-06-09,2.21,2.86,0.0622
2017-06-12,2.21,2.86,0.0666
2017-06-13,2.21,2.87,0.067
2017-06-14,2.15,2.79,0.0444
2017-06-15,2.16,2.78,0.0426
2017-06-16,2.16,2.78,0.0356
2017-06-19,2.19,2.79,0.0504
2017-06-20,2.16,2.74,0.0414
2017-06-21,2.16,2.73,0.0436
2017-06-22,2.15,2.72,0.0412
2017-06-23,2.15,2.71,0.0411
2017-06-26,2.14,2.7,0.0376
2017-06-27,2.21,2.75,0.0597
2017-06-28,2.22,2.77,0.0661
2017-06-29,2.27,2.82,0.0854
2017-06-30,2.31,2.84,0.1051
2017-07-03,2.35,2.86,0.1283
2017-07-05,2.33,2.85,0.1278
2017-07-06,2.37,2.9,0.1417
2017-07-07,2.39,2.93,0.1533
2017-07-10,2.38,2.93,0.1497
2017-07-11,2.37,2.92,0.1441
2017-07-12,2.33,2.89,0.1258
2017-07-13,2.35,2.92,0.1295
2017-07-14,2.33,2.91,0.122
2017-07-17,2.31,2.89,0.1135
2017-07-18,2.27,2.85,0.0968
2017-07-19,2.27,2.85,0.0906
2017-07-20,2.27,2.83,0.0829
2017-07-21,2.24,2.81,0.0706
2017-07-24,2.26,2.83,0.0723
2017-07-25,2.33,2.91,0.0991
2017-07-26,2.29,2.89,0.0877
2017-07-27,2.32,2.93,0.0954
2017-07-28,2.3,2.89,0.0946
2017-07-31,2.3,2.89,0.097
2017-08-01,2.26,2.86,0.0834
2017-08-02,2.27,2.85,0.0829
2017-08-03,2.24,2.81,0.0702
2017-08-04,2.27,2.84,0.0792
2017-08-07,2.26,2.84,0.0817
2017-08-08,2.29,2.86,0.0898
2017-08-09,2.24,2.82,0.0762
2017-08-10,2.2,2.79,0.0614
2017-08-11,2.19,2.79,0.0476
2017-08-14,2.22,2.81,0.0594
2017-08-15,2.27,2.84,0.0795
2017-08-16,2.23,2.81,0.0713
2017-08-17,2.19,2.78,0.0579
2017-08-18,2.19,2.78,0.0553
2017-08-21,2.18,2.77,0.0517
2017-08-22,2.22,2.79,0.0629
2017-08-23,2.17,2.75,0.0503
2017-08-24,2.19,2.77,0.0548
2017-08-25,2.17,2.75,0.0485
2017-08-28,2.16,2.76,0.0416
2017-08-29,2.13,2.74,0.0251
2017-08-30,2.15,2.75,0.0262
2017-08-31,2.12,2.73,0.0187
2017-09-01,2.16,2.77,0.0308
2017-09-05,2.07,2.69,-0.0022
2017-09-06,2.1,2.72,-0.0031
2017-09-07,2.05,2.66,-0.0258
2017-09-08,2.06,2.67,-0.0282
2017-09-11,2.14,2.75,0.0001
2017-09-12,2.17,2.78,0.0211
2017-09-13,2.2,2.79,0.0376
2017-09-14,2.2,2.77,0.0443
2017-09-15,2.2,2.77,0.0519
2017-09-18,2.23,2.8,0.0626
2017-09-19,2.24,2.81,0.0688
2017-09-20,2.28,2.82,0.0891
2017-09-21,2.27,2.8,0.0916
2017-09-22,2.26,2.8,0.089
2017-09-25,2.22,2.76,0.0704
2017-09-26,2.24,2.78,0.0728
2017-09-27,2.31,2.86,0.0946
2017-09-28,2.31,2.87,0.0991
2017-09-29,2.33,2.86,0.1117
2017-10-02,2.34,2.87,0.121
2017-10-03,2.33,2.87,0.1159
2017-10-04,2.33,2.87,0.1136
2017-10-05,2.35,2.89,0.1212
2017-10-06,2.37,2.91,0.1318
2017-10-10,2.35,2.88,0.1226
2017-10-11,2.35,2.88,0.1178
2017-10-12,2.33,2.86,0.111
2017-10-13,2.28,2.81,0.0926
2017-10-16,2.3,2.82,0.0987
2017-10-17,2.3,2.8,0.1013
2017-10-18,2.34,2.85,0.1162
2017-10-19,2.33,2.83,0.1144
2017-10-20,2.39,2.89,0.1338
2017-10-23,2.38,2.89,0.1334
2017-10-24,2.42,2.92,0.1479
2017-10-25,2.44,2.95,0.1582
2017-10-26,2.46,2.96,0.1692
2017-10-27,2.42,2.93,0.159
2017-10-30,2.37,2.88,0.1391
2017-10-31,2.38,2.88,0.1347
2017-11-01,2.37,2.85,0.1281
2017-11-02,2.35,2.83,0.1182
2017-11-03,2.34,2.82,0.1092
2017-11-06,2.32,2.8,0.0988
2017-11-07,2.32,2.77,0.0905
2017-11-08,2.32,2.79,0.0927
2017-11-09,2.33,2.81,0.092
2017-11-10,2.4,2.88,0.1177
2017-11-13,2.4,2.87,0.1278
2017-11-14,2.38,2.84,0.1218
2017-11-15,2.33,2.77,0.1036
2017-11-16,2.37,2.81,0.11
2017-11-17,2.35,2.78,0.1037
2017-11-20,2.37,2.78,0.1097
2017-11-21,2.36,2.76,0.1112
2017-11-22,2.32,2.75,0.0938
2017-11-24,2.34,2.76,0.0959
2017-11-27,2.32,2.76,0.0914
2017-11-28,2.34,2.77,0.0923
2017-11-29,2.37,2.81,0.1056
2017-11-30,2.42,2.83,0.129
2017-12-01,2.37,2.76,0.1212
2017-12-04,2.37,2.77,0.1236
2017-12-05,2.36,2.73,0.1185
2017-12-06,2.33,2.71,0.1015
2017-12-07,2.37,2.76,0.1107
2017-12-08,2.38,2.77,0.1171
2017-12-11,2.39,2.77,0.1208
2017-12-12,2.4,2.79,0.1249
2017-12-13,2.36,2.74,0.1073
2017-12-14,2.35,2.71,0.1047
2017-12-15,2.35,2.68,0.1069
2017-12-18,2.39,2.74,0.112
2017-12-19,2.46,2.82,0.1379
2017-12-20,2.49,2.88,0.1561
2017-12-21,2.48,2.84,0.1611
2017-12-22,2.48,2.83,0.1649
2017-12-26,2.47,2.82,0.1538
2017-12-27,2.42,2.75,0.1309
2017-12-28,2.43,2.75,0.1321
2017-12-29,2.4,2.74,0.1233
2018-01-02,2.46,2.81,0.1341
2018-01-03,2.44,2.78,0.1334
2018-01-04,2.46,2.79,0.139
2018-01-05,2.47,2.81,0.1485
2018-01-08,2.49,2.81,0.1504
2018-01-09,2.55,2.88,0.1711
2018-01-10,2.55,2.88,0.178
2018-01-11,2.54,2.91,0.1787
2018-01-12,2.55,2.85,0.1865
2018-01-16,2.54,2.83,0.1844
2018-01-17,2.57,2.84,0.1952
2018-01-18,2.62,2.9,0.2135
2018-01-19,2.64,2.91,0.2284
2018-01-22,2.66,2.93,0.2374
2018-01-23,2.63,2.9,0.2268
2018-01-24,2.65,2.93,0.2337
2018-01-25,2.63,2.89,0.2278
2018-01-26,2.66,2.91,0.2445
2018-01-29,2.7,2.94,0.2568
2018-01-30,2.73,2.98,0.2696
2018-01-31,2.72,2.95,0.2742
2018-02-01,2.78,3.01,0.2969
2018-02-02,2.84,3.08,0.3204
2018-02-05,2.77,3.04,0.2957
2018-02-06,2.79,3.06,0.2958
2018-02-07,2.84,3.12,0.3147
2018-02-08,2.85,3.14,0.32
2018-02-09,2.83,3.14,0.3075
2018-02-12,2.86,3.14,0.3135
2018-02-13,2.83,3.11,0.3046
2018-02-14,2.91,3.18,0.3406
2018-02-15,2.9,3.15,0.3446
2018-02-16,2.87,3.13,0.3347
2018-02-20,2.88,3.15,0.3309
2018-02-21,2.94,3.22,0.3478
2018-02-22,2.92,3.21,0.3445
2018-02-23,2.88,3.16,0.3275
2018-02-26,2.86,3.15,0.3115
2018-02-27,2.9,3.17,0.3268
2018-02-28,2.87,3.13,0.321
2018-03-01,2.81,3.09,0.297
2018-03-02,2.86,3.14,0.3098
2018-03-05,2.88,3.16,0.3157
2018-03-06,2.88,3.14,0.3174
2018-03-07,2.89,3.15,0.319
2018-03-08,2.86,3.13,0.3103
2018-03-09,2.9,3.16,0.319
2018-03-12,2.87,3.13,0.3089
2018-03-13,2.84,3.1,0.2937
2018-03-14,2.81,3.05,0.2775
2018-03-15,2.82,3.05,0.2729
2018-03-16,2.85,3.08,0.2797
2018-03-19,2.85,3.09,0.2788
2018-03-20,2.89,3.12,0.2913
2018-03-21,2.89,3.12,0.2993
2018-03-22,2.83,3.06,0.2806
2018-03-23,2.82,3.06,0.2708
2018-03-26,2.85,3.08,0.2779
2018-03-27,2.78,3.03,0.251
2018-03-28,2.77,3.01,0.2479
2018-03-29,2.74,2.97,0.235
2018-04-02,2.73,2.97,0.2252
2018-04-03,2.79,3.02,0.2439
2018-04-04,2.79,3.03,0.2548
2018-04-05,2.83,3.07,0.2701
2018-04-06,2.77,3.01,0.2515
2018-04-09,2.78,3.02,0.2496
2018-04-10,2.8,3.02,0.2569
2018-04-11,2.79,2.99,0.2526
2018-04-12,2.83,3.05,0.2719
2018-04-13,2.82,3.03,0.2731
2018-04-16,2.83,3.03,0.2736
2018-04-17,2.82,3.0,0.2662
2018-04-18,2.87,3.06,0.2833
2018-04-19,2.92,3.11,0.3036
2018-04-20,2.96,3.14,0.3251
2018-04-23,2.98,3.15,0.3371
2018-04-24,3.0,3.18,0.3415
2018-04-25,3.03,3.21,0.3548
2018-04-26,3.0,3.18,0.3513
2018-04-27,2.96,3.13,0.3396
2018-04-30,2.95,3.11,0.3293
2018-05-01,2.97,3.13,0.3333
2018-05-02,2.97,3.14,0.3324
2018-05-03,2.94,3.12,0.324
2018-05-04,2.95,3.12,0.3269
2018-05-07,2.95,3.12,0.3264
2018-05-08,2.97,3.13,0.3339
2018-05-09,3.0,3.16,0.3463
2018-05-10,2.97,3.12,0.3419
2018-05-11,2.97,3.1,0.3386
2018-05-14,3.0,3.13,0.342
2018-05-15,3.08,3.2,0.3721
2018-05-16,3.09,3.21,0.3866
2018-05-17,3.11,3.25,0.395
2018-05-18,3.06,3.2,0.381
2018-05-21,3.06,3.2,0.3743
2018-05-22,3.06,3.21,0.3719
2018-05-23,3.01,3.17,0.3486
2018-05-24,2.98,3.13,0.3338
2018-05-25,2.93,3.09,0.3136
2018-05-29,2.77,2.96,0.2376
2018-05-30,2.84,3.01,0.2491
2018-05-31,2.83,3.0,0.2481
2018-06-01,2.89,3.04,0.2734
2018-06-04,2.94,3.08,0.2935
2018-06-05,2.92,3.07,0.2867
2018-06-06,2.97,3.13,0.3083
2018-06-07,2.93,3.08,0.2972
2018-06-08,2.93,3.08,0.2956
2018-06-11,2.96,3.1,0.3049
2018-06-12,2.96,3.09,0.3137
2018-06-13,2.98,3.1,0.3279
2018-06-14,2.94,3.05,0.3165
2018-06-15,2.93,3.05,0.3103
2018-06-18,2.92,3.05,0.3045
2018-06-19,2.89,3.02,0.2877
2018-06-20,2.93,3.06,0.2972
2018-06-21,2.9,3.04,0.2888
2018-06-22,2.9,3.04,0.2883
2018-06-25,2.87,3.02,0.2763
2018-06-26,2.88,3.03,0.2733
2018-06-27,2.83,2.97,0.2558
2018-06-28,2.84,2.97,0.2571
2018-06-29,2.85,2.98,0.2603
2018-07-02,2.87,2.99,0.2638
2018-07-03,2.83,2.96,0.2505
2018-07-05,2.84,2.95,0.2507
2018-07-06,2.82,2.94,0.2429
2018-07-09,2.86,2.96,0.2529
2018-07-10,2.87,2.97,0.2599
2018-07-11,2.85,2.95,0.2534
2018-07-12,2.85,2.95,0.2534
2018-07-13,2.83,2.94,0.2443
2018-07-16,2.85,2.96,0.2457
2018-07-17,2.86,2.97,0.2495
2018-07-18,2.88,2.99,0.254
2018-07-19,2.84,2.96,0.2441
2018-07-20,2.89,3.03,0.2591
2018-07-23,2.96,3.1,0.2889
2018-07-24,2.95,3.08,0.291
2018-07-25,2.94,3.06,0.289
2018-07-26,2.98,3.1,0.3089
2018-07-27,2.96,3.09,0.3051
2018-07-30,2.98,3.11,0.3056
2018-07-31,2.96,3.08,0.2979
2018-08-01,3.0,3.13,0.3112
2018-08-02,2.98,3.12,0.3074
2018-08-03,2.95,3.09,0.2933
2018-08-06,2.94,3.08,0.2813
2018-08-07,2.98,3.12,0.2908
2018-08-08,2.96,3.12,0.2914
2018-08-09,2.93,3.08,0.2767
2018-08-10,2.87,3.03,0.2508
2018-08-13,2.88,3.05,0.2432
2018-08-14,2.89,3.06,0.2464
2018-08-15,2.86,3.03,0.2337
2018-08-16,2.87,3.03,0.2353
2018-08-17,2.87,3.03,0.2357
2018-08-20,2.82,2.99,0.2156
2018-08-21,2.85,3.0,0.2183
2018-08-22,2.82,2.99,0.2095
2018-08-23,2.82,2.97,0.2084
2018-08-24,2.82,2.97,0.2097
2018-08-27,2.85,3.0,0.2165
2018-08-28,2.88,3.03,0.2295
2018-08-29,2.89,3.02,0.2347
2018-08-30,2.86,3.0,0.2242
2018-08-31,2.86,3.02,0.2206
2018-09-04,2.9,3.07,0.2335
2018-09-05,2.9,3.08,0.2343
2018-09-06,2.88,3.06,0.2277
2018-09-07,2.94,3.11,0.2523
2018-09-10,2.94,3.09,0.2544
2018-09-11,2.98,3.13,0.272
2018-09-12,2.97,3.11,0.2709
2018-09-13,2.97,3.11,0.2717
2018-09-14,2.99,3.13,0.283
2018-09-17,2.99,3.13,0.2829
2018-09-18,3.05,3.2,0.3029
2018-09-19,3.08,3.23,0.3183
2018-09-20,3.07,3.21,0.3206
2018-09-21,3.07,3.2,0.3188
2018-09-24,3.08,3.21,0.3192
2018-09-25,3.1,3.23,0.3262
2018-09-26,3.06,3.19,0.3161
2018-09-27,3.06,3.19,0.3136
2018-09-28,3.05,3.19,0.3096
2018-10-01,3.09,3.24,0.3163
2018-10-02,3.05,3.2,0.3056
2018-10-03,3.15,3.3,0.336
2018-10-04,3.19,3.35,0.3613
2018-10-05,3.23,3.4,0.3826
2018-10-09,3.21,3.37,0.3767
2018-10-10,3.22,3.39,0.3751
2018-10-11,3.14,3.32,0.3502
2018-10-12,3.15,3.32,0.3435
2018-10-15,3.16,3.34,0.3427
2018-10-16,3.16,3.32,0.3409
2018-10-17,3.19,3.35,0.3506
2018-10-18,3.17,3.36,0.3459
2018-10-19,3.2,3.38,0.357
2018-10-22,3.2,3.38,0.3544
2018-10-23,3.17,3.37,0.342
2018-10-24,3.1,3.33,0.3089
2018-10-25,3.14,3.35,0.316
2018-10-26,3.08,3.32,0.293
2018-10-29,3.08,3.33,0.2856
2018-10-30,3.12,3.36,0.2978
2018-10-31,3.15,3.39,0.316
2018-11-01,3.14,3.38,0.3154
2018-11-02,3.22,3.46,0.346
2018-11-05,3.2,3.43,0.3451
2018-11-06,3.22,3.43,0.3517
2018-11-07,3.22,3.43,0.3569
2018-11-08,3.24,3.43,0.3671
2018-11-09,3.19,3.4,0.3512
2018-11-13,3.14,3.36,0.3214
2018-11-14,3.12,3.35,0.3031
2018-11-15,3.11,3.36,0.2935
2018-11-16,3.08,3.33,0.278
2018-11-19,3.06,3.32,0.2638
2018-11-20,3.06,3.31,0.2612
2018-11-21,3.06,3.31,0.2632
2018-11-23,3.05,3.31,0.2569
2018-11-26,3.07,3.32,0.2619
2018-11-27,3.06,3.32,0.2596
2018-11-28,3.06,3.34,0.2516
2018-11-29,3.03,3.33,0.2469
2018-11-30,3.01,3.3,0.238
2018-12-03,2.98,3.27,0.2277
2018-12-04,2.91,3.16,0.1935
2018-12-06,2.87,3.14,0.1682
2018-12-07,2.85,3.14,0.1482
2018-12-10,2.85,3.13,0.1409
2018-12-11,2.89,3.13,0.1564
2018-12-12,2.91,3.15,0.1647
2018-12-13,2.91,3.16,0.1616
2018-12-14,2.89,3.14,0.154
2018-12-17,2.86,3.11,0.1383
2018-12-18,2.82,3.07,0.1231
2018-12-19,2.77,3.0,0.1022
2018-12-20,2.79,3.02,0.1073
2018-12-21,2.79,3.03,0.106
2018-12-24,2.74,3.0,0.0817
2018-12-26,2.81,3.06,0.1042
2018-12-27,2.77,3.05,0.0923
2018-12-28,2.72,3.04,0.0734
2018-12-31,2.69,3.02,0.0497
2019-01-02,2.66,2.97,0.0327
2019-01-03,2.56,2.92,-0.0143
2019-01-04,2.67,2.98,0.0184
2019-01-07,2.7,2.99,0.0371
2019-01-08,2.73,3.0,0.0535
2019-01-09,2.74,3.03,0.0587
2019-01-10,2.74,3.06,0.0618
2019-01-11,2.71,3.04,0.0524
2019-01-14,2.71,3.06,0.0495
2019-01-15,2.72,3.08,0.0508
2019-01-16,2.73,3.07,0.0587
2019-01-17,2.75,3.07,0.0738
2019-01-18,2.79,3.09,0.0942
2019-01-22,2.74,3.06,0.0792
2019-01-23,2.76,3.07,0.0816
2019-01-24,2.72,3.04,0.0703
2019-01-25,2.76,3.06,0.0817
2019-01-28,2.75,3.06,0.0793
2019-01-29,2.72,3.04,0.0641
2019-01-30,2.7,3.06,0.048
2019-01-31,2.63,2.99,0.0182
2019-02-01,2.7,3.03,0.0421
2019-02-04,2.73,3.06,0.059
2019-02-05,2.71,3.03,0.0549
2019-02-06,2.7,3.03,0.0496
2019-02-07,2.65,3.0,0.0302
2019-02-08,2.63,2.97,0.0182
2019-02-11,2.65,3.0,0.0231
2019-02-12,2.68,3.02,0.0351
2019-02-13,2.71,3.04,0.0497
2019-02-14,2.66,3.01,0.0336
2019-02-15,2.66,3.0,0.0337
2019-02-19,2.65,2.99,0.0243
2019-02-20,2.65,3.0,0.0211
2019-02-21,2.69,3.05,0.0351
2019-02-22,2.65,3.02,0.0245
2019-02-25,2.67,3.03,0.0268
2019-02-26,2.64,3.01,0.0158
2019-02-27,2.69,3.07,0.0319
2019-02-28,2.73,3.09,0.052
2019-03-01,2.76,3.13,0.0728
2019-03-04,2.72,3.09,0.0619
2019-03-05,2.72,3.08,0.0574
2019-03-06,2.69,3.06,0.0415
2019-03-07,2.64,3.03,0.0184
2019-03-08,2.62,3.0,0.0042
2019-03-11,2.64,3.03,0.0063
2019-03-12,2.61,3.0,-0.0064
2019-03-13,2.61,3.02,-0.0073
2019-03-14,2.63,3.04,0.0006
2019-03-15,2.59,3.02,-0.0109
2019-03-18,2.6,3.01,-0.0072
2019-03-19,2.61,3.02,-0.0046
2019-03-20,2.54,2.98,-0.0326
2019-03-21,2.54,2.96,-0.0408
2019-03-22,2.44,2.88,-0.0806
2019-03-25,2.43,2.87,-0.101
2019-03-26,2.41,2.86,-0.1151
2019-03-27,2.39,2.83,-0.1227
2019-03-28,2.39,2.81,-0.1167
2019-03-29,2.41,2.81,-0.105
2019-04-01,2.49,2.89,-0.0705
2019-04-02,2.48,2.88,-0.0685
2019-04-03,2.52,2.93,-0.0526
2019-04-04,2.51,2.92,-0.0513
2019-04-05,2.5,2.91,-0.0535
2019-04-08,2.52,2.93,-0.0475
2019-04-09,2.51,2.92,-0.0523
2019-04-10,2.48,2.9,-0.066
2019-04-11,2.51,2.94,-0.0564
2019-04-12,2.56,2.97,-0.0306
2019-04-15,2.55,2.96,-0.0276
2019-04-16,2.6,2.99,-0.011
2019-04-17,2.59,2.99,-0.0073
2019-04-18,2.57,2.96,-0.0164
2019-04-22,2.59,2.99,-0.0106
2019-04-23,2.57,2.98,-0.018
2019-04-24,2.53,2.94,-0.0385
2019-04-25,2.54,2.94,-0.0381
2019-04-26,2.51,2.92,-0.0511
2019-04-29,2.54,2.96,-0.0433
2019-04-30,2.51,2.93,-0.0546
2019-05-01,2.52,2.92,-0.0475
2019-05-02,2.55,2.94,-0.0351
2019-05-03,2.54,2.93,-0.0372
2019-05-06,2.51,2.91,-0.0505
2019-05-07,2.45,2.86,-0.0733
2019-05-08,2.49,2.89,-0.0654
2019-05-09,2.45,2.87,-0.0786
2019-05-10,2.47,2.89,-0.0747
2019-05-13,2.4,2.83,-0.1033
2019-05-14,2.42,2.86,-0.0998
2019-05-15,2.37,2.82,-0.1189
2019-05-16,2.4,2.84,-0.1123
2019-05-17,2.39,2.82,-0.1128
2019-05-20,2.41,2.83,-0.1013
2019-05-21,2.43,2.84,-0.0886
2019-05-22,2.39,2.82,-0.1011
2019-05-23,2.31,2.75,-0.1376
2019-05-24,2.32,2.75,-0.1384
2019-05-28,2.26,2.7,-0.1628
2019-05-29,2.25,2.69,-0.1745
2019-05-30,2.22,2.65,-0.1915
2019-05-31,2.14,2.58,-0.2298
2019-06-03,2.07,2.53,-0.2718
2019-06-04,2.12,2.6,-0.2538
2019-06-05,2.12,2.63,-0.2525
2019-06-06,2.12,2.62,-0.241
2019-06-07,2.09,2.57,-0.2477
2019-06-10,2.15,2.62,-0.2238
2019-06-11,2.15,2.62,-0.2141
2019-06-12,2.13,2.62,-0.2237
2019-06-13,2.1,2.61,-0.2359
2019-06-14,2.09,2.59,-0.2359
2019-06-17,2.09,2.58,-0.2378
2019-06-18,2.06,2.55,-0.2491
2019-06-19,2.03,2.54,-0.2678
2019-06-20,2.01,2.53,-0.2728
2019-06-21,2.07,2.59,-0.2448
2019-06-24,2.02,2.55,-0.2584
2019-06-25,2.0,2.53,-0.2686
2019-06-26,2.05,2.57,-0.2492
2019-06-27,2.01,2.52,-0.2617
2019-06-28,2.0,2.52,-0.268
2019-07-01,2.03,2.55,-0.2605
2019-07-02,1.98,2.51,-0.279
2019-07-03,1.96,2.47,-0.293
2019-07-05,2.04,2.54,-0.261
2019-07-08,2.05,2.53,-0.2542
2019-07-09,2.07,2.54,-0.245
2019-07-10,2.07,2.57,-0.25
2019-07-11,2.13,2.65,-0.2223
2019-07-12,2.12,2.64,-0.2167
2019-07-15,2.09,2.61,-0.2203
2019-07-16,2.13,2.63,-0.2059
2019-07-17,2.06,2.57,-0.2246
2019-07-18,2.04,2.56,-0.2418
2019-07-19,2.05,2.57,-0.2372
2019-07-22,2.05,2.58,-0.2363
2019-07-23,2.08,2.61,-0.2277
2019-07-24,2.05,2.58,-0.235
2019-07-25,2.08,2.6,-0.227
2019-07-26,2.08,2.59,-0.2268
2019-07-29,2.06,2.59,-0.2357
2019-07-30,2.06,2.58,-0.2347
2019-07-31,2.02,2.53,-0.2398
2019-08-01,1.9,2.44,-0.2996
2019-08-02,1.86,2.39,-0.3223
2019-08-05,1.75,2.3,-0.3719
2019-08-06,1.73,2.25,-0.391
2019-08-07,1.71,2.22,-0.399
2019-08-08,1.72,2.25,-0.3943
2019-08-09,1.74,2.26,-0.3813
2019-08-12,1.65,2.14,-0.4119
2019-08-13,1.68,2.15,-0.3974
2019-08-14,1.59,2.03,-0.422
2019-08-15,1.52,1.98,-0.4539
2019-08-16,1.55,2.01,-0.4504
2019-08-19,1.6,2.08,-0.4303
2019-08-20,1.55,2.04,-0.4469
2019-08-21,1.59,2.07,-0.4336
2019-08-22,1.62,2.11,-0.4231
2019-08-23,1.52,2.02,-0.4583
2019-08-26,1.54,2.04,-0.4583
2019-08-27,1.49,1.97,-0.4786
2019-08-28,1.47,1.94,-0.491
2019-08-29,1.5,1.97,-0.4814
2019-08-30,1.5,1.96,-0.4838
2019-09-03,1.47,1.95,-0.4967
2019-09-04,1.47,1.97,-0.5043
2019-09-05,1.57,2.06,-0.4616
2019-09-06,1.55,2.02,-0.4557
2019-09-09,1.63,2.11,-0.4246
2019-09-10,1.72,2.19,-0.3798
2019-09-11,1.75,2.22,-0.3596
2019-09-12,1.79,2.22,-0.3348
2019-09-13,1.9,2.37,-0.2862
2019-09-16,1.84,2.31,-0.2994
2019-09-17,1.81,2.27,-0.3146
2019-09-18,1.8,2.25,-0.312
2019-09-19,1.79,2.22,-0.3195
2019-09-20,1.74,2.17,-0.3399
2019-09-23,1.72,2.16,-0.3567
2019-09-24,1.64,2.09,-0.3907
2019-09-25,1.73,2.18,-0.3628
2019-09-26,1.7,2.15,-0.3579
2019-09-27,1.69,2.13,-0.3619
2019-09-30,1.68,2.12,-0.3677
2019-10-01,1.65,2.11,-0.3801
2019-10-02,1.6,2.09,-0.4011
2019-10-03,1.54,2.04,-0.4267
2019-10-04,1.52,2.01,-0.4325
2019-10-07,1.56,2.05,-0.4193
2019-10-08,1.54,2.04,-0.4255
2019-10-09,1.59,2.08,-0.4046
2019-10-10,1.67,2.16,-0.3669
2019-10-11,1.76,2.22,-0.3152
2019-10-15,1.77,2.23,-0.2986
2019-10-16,1.75,2.23,-0.3006
2019-10-17,1.76,2.24,-0.2951
2019-10-18,1.76,2.25,-0.2953
2019-10-21,1.8,2.28,-0.2787
2019-10-22,1.78,2.26,-0.2791
2019-10-23,1.77,2.25,-0.2828
2019-10-24,1.77,2.26,-0.2821
2019-10-25,1.8,2.29,-0.2698
2019-10-28,1.85,2.34,-0.2484
2019-10-29,1.84,2.33,-0.2436
2019-10-30,1.78,2.26,-0.2618
2019-10-31,1.69,2.17,-0.2973
2019-11-01,1.73,2.21,-0.2878
2019-11-04,1.79,2.27,-0.2626
2019-11-05,1.86,2.34,-0.2293
2019-11-06,1.81,2.3,-0.2353
2019-11-07,1.92,2.4,-0.1912
2019-11-08,1.94,2.43,-0.173
2019-11-12,1.92,2.39,-0.1783
2019-11-13,1.88,2.36,-0.196
2019-11-14,1.82,2.31,-0.2227
2019-11-15,1.84,2.31,-0.2231
2019-11-18,1.81,2.3,-0.2335
2019-11-19,1.79,2.26,-0.2429
2019-11-20,1.73,2.2,-0.266
2019-11-21,1.77,2.24,-0.2559
2019-11-22,1.77,2.22,-0.2539
2019-11-25,1.76,2.21,-0.2586
2019-11-26,1.74,2.18,-0.2715
2019-11-27,1.77,2.19,-0.2612
2019-11-29,1.78,2.21,-0.2569
2019-12-02,1.83,2.28,-0.2392
2019-12-03,1.72,2.17,-0.2759
2019-12-04,1.77,2.22,-0.2605
2019-12-05,1.8,2.24,-0.2453
2019-12-06,1.84,2.29,-0.2216
2019-12-09,1.83,2.27,-0.218
2019-12-10,1.85,2.26,-0.2118
2019-12-11,1.79,2.23,-0.2311
2019-12-12,1.9,2.32,-0.1952
2019-12-13,1.82,2.26,-0.2164
2019-12-16,1.89,2.3,-0.1979
2019-12-17,1.89,2.31,-0.1934
2019-12-18,1.92,2.35,-0.1788
2019-12-19,1.92,2.35,-0.1771
2019-12-20,1.92,2.34,-0.1749
2019-12-23,1.93,2.35,-0.1713
2019-12-24,1.9,2.33,-0.1823
2019-12-26,1.9,2.33,-0.1855
2019-12-27,1.88,2.32,-0.1986
2019-12-30,1.9,2.34,-0.1981
2019-12-31,1.92,2.39,-0.1876
2020-01-02,1.88,2.33,-0.1979
2020-01-03,1.8,2.26,-0.2283
2020-01-06,1.81,2.28,-0.2336
2020-01-07,1.83,2.31,-0.2286
2020-01-08,1.87,2.35,-0.2099
2020-01-09,1.85,2.38,-0.213
2020-01-10,1.83,2.28,-0.2218
2020-01-13,1.85,2.3,-0.2199
2020-01-14,1.82,2.27,-0.2308
2020-01-15,1.79,2.23,-0.2469
2020-01-16,1.81,2.26,-0.2403
2020-01-17,1.84,2.29,-0.2327
2020-01-21,1.78,2.23,-0.253
2020-01-22,1.77,2.22,-0.2595
2020-01-23,1.74,2.18,-0.2737
2020-01-24,1.7,2.14,-0.2922
2020-01-27,1.61,2.05,-0.3335
2020-01-28,1.65,2.1,-0.3319
2020-01-29,1.6,2.05,-0.3544
2020-01-30,1.57,2.04,-0.3707
2020-01-31,1.51,1.99,-0.3998
2020-02-03,1.54,2.01,-0.3972
2020-02-04,1.61,2.08,-0.3693
2020-02-05,1.66,2.14,-0.3428
2020-02-06,1.65,2.11,-0.3407
2020-02-07,1.59,2.05,-0.3592
2020-02-10,1.56,2.03,-0.3781
2020-02-11,1.59,2.05,-0.3705
2020-02-12,1.62,2.09,-0.3513
2020-02-13,1.61,2.07,-0.3518
2020-02-14,1.59,2.04,-0.3597
2020-02-18,1.55,2.0,-0.3751
2020-02-19,1.56,2.01,-0.3732
2020-02-20,1.52,1.97,-0.3901
2020-02-21,1.46,1.9,-0.4188
2020-02-24,1.38,1.84,-0.4565
2020-02-25,1.33,1.8,-0.4858
2020-02-26,1.33,1.81,-0.493
2020-02-27,1.3,1.79,-0.4994
2020-02-28,1.13,1.65,-0.5573
2020-03-02,1.1,1.66,-0.5512
2020-03-03,1.02,1.64,-0.5637
2020-03-04,1.02,1.67,-0.5392
2020-03-05,0.92,1.56,-0.5438
2020-03-06,0.74,1.25,-0.5686
2020-03-09,0.54,0.99,-0.6096
2020-03-10,0.76,1.28,-0.5344
2020-03-11,0.82,1.3,-0.508
2020-03-12,0.88,1.49,-0.4737
2020-03-13,0.94,1.56,-0.4354
2020-03-16,0.73,1.34,-0.5043
2020-03-17,1.02,1.63,-0.4117
2020-03-18,1.18,1.77,-0.3004
2020-03-19,1.12,1.78,-0.291
2020-03-20,0.92,1.55,-0.3546
2020-03-23,0.76,1.33,-0.4429
2020-03-24,0.84,1.39,-0.4242
2020-03-25,0.88,1.45,-0.4159
2020-03-26,0.83,1.42,-0.43
2020-03-27,0.72,1.29,-0.4761
2020-03-30,0.7,1.31,-0.5058
2020-03-31,0.7,1.35,-0.5203
2020-04-01,0.62,1.27,-0.5479
2020-04-02,0.63,1.26,-0.5509
2020-04-03,0.62,1.24,-0.5542
2020-04-06,0.67,1.27,-0.5392
2020-04-07,0.75,1.32,-0.5176
2020-04-08,0.77,1.37,-0.5156
2020-04-09,0.73,1.35,-0.5377
2020-04-13,0.76,1.39,-0.5347
2020-04-14,0.76,1.41,-0.5371
2020-04-15,0.63,1.27,-0.574
2020-04-16,0.61,1.21,-0.584
2020-04-17,0.65,1.27,-0.5717
2020-04-20,0.63,1.23,-0.5767
2020-04-21,0.58,1.17,-0.5885
2020-04-22,0.63,1.22,-0.5768
2020-04-23,0.61,1.18,-0.5776
2020-04-24,0.6,1.17,-0.5799
2020-04-27,0.67,1.25,-0.561
2020-04-28,0.62,1.2,-0.5715
2020-04-29,0.63,1.24,-0.5744
2020-04-30,0.64,1.28,-0.5691
2020-05-01,0.64,1.27,-0.5682
2020-05-04,0.64,1.29,-0.5728
2020-05-05,0.66,1.32,-0.5703
2020-05-06,0.72,1.41,-0.5556
2020-05-07,0.63,1.31,-0.5848
2020-05-08,0.69,1.39,-0.5736
2020-05-11,0.73,1.43,-0.5593
2020-05-12,0.69,1.38,-0.5674
2020-05-13,0.64,1.35,-0.583
2020-05-14,0.63,1.3,-0.5918
2020-05-15,0.64,1.32,-0.5894
2020-05-18,0.73,1.44,-0.56
2020-05-19,0.7,1.43,-0.5629
2020-05-20,0.68,1.4,-0.5684
2020-05-21,0.68,1.4,-0.5698
2020-05-22,0.66,1.37,-0.5787
2020-05-26,0.69,1.43,-0.5722
2020-05-27,0.68,1.44,-0.5768
2020-05-28,0.7,1.47,-0.5741
2020-05-29,0.65,1.41,-0.5904
2020-06-01,0.66,1.46,-0.5922
2020-06-02,0.68,1.48,-0.5869
2020-06-03,0.77,1.56,-0.5583
2020-06-04,0.82,1.61,-0.5345
2020-06-05,0.91,1.68,-0.4952
2020-06-08,0.88,1.65,-0.4925
2020-06-09,0.84,1.59,-0.5105
2020-06-10,0.75,1.53,-0.5455
2020-06-11,0.66,1.41,-0.5767
2020-06-12,0.71,1.45,-0.576
2020-06-15,0.71,1.45,-0.5773
2020-06-16,0.75,1.54,-0.5665
2020-06-17,0.74,1.52,-0.5676
2020-06-18,0.71,1.47,-0.5748
2020-06-19,0.7,1.47,-0.5772
2020-06-22,0.71,1.46,-0.5763
2020-06-23,0.72,1.49,-0.5756
2020-06-24,0.69,1.44,-0.5837
2020-06-25,0.68,1.43,-0.5852
2020-06-26,0.64,1.37,-0.5986
2020-06-29,0.64,1.39,-0.6082
2020-06-30,0.66,1.41,-0.6055
2020-07-01,0.69,1.43,-0.5934
2020-07-02,0.68,1.43,-0.5953
2020-07-06,0.69,1.45,-0.5905
2020-07-07,0.65,1.38,-0.6023
2020-07-08,0.67,1.39,-0.6027
2020-07-09,0.62,1.32,-0.6144
2020-07-10,0.65,1.33,-0.6057
2020-07-13,0.64,1.33,-0.6074
2020-07-14,0.63,1.3,-0.6126
2020-07-15,0.64,1.33,-0.6127
2020-07-16,0.62,1.31,-0.6139
2020-07-17,0.64,1.33,-0.609
2020-07-20,0.62,1.32,-0.611
2020-07-21,0.61,1.31,-0.6176
2020-07-22,0.6,1.29,-0.6206
2020-07-23,0.59,1.24,-0.6238
2020-07-24,0.59,1.23,-0.6238
2020-07-27,0.62,1.25,-0.6158
2020-07-28,0.59,1.22,-0.6253
2020-07-29,0.58,1.24,-0.6309
2020-07-30,0.55,1.2,-0.6417
2020-07-31,0.55,1.2,-0.6471
2020-08-03,0.56,1.23,-0.6458
2020-08-04,0.52,1.19,-0.6587
2020-08-05,0.55,1.22,-0.6519
2020-08-06,0.55,1.2,-0.6527
2020-08-07,0.57,1.23,-0.6443
2020-08-10,0.59,1.25,-0.6385
2020-08-11,0.64,1.32,-0.6187
2020-08-12,0.69,1.37,-0.5991
2020-08-13,0.71,1.42,-0.5826
2020-08-14,0.71,1.45,-0.581
2020-08-17,0.69,1.43,-0.5868
2020-08-18,0.67,1.4,-0.5933
2020-08-19,0.68,1.42,-0.5932
2020-08-20,0.65,1.38,-0.6026
2020-08-21,0.64,1.35,-0.6063
2020-08-24,0.65,1.35,-0.6037
2020-08-25,0.69,1.39,-0.5933
2020-08-26,0.69,1.41,-0.5889
2020-08-27,0.74,1.5,-0.5721
2020-08-28,0.74,1.52,-0.5723
2020-08-31,0.72,1.49,-0.5781
2020-09-01,0.68,1.43,-0.5926
2020-09-02,0.66,1.38,-0.6008
2020-09-03,0.63,1.34,-0.614
2020-09-04,0.72,1.46,-0.5878
2020-09-08,0.69,1.43,-0.5932
2020-09-09,0.71,1.45,-0.5913
2020-09-10,0.68,1.43,-0.5975
2020-09-11,0.67,1.42,-0.6019
2020-09-14,0.68,1.42,-0.6009
2020-09-15,0.68,1.43,-0.6001
2020-09-16,0.69,1.45,-0.5961
2020-09-17,0.69,1.43,-0.5935
2020-09-18,0.7,1.45,-0.589
2020-09-21,0.68,1.43,-0.5938
2020-09-22,0.68,1.42,-0.5971
2020-09-23,0.68,1.42,-0.5968
2020-09-24,0.67,1.4,-0.5983
2020-09-25,0.66,1.4,-0.6024
2020-09-28,0.67,1.42,-0.6034
2020-09-29,0.66,1.41,-0.6068
2020-09-30,0.69,1.46,-0.5978
2020-10-01,0.68,1.45,-0.5961
2020-10-02,0.7,1.48,-0.5889
2020-10-05,0.78,1.57,-0.5618
2020-10-06,0.76,1.56,-0.5601
2020-10-07,0.81,1.6,-0.5446
2020-10-08,0.78,1.57,-0.5497
2020-10-09,0.79,1.58,-0.5449
2020-10-13,0.74,1.52,-0.5607
2020-10-14,0.73,1.5,-0.5689
2020-10-15,0.74,1.52,-0.5662
2020-10-16,0.76,1.52,-0.5626
2020-10-19,0.78,1.55,-0.5544
2020-10-20,0.81,1.6,-0.5427
2020-10-21,0.83,1.62,-0.5322
2020-10-22,0.87,1.67,-0.5141
2020-10-23,0.85,1.64,-0.5131
2020-10-26,0.81,1.59,-0.525
2020-10-27,0.79,1.57,-0.5352
2020-10-28,0.79,1.56,-0.5381
2020-10-29,0.85,1.62,-0.5198
2020-10-30,0.88,1.65,-0.5045
2020-11-02,0.87,1.63,-0.5034
2020-11-03,0.9,1.66,-0.4944
2020-11-04,0.78,1.55,-0.5281
2020-11-05,0.79,1.54,-0.5356
2020-11-06,0.83,1.6,-0.5249
2020-11-09,0.96,1.73,-0.4818
2020-11-10,0.98,1.75,-0.4599
2020-11-12,0.88,1.64,-0.485
2020-11-13,0.89,1.65,-0.4863
2020-11-16,0.91,1.66,-0.4837
2020-11-17,0.87,1.62,-0.4956
2020-11-18,0.88,1.62,-0.4932
2020-11-19,0.86,1.58,-0.4987
2020-11-20,0.83,1.53,-0.506
2020-11-23,0.86,1.56,-0.5011
2020-11-24,0.88,1.6,-0.4949
2020-11-25,0.88,1.62,-0.4938
2020-11-27,0.84,1.57,-0.5053
2020-11-30,0.84,1.58,-0.5084
2020-12-01,0.92,1.66,-0.4835
2020-12-02,0.95,1.7,-0.4703
2020-12-03,0.92,1.67,-0.474
2020-12-04,0.97,1.73,-0.4621
2020-12-07,0.94,1.69,-0.4708
2020-12-08,0.92,1.67,-0.4775
2020-12-09,0.95,1.69,-0.4707
2020-12-10,0.92,1.65,-0.4793
2020-12-11,0.9,1.63,-0.4893
2020-12-14,0.9,1.63,-0.4924
2020-12-15,0.92,1.65,-0.4865
2020-12-16,0.92,1.66,-0.4854
2020-12-17,0.94,1.68,-0.4794
2020-12-18,0.95,1.7,-0.4747
2020-12-21,0.95,1.68,-0.4728
2020-12-22,0.93,1.65,-0.4808
2020-12-23,0.96,1.7,-0.4728
2020-12-24,0.94,1.66,-0.4771
2020-12-28,0.94,1.67,-0.4799
2020-12-29,0.94,1.67,-0.4805
2020-12-30,0.93,1.66,-0.4819
2020-12-31,0.93,1.65,-0.4849
2021-01-04,0.93,1.66,-0.4881
2021-01-05,0.96,1.7,-0.4793
2021-01-06,1.04,1.81,-0.4475
2021-01-07,1.08,1.85,-0.4236
2021-01-08,1.13,1.87,-0.4005
2021-01-11,1.15,1.88,-0.3852
2021-01-12,1.15,1.88,-0.3809
2021-01-13,1.1,1.82,-0.3927
2021-01-14,1.15,1.88,-0.3834
2021-01-15,1.11,1.85,-0.3951
2021-01-19,1.1,1.84,-0.4013
2021-01-20,1.1,1.84,-0.4036
2021-01-21,1.12,1.87,-0.3986
2021-01-22,1.1,1.85,-0.4035
2021-01-25,1.05,1.8,-0.4199
2021-01-26,1.05,1.8,-0.4235
2021-01-27,1.04,1.79,-0.4295
2021-01-28,1.07,1.81,-0.4219
2021-01-29,1.11,1.87,-0.4041
2021-02-01,1.09,1.84,-0.409
2021-02-02,1.12,1.87,-0.3998
2021-02-03,1.15,1.92,-0.3854
2021-02-04,1.15,1.93,-0.3787
2021-02-05,1.19,1.97,-0.3671
2021-02-08,1.19,1.96,-0.3611
2021-02-09,1.18,1.95,-0.3611
2021-02-10,1.15,1.92,-0.3721
2021-02-11,1.16,1.94,-0.3723
2021-02-12,1.2,2.01,-0.3555
2021-02-16,1.3,2.08,-0.3167
2021-02-17,1.29,2.06,-0.3047
2021-02-18,1.29,2.08,-0.2999
2021-02-19,1.34,2.14,-0.281
2021-02-22,1.37,2.19,-0.2651
2021-02-23,1.37,2.21,-0.262
2021-02-24,1.38,2.24,-0.2515
2021-02-25,1.54,2.33,-0.1743
2021-02-26,1.44,2.17,-0.1807
2021-03-01,1.45,2.23,-0.19
2021-03-02,1.42,2.21,-0.2057
2021-03-03,1.47,2.25,-0.1887
2021-03-04,1.54,2.3,-0.1585
2021-03-05,1.56,2.28,-0.1425
2021-03-08,1.59,2.31,-0.1189
2021-03-09,1.55,2.26,-0.1271
2021-03-10,1.53,2.24,-0.1398
2021-03-11,1.54,2.29,-0.143
2021-03-12,1.64,2.4,-0.1082
2021-03-15,1.62,2.37,-0.1034
2021-03-16,1.62,2.38,-0.1021
2021-03-17,1.63,2.42,-0.1044
2021-03-18,1.71,2.45,-0.0738
2021-03-19,1.74,2.45,-0.0515
2021-03-22,1.69,2.38,-0.061
2021-03-23,1.63,2.34,-0.0808
2021-03-24,1.62,2.31,-0.093
2021-03-25,1.63,2.34,-0.0944
2021-03-26,1.67,2.37,-0.0804
2021-03-29,1.73,2.43,-0.0587
2021-03-30,1.73,2.38,-0.0481
2021-03-31,1.74,2.41,-0.0374
2021-04-01,1.69,2.34,-0.0473
2021-04-02,1.72,2.35,-0.0318
2021-04-05,1.73,2.36,-0.0335
2021-04-06,1.67,2.32,-0.0569
2021-04-07,1.68,2.35,-0.0623
2021-04-08,1.64,2.32,-0.078
2021-04-09,1.67,2.34,-0.0716
2021-04-12,1.69,2.34,-0.0639
2021-04-13,1.64,2.32,-0.0816
2021-04-14,1.64,2.32,-0.0809
2021-04-15,1.56,2.23,-0.1094
2021-04-16,1.59,2.26,-0.1065
2021-04-19,1.61,2.29,-0.1005
2021-04-20,1.58,2.27,-0.1124
2021-04-21,1.57,2.26,-0.1189
2021-04-22,1.57,2.24,-0.1217
2021-04-23,1.58,2.25,-0.1149
2021-04-26,1.58,2.24,-0.1114
2021-04-27,1.63,2.29,-0.094
2021-04-28,1.63,2.29,-0.0908
2021-04-29,1.65,2.31,-0.0846
2021-04-30,1.65,2.3,-0.0826
2021-05-03,1.63,2.3,-0.0924
2021-05-04,1.61,2.27,-0.1006
2021-05-05,1.59,2.25,-0.1119
2021-05-06,1.58,2.24,-0.1159
2021-05-07,1.6,2.28,-0.1191
2021-05-10,1.63,2.32,-0.1115
2021-05-11,1.64,2.35,-0.1029
2021-05-12,1.69,2.4,-0.0765
2021-05-13,1.66,2.39,-0.0785
2021-05-14,1.63,2.35,-0.0861
2021-05-17,1.64,2.36,-0.0856
2021-05-18,1.64,2.37,-0.0878
2021-05-19,1.68,2.38,-0.0721
2021-05-20,1.63,2.34,-0.0858
2021-05-21,1.63,2.33,-0.087
2021-05-24,1.61,2.31,-0.0952
2021-05-25,1.56,2.26,-0.115
2021-05-26,1.58,2.27,-0.118
2021-05-27,1.61,2.29,-0.1089
2021-05-28,1.58,2.26,-0.1156
2021-06-01,1.62,2.3,-0.106
2021-06-02,1.59,2.28,-0.1105
2021-06-03,1.63,2.3,-0.0966
2021-06-04,1.56,2.24,-0.1173
2021-06-07,1.57,2.25,-0.121
2021-06-08,1.53,2.21,-0.1344
2021-06-09,1.5,2.17,-0.1517
2021-06-10,1.45,2.15,-0.1699
2021-06-11,1.47,2.15,-0.1681
2021-06-14,1.51,2.19,-0.1543
2021-06-15,1.51,2.2,-0.1492
2021-06-16,1.57,2.2,-0.1173
2021-06-17,1.52,2.11,-0.1198
2021-06-18,1.45,2.01,-0.1365
2021-06-21,1.5,2.11,-0.1317
2021-06-22,1.48,2.1,-0.1387
2021-06-23,1.5,2.11,-0.1332
2021-06-24,1.49,2.1,-0.1312
2021-06-25,1.54,2.16,-0.1179
2021-06-28,1.49,2.1,-0.1302
2021-06-29,1.49,2.1,-0.1336
2021-06-30,1.45,2.06,-0.1466
2021-07-01,1.48,2.07,-0.1415
2021-07-02,1.44,2.05,-0.1545
2021-07-06,1.37,2.0,-0.1832
2021-07-07,1.33,1.94,-0.2054
2021-07-08,1.3,1.91,-0.2278
2021-07-09,1.37,1.99,-0.2116
2021-07-12,1.38,2.0,-0.2032
2021-07-13,1.42,2.04,-0.1852
2021-07-14,1.37,1.98,-0.2003
2021-07-15,1.31,1.92,-0.2204
2021-07-16,1.31,1.93,-0.224
2021-07-19,1.19,1.81,-0.2673
2021-07-20,1.23,1.88,-0.2755
2021-07-21,1.3,1.94,-0.2545
2021-07-22,1.27,1.9,-0.2597
2021-07-23,1.3,1.92,-0.2523
2021-07-26,1.29,1.93,-0.2498
2021-07-27,1.25,1.89,-0.2623
2021-07-28,1.26,1.9,-0.2628
2021-07-29,1.28,1.91,-0.257
2021-07-30,1.24,1.89,-0.268
2021-08-02,1.2,1.86,-0.2882
2021-08-03,1.19,1.85,-0.2986
2021-08-04,1.19,1.83,-0.2987
2021-08-05,1.23,1.86,-0.2811
2021-08-06,1.31,1.94,-0.2517
2021-08-09,1.33,1.96,-0.2347
2021-08-10,1.36,1.99,-0.2165
2021-08-11,1.35,1.99,-0.2153
2021-08-12,1.36,2.03,-0.2063
2021-08-13,1.29,1.94,-0.2244
2021-08-16,1.26,1.92,-0.244
2021-08-17,1.26,1.92,-0.2468
2021-08-18,1.27,1.91,-0.2456
2021-08-19,1.24,1.88,-0.2518
2021-08-20,1.26,1.87,-0.2471
2021-08-23,1.25,1.87,-0.2508
2021-08-24,1.29,1.91,-0.2393
2021-08-25,1.35,1.96,-0.219
2021-08-26,1.34,1.94,-0.2119
2021-08-27,1.31,1.91,-0.2233
2021-08-30,1.29,1.9,-0.235
2021-08-31,1.3,1.92,-0.2339
2021-09-01,1.31,1.92,-0.2337
2021-09-02,1.29,1.9,-0.2369
2021-09-03,1.33,1.94,-0.2295
2021-09-07,1.38,1.99,-0.2107
2021-09-08,1.35,1.95,-0.2155
2021-09-09,1.3,1.9,-0.2268
2021-09-10,1.35,1.94,-0.2163
2021-09-13,1.33,1.91,-0.2205
2021-09-14,1.28,1.85,-0.2348
2021-09-15,1.31,1.87,-0.23
2021-09-16,1.34,1.88,-0.2146
2021-09-17,1.37,1.91,-0.1965
2021-09-20,1.31,1.85,-0.2121
2021-09-21,1.33,1.86,-0.211
2021-09-22,1.32,1.84,-0.2083
2021-09-23,1.41,1.92,-0.1731
2021-09-24,1.47,1.99,-0.1448
2021-09-27,1.48,1.99,-0.1278
2021-09-28,1.54,2.07,-0.1048
2021-09-29,1.55,2.09,-0.0969
2021-09-30,1.52,2.08,-0.1031
2021-10-01,1.48,2.04,-0.1222
2021-10-04,1.49,2.05,-0.1227
2021-10-05,1.54,2.1,-0.1072
2021-10-06,1.53,2.08,-0.1038
2021-10-07,1.58,2.13,-0.0862
2021-10-08,1.61,2.16,-0.0688
2021-10-12,1.59,2.1,-0.0653
2021-10-13,1.56,2.05,-0.0676
2021-10-14,1.52,2.02,-0.0836
2021-10-15,1.59,2.05,-0.0606
2021-10-18,1.59,2.01,-0.0499
2021-10-19,1.65,2.09,-0.0333
2021-10-20,1.65,2.12,-0.0286
2021-10-21,1.68,2.13,-0.006
2021-10-22,1.66,2.08,-0.0077
2021-10-25,1.64,2.09,-0.0183
2021-10-26,1.63,2.05,-0.0236
2021-10-27,1.54,1.95,-0.0486
2021-10-28,1.57,1.96,-0.0429
2021-10-29,1.55,1.93,-0.0441
2021-11-01,1.58,1.98,-0.0342
2021-11-02,1.56,1.96,-0.05
2021-11-03,1.6,2.0,-0.0381
2021-11-04,1.53,1.96,-0.0673
2021-11-05,1.45,1.87,-0.1019
2021-11-08,1.51,1.89,-0.0839
2021-11-09,1.46,1.83,-0.1019
2021-11-10,1.56,1.92,-0.0558
2021-11-12,1.58,1.95,-0.0373
2021-11-15,1.63,2.01,-0.0172
2021-11-16,1.63,2.02,-0.0079
2021-11-17,1.6,2.0,-0.0145
2021-11-18,1.59,1.97,-0.0226
2021-11-19,1.54,1.91,-0.0334
2021-11-22,1.63,1.98,0.0019
2021-11-23,1.67,2.02,0.0187
2021-11-24,1.64,1.96,0.0205
2021-11-26,1.48,1.83,-0.0483
2021-11-29,1.52,1.87,-0.0568
2021-11-30,1.43,1.78,-0.0822
2021-12-01,1.43,1.77,-0.0871
2021-12-02,1.44,1.76,-0.0782
2021-12-03,1.35,1.69,-0.1105
2021-12-06,1.43,1.75,-0.092
2021-12-07,1.48,1.8,-0.0694
2021-12-08,1.52,1.87,-0.0593
2021-12-09,1.49,1.87,-0.0617
2021-12-10,1.48,1.88,-0.0641
2021-12-13,1.42,1.81,-0.0822
2021-12-14,1.44,1.82,-0.0789
2021-12-15,1.47,1.86,-0.0671
2021-12-16,1.44,1.87,-0.0875
2021-12-17,1.41,1.82,-0.0967
2021-12-20,1.43,1.85,-0.1022
2021-12-21,1.48,1.89,-0.0823
2021-12-22,1.46,1.86,-0.0814
2021-12-23,1.5,1.91,-0.0698
2021-12-27,1.48,1.88,-0.0696
2021-12-28,1.49,1.9,-0.0707
2021-12-29,1.55,1.96,-0.0501
2021-12-30,1.52,1.93,-0.0548
2021-12-31,1.52,1.9,-0.0588
2022-01-03,1.63,2.01,-0.0167
2022-01-04,1.66,2.07,0.0002
2022-01-05,1.71,2.09,0.0263
2022-01-06,1.73,2.09,0.0477
2022-01-07,1.76,2.11,0.0673
2022-01-10,1.78,2.11,0.0774
2022-01-11,1.75,2.08,0.0711
2022-01-12,1.74,2.08,0.065
2022-01-13,1.7,2.05,0.0486
2022-01-14,1.78,2.12,0.0764
2022-01-18,1.87,2.18,0.1132
2022-01-19,1.83,2.14,0.1079
2022-01-20,1.83,2.14,0.1035
2022-01-21,1.75,2.07,0.0719
2022-01-24,1.75,2.1,0.0584
2022-01-25,1.78,2.12,0.0662
2022-01-26,1.85,2.16,0.1015
2022-01-27,1.81,2.09,0.0994
2022-01-28,1.78,2.07,0.0789
2022-01-31,1.79,2.11,0.0721
2022-02-01,1.81,2.12,0.0735
2022-02-02,1.78,2.11,0.0641
2022-02-03,1.82,2.14,0.078
2022-02-04,1.93,2.23,0.124
2022-02-07,1.92,2.22,0.1219
2022-02-08,1.96,2.25,0.1375
2022-02-09,1.94,2.25,0.1408
2022-02-10,2.03,2.3,0.1787
2022-02-11,1.92,2.24,0.1368
2022-02-14,1.98,2.29,0.1441
2022-02-15,2.05,2.37,0.1615
2022-02-16,2.03,2.34,0.157
2022-02-17,1.97,2.31,0.138
2022-02-18,1.92,2.24,0.1211
2022-02-22,1.94,2.24,0.1216
2022-02-23,1.99,2.29,0.1372
2022-02-24,1.96,2.28,0.1312
2022-02-25,1.97,2.29,0.1391
2022-02-28,1.83,2.17,0.0768
2022-03-01,1.72,2.11,0.0117
2022-03-02,1.86,2.24,0.0638
2022-03-03,1.86,2.24,0.0684
2022-03-04,1.74,2.16,0.0239
2022-03-07,1.78,2.19,0.028
2022-03-08,1.86,2.24,0.0626
2022-03-09,1.94,2.29,0.0949
2022-03-10,1.98,2.38,0.1233
2022-03-11,2.0,2.36,0.1393
2022-03-14,2.14,2.47,0.1947
2022-03-15,2.15,2.49,0.2069
2022-03-16,2.19,2.46,0.2366
2022-03-17,2.2,2.5,0.2502
2022-03-18,2.14,2.42,0.2377
2022-03-21,2.32,2.55,0.297
2022-03-22,2.38,2.6,0.3307
2022-03-23,2.32,2.52,0.3191
2022-03-24,2.34,2.51,0.3255
2022-03-25,2.48,2.6,0.3918
2022-03-28,2.46,2.57,0.3914
2022-03-29,2.41,2.53,0.3684
2022-03-30,2.35,2.48,0.3389
2022-03-31,2.32,2.44,0.32
2022-04-01,2.39,2.44,0.3539
2022-04-04,2.42,2.48,0.3562
2022-04-05,2.54,2.57,0.4026
2022-04-06,2.61,2.63,0.4281
2022-04-07,2.66,2.69,0.4482
2022-04-08,2.72,2.76,0.4805
2022-04-11,2.79,2.84,0.4966
2022-04-12,2.72,2.82,0.4628
2022-04-13,2.7,2.81,0.4507
2022-04-14,2.83,2.92,0.4991
2022-04-18,2.85,2.95,0.5119
2022-04-19,2.93,3.01,0.5547
2022-04-20,2.85,2.9,0.5389
2022-04-21,2.9,2.94,0.5622
2022-04-22,2.9,2.95,0.5622
2022-04-25,2.81,2.88,0.51
2022-04-26,2.77,2.86,0.4752
2022-04-27,2.82,2.91,0.4848
2022-04-28,2.85,2.92,0.5063
2022-04-29,2.89,2.96,0.534
2022-05-02,2.99,3.07,0.5674
2022-05-03,2.97,3.03,0.5728
2022-05-04,2.93,3.01,0.55
2022-05-05,3.05,3.15,0.5935
2022-05-06,3.12,3.23,0.633
2022-05-09,3.05,3.19,0.5996
2022-05-10,2.99,3.12,0.5752
2022-05-11,2.91,3.05,0.5519
2022-05-12,2.84,3.0,0.5079
2022-05-13,2.93,3.1,0.5264
2022-05-16,2.88,3.09,0.4971
2022-05-17,2.98,3.17,0.5312
2022-05-18,2.89,3.07,0.5054
2022-05-19,2.84,3.05,0.4799
2022-05-20,2.78,2.99,0.4552
2022-05-23,2.86,3.08,0.4769
2022-05-24,2.76,2.98,0.434
2022-05-25,2.75,2.97,0.4152
2022-05-26,2.75,2.99,0.4094
2022-05-27,2.74,2.97,0.4099
2022-05-31,2.85,3.07,0.4417
2022-06-01,2.94,3.09,0.4892
2022-06-02,2.92,3.09,0.4907
2022-06-03,2.96,3.11,0.4997
2022-06-06,3.04,3.19,0.5301
2022-06-07,2.98,3.13,0.5151
2022-06-08,3.03,3.18,0.5239
2022-06-09,3.04,3.18,0.5314
2022-06-10,3.15,3.2,0.5873
2022-06-13,3.43,3.42,0.6825
2022-06-14,3.49,3.45,0.7001
2022-06-15,3.33,3.39,0.6176
2022-06-16,3.28,3.35,0.584
2022-06-17,3.25,3.3,0.5783
2022-06-21,3.31,3.39,0.583
2022-06-22,3.16,3.25,0.5207
2022-06-23,3.09,3.21,0.4726
2022-06-24,3.13,3.26,0.4663
2022-06-27,3.2,3.31,0.4825
2022-06-28,3.2,3.3,0.4837
2022-06-29,3.1,3.22,0.4462
2022-06-30,2.98,3.14,0.389
2022-07-01,2.88,3.11,0.3228
2022-07-05,2.82,3.05,0.2772
2022-07-06,2.93,3.14,0.3081
2022-07-07,3.01,3.2,0.3386
2022-07-08,3.09,3.27,0.3757
2022-07-11,2.99,3.18,0.3286
2022-07-12,2.96,3.13,0.2901
2022-07-13,2.91,3.08,0.2564
2022-07-14,2.96,3.11,0.2533
2022-07-15,2.93,3.1,0.2428
2022-07-18,2.96,3.14,0.2352
2022-07-19,3.01,3.17,0.2497
2022-07-20,3.04,3.17,0.264
2022-07-21,2.91,3.08,0.2026
2022-07-22,2.77,3.0,0.1365
2022-07-25,2.81,3.04,0.1234
2022-07-26,2.81,3.03,0.1207
2022-07-27,2.78,3.03,0.1066
2022-07-28,2.68,3.02,0.0618
2022-07-29,2.67,3.0,0.0544
2022-08-01,2.6,2.92,0.021
2022-08-02,2.75,3.0,0.075
2022-08-03,2.73,2.96,0.0836
2022-08-04,2.68,2.97,0.0564
2022-08-05,2.83,3.06,0.116
2022-08-08,2.77,3.0,0.0948
2022-08-09,2.8,3.01,0.0996
2022-08-10,2.78,3.04,0.0895
2022-08-11,2.87,3.15,0.1194
2022-08-12,2.84,3.12,0.121
2022-08-15,2.79,3.1,0.0934
2022-08-16,2.82,3.11,0.1
2022-08-17,2.89,3.15,0.1331
2022-08-18,2.88,3.14,0.1326
2022-08-19,2.98,3.22,0.1691
2022-08-22,3.03,3.24,0.1955
2022-08-23,3.05,3.26,0.2065
2022-08-24,3.11,3.32,0.2325
2022-08-25,3.03,3.25,0.209
2022-08-26,3.04,3.21,0.2142
2022-08-29,3.12,3.25,0.2304
2022-08-30,3.11,3.23,0.2329
2022-08-31,3.15,3.27,0.2419
2022-09-01,3.26,3.37,0.2854
2022-09-02,3.2,3.35,0.2692
2022-09-06,3.33,3.49,0.3095
2022-09-07,3.27,3.42,0.2906
2022-09-08,3.29,3.45,0.2937
2022-09-09,3.33,3.47,0.3072
2022-09-12,3.37,3.53,0.31
2022-09-13,3.42,3.51,0.3268
2022-09-14,3.41,3.47,0.3222
2022-09-15,3.45,3.48,0.3397
2022-09-16,3.45,3.52,0.3342
2022-09-19,3.49,3.52,0.339
2022-09-20,3.57,3.59,0.366
2022-09-21,3.51,3.5,0.3618
2022-09-22,3.7,3.65,0.4323
2022-09-23,3.69,3.61,0.4584
2022-09-26,3.88,3.72,0.5291
2022-09-27,3.97,3.87,0.5774
2022-09-28,3.72,3.7,0.4845
2022-09-29,3.76,3.71,0.4863
2022-09-30,3.83,3.79,0.5169
2022-10-03,3.67,3.73,0.4509
2022-10-04,3.62,3.7,0.4088
2022-10-05,3.76,3.78,0.4514
2022-10-06,3.83,3.81,0.4908
2022-10-07,3.89,3.86,0.5241
2022-10-11,3.93,3.92,0.5328
2022-10-12,3.91,3.9,0.518
2022-10-13,3.97,3.97,0.538
2022-10-14,4.0,3.99,0.5487
2022-10-17,4.02,4.04,0.5333
2022-10-18,4.01,4.04,0.5091
2022-10-19,4.14,4.15,0.5475
2022-10-20,4.24,4.24,0.5903
2022-10-21,4.21,4.33,0.5784
2022-10-24,4.25,4.4,0.5835
2022-10-25,4.1,4.26,0.538
2022-10-26,4.04,4.19,0.504
2022-10-27,3.96,4.12,0.4638
2022-10-28,4.02,4.15,0.4838
2022-10-31,4.1,4.22,0.5055
2022-11-01,4.07,4.14,0.5052
2022-11-02,4.1,4.15,0.511
2022-11-03,4.14,4.18,0.5325
2022-11-04,4.17,4.27,0.5394
2022-11-07,4.22,4.34,0.5583
2022-11-08,4.14,4.28,0.5282
2022-11-09,4.12,4.31,0.5127
2022-11-10,3.82,4.03,0.3746
2022-11-14,3.88,4.07,0.3593
2022-11-15,3.8,3.98,0.3227
2022-11-16,3.67,3.85,0.2659
2022-11-17,3.77,3.89,0.2864
2022-11-18,3.82,3.92,0.3073
2022-11-21,3.83,3.91,0.3176
2022-11-22,3.76,3.83,0.2838
2022-11-23,3.71,3.74,0.2493
2022-11-25,3.68,3.74,0.2252
2022-11-28,3.69,3.74,0.2188
2022-11-29,3.75,3.81,0.2343
2022-11-30,3.68,3.8,0.1996
2022-12-01,3.53,3.64,0.1372
2022-12-02,3.51,3.56,0.119
2022-12-05,3.6,3.62,0.1541
2022-12-06,3.51,3.52,0.1251
2022-12-07,3.42,3.42,0.0796
2022-12-08,3.48,3.44,0.1027
2022-12-09,3.57,3.56,0.1316
2022-12-12,3.61,3.57,0.1474
2022-12-13,3.51,3.53,0.0979
2022-12-14,3.49,3.52,0.0833
2022-12-15,3.44,3.48,0.0693
2022-12-16,3.48,3.53,0.0716
2022-12-19,3.57,3.62,0.1055
2022-12-20,3.69,3.74,0.1552
2022-12-21,3.68,3.74,0.1712
2022-12-22,3.67,3.73,0.1782
2022-12-23,3.75,3.82,0.2097
2022-12-27,3.84,3.93,0.2482
2022-12-28,3.88,3.98,0.2671
2022-12-29,3.83,3.92,0.2607
2022-12-30,3.88,3.97,0.2801
2023-01-03,3.79,3.88,0.2448
2023-01-04,3.69,3.81,0.1936
2023-01-05,3.71,3.78,0.1847
2023-01-06,3.55,3.67,0.1036
2023-01-09,3.53,3.66,0.0675
2023-01-10,3.61,3.74,0.0817
2023-01-11,3.54,3.67,0.0591
2023-01-12,3.43,3.56,0.0107
2023-01-13,3.49,3.61,0.0217
2023-01-17,3.53,3.64,0.0258
2023-01-18,3.37,3.54,-0.0393
2023-01-19,3.39,3.57,-0.0412
2023-01-20,3.48,3.66,-0.0137
2023-01-23,3.52,3.69,0.0098
2023-01-24,3.46,3.62,-0.0043
2023-01-25,3.46,3.62,-0.0108
2023-01-26,3.49,3.62,0.0027
2023-01-27,3.52,3.64,0.0167
2023-01-30,3.55,3.66,0.0344
2023-01-31,3.52,3.65,0.0255
2023-02-01,3.39,3.55,-0.0305
2023-02-02,3.4,3.55,-0.0405
2023-02-03,3.53,3.63,0.0174
2023-02-06,3.63,3.67,0.0693
2023-02-07,3.67,3.72,0.0942
2023-02-08,3.63,3.7,0.0919
2023-02-09,3.67,3.75,0.105
2023-02-10,3.74,3.83,0.1324
2023-02-13,3.72,3.79,0.128
2023-02-14,3.77,3.81,0.1512
2023-02-15,3.81,3.85,0.188
2023-02-16,3.86,3.92,0.1943
2023-02-17,3.82,3.88,0.1817
2023-02-21,3.95,3.98,0.2253
2023-02-22,3.93,3.94,0.2457
2023-02-23,3.88,3.88,0.2362
2023-02-24,3.95,3.93,0.2691
2023-02-27,3.92,3.93,0.261
2023-02-28,3.92,3.93,0.258
2023-03-01,4.01,3.97,0.2929
2023-03-02,4.08,4.03,0.3251
2023-03-03,3.97,3.9,0.3012
2023-03-06,3.98,3.92,0.2844
2023-03-07,3.97,3.88,0.2848
2023-03-08,3.98,3.88,0.2799
2023-03-09,3.93,3.88,0.2372
2023-03-10,3.7,3.7,0.1327
2023-03-13,3.55,3.7,0.0372
2023-03-14,3.64,3.77,0.072
2023-03-15,3.51,3.7,0.0324
2023-03-16,3.56,3.71,0.072
2023-03-17,3.39,3.6,0.0156
2023-03-20,3.47,3.65,0.0386
2023-03-21,3.59,3.73,0.0934
2023-03-22,3.48,3.68,0.0371
2023-03-23,3.38,3.66,-0.0229
2023-03-24,3.38,3.64,-0.0271
2023-03-27,3.53,3.77,0.0321
2023-03-28,3.55,3.77,0.0575
2023-03-29,3.57,3.78,0.0723
2023-03-30,3.55,3.74,0.0593
2023-03-31,3.48,3.67,0.0305
2023-04-03,3.43,3.64,-0.0103
2023-04-04,3.35,3.6,-0.0603
2023-04-05,3.3,3.56,-0.087
2023-04-06,3.3,3.54,-0.0988
2023-04-07,3.39,3.61,-0.065
2023-04-10,3.41,3.62,-0.0614
2023-04-11,3.43,3.62,-0.0554
2023-04-12,3.41,3.64,-0.0744
2023-04-13,3.45,3.69,-0.0647
2023-04-14,3.52,3.74,-0.0316
2023-04-17,3.6,3.81,-0.0001
2023-04-18,3.58,3.79,-0.0012
2023-04-19,3.6,3.79,0.0082
2023-04-20,3.54,3.75,-0.0156
2023-04-21,3.57,3.78,-0.0079
2023-04-24,3.52,3.73,-0.0317
2023-04-25,3.4,3.65,-0.0912
2023-04-26,3.43,3.7,-0.0899
2023-04-27,3.53,3.76,-0.0424
2023-04-28,3.44,3.67,-0.0635
2023-05-01,3.59,3.84,-0.0289
2023-05-02,3.44,3.72,-0.088
2023-05-03,3.38,3.7,-0.1313
2023-05-04,3.37,3.73,-0.1615
2023-05-05,3.44,3.76,-0.1285
2023-05-08,3.52,3.84,-0.0927
2023-05-09,3.53,3.85,-0.0816
2023-05-10,3.43,3.8,-0.1165
2023-05-11,3.39,3.73,-0.1353
2023-05-12,3.46,3.78,-0.1103
2023-05-15,3.5,3.84,-0.096
2023-05-16,3.54,3.87,-0.0738
2023-05-17,3.57,3.88,-0.0543
2023-05-18,3.65,3.91,-0.0172
2023-05-19,3.7,3.95,0.0112
2023-05-22,3.72,3.97,0.0144
2023-05-23,3.7,3.96,0.0106
2023-05-24,3.73,3.97,0.0168
2023-05-25,3.83,4.01,0.065
2023-05-26,3.8,3.96,0.0776
2023-05-30,3.69,3.9,0.0236
2023-05-31,3.64,3.85,-0.0186
2023-06-01,3.61,3.84,-0.0441
2023-06-02,3.69,3.88,-0.0067
2023-06-05,3.69,3.89,-0.0018
2023-06-06,3.7,3.87,0.0072
2023-06-07,3.79,3.95,0.0486
2023-06-08,3.73,3.89,0.0363
2023-06-09,3.75,3.89,0.0509
2023-06-12,3.73,3.87,0.0448
2023-06-13,3.84,3.94,0.0879
2023-06-14,3.83,3.9,0.1029
2023-06-15,3.72,3.85,0.0598
2023-06-16,3.77,3.86,0.0709
2023-06-20,3.74,3.83,0.0548
2023-06-21,3.72,3.81,0.0411
2023-06-22,3.8,3.88,0.0653
2023-06-23,3.74,3.82,0.054
2023-06-26,3.72,3.83,0.0355
2023-06-27,3.77,3.84,0.0485
2023-06-28,3.71,3.81,0.0273
2023-06-29,3.85,3.92,0.096
2023-06-30,3.81,3.85,0.1019
2023-07-03,3.86,3.87,0.1221
2023-07-05,3.95,3.95,0.1531
2023-07-06,4.05,4.01,0.2043
2023-07-07,4.06,4.05,0.218
2023-07-10,4.01,4.05,0.1862
2023-07-11,3.99,4.03,0.1741
2023-07-12,3.86,3.96,0.1097
2023-07-13,3.76,3.9,0.0474
2023-07-14,3.83,3.93,0.0617
2023-07-17,3.81,3.94,0.054
2023-07-18,3.8,3.91,0.045
2023-07-19,3.75,3.84,0.0259
2023-07-20,3.85,3.91,0.0598
2023-07-21,3.84,3.91,0.0685
2023-07-24,3.86,3.92,0.0889
2023-07-25,3.91,3.95,0.1136
2023-07-26,3.86,3.94,0.1016
2023-07-27,4.01,4.06,0.1536
2023-07-28,3.96,4.03,0.1433
2023-07-31,3.97,4.02,0.1462
2023-08-01,4.05,4.11,0.1782
2023-08-02,4.08,4.17,0.1871
2023-08-03,4.2,4.32,0.2234
2023-08-04,4.05,4.21,0.1767
2023-08-07,4.09,4.27,0.1763
2023-08-08,4.02,4.2,0.1501
2023-08-09,4.0,4.18,0.1469
2023-08-10,4.09,4.24,0.1804
2023-08-11,4.16,4.27,0.2238
2023-08-14,4.19,4.29,0.2442
2023-08-15,4.21,4.32,0.257
2023-08-16,4.28,4.38,0.2845
2023-08-17,4.3,4.41,0.3002
2023-08-18,4.26,4.38,0.2909
2023-08-21,4.34,4.45,0.319
2023-08-22,4.34,4.42,0.344
2023-08-23,4.19,4.27,0.2849
2023-08-24,4.23,4.3,0.281
2023-08-25,4.25,4.3,0.287
2023-08-28,4.2,4.29,0.268
2023-08-29,4.12,4.23,0.2235
2023-08-30,4.12,4.23,0.2192
2023-08-31,4.09,4.2,0.2064
2023-09-01,4.18,4.29,0.2341
2023-09-05,4.27,4.38,0.2709
2023-09-06,4.3,4.37,0.3118
2023-09-07,4.27,4.36,0.2928
2023-09-08,4.26,4.33,0.2894
2023-09-11,4.29,4.37,0.2943
2023-09-12,4.27,4.35,0.2912
2023-09-13,4.25,4.34,0.2823
2023-09-14,4.29,4.39,0.2937
2023-09-15,4.33,4.42,0.3248
2023-09-18,4.32,4.4,0.3342
2023-09-19,4.37,4.43,0.3539
2023-09-20,4.35,4.4,0.3546
2023-09-21,4.49,4.56,0.4021
2023-09-22,4.44,4.53,0.4001
2023-09-25,4.55,4.67,0.4318
2023-09-26,4.56,4.7,0.4471
2023-09-27,4.61,4.73,0.4779
2023-09-28,4.59,4.71,0.472
2023-09-29,4.59,4.73,0.47
2023-10-02,4.69,4.81,0.5083
2023-10-03,4.81,4.95,0.561
2023-10-04,4.73,4.87,0.5429
2023-10-05,4.72,4.89,0.5338
2023-10-06,4.78,4.95,0.5494
2023-10-10,4.66,4.85,0.5082
2023-10-11,4.58,4.73,0.4753
2023-10-12,4.7,4.86,0.5158
2023-10-13,4.63,4.78,0.5009
2023-10-16,4.71,4.87,0.528
2023-10-17,4.83,4.94,0.5866
2023-10-18,4.91,5.0,0.6229
2023-10-19,4.98,5.11,0.6589
2023-10-20,4.93,5.09,0.6484
2023-10-23,4.86,5.01,0.6222
2023-10-24,4.83,4.96,0.614
2023-10-25,4.95,5.09,0.6527
2023-10-26,4.86,5.01,0.6267
2023-10-27,4.84,5.03,0.6091
2023-10-30,4.88,5.04,0.6183
2023-10-31,4.88,5.04,0.6231
2023-11-01,4.77,4.96,0.5727
2023-11-02,4.67,4.82,0.5361
2023-11-03,4.57,4.77,0.4743
2023-11-06,4.67,4.84,0.4988
2023-11-07,4.58,4.75,0.4733
2023-11-08,4.49,4.64,0.4517
2023-11-09,4.62,4.77,0.5006
2023-11-10,4.61,4.73,0.5113
2023-11-13,4.63,4.75,0.5159
2023-11-14,4.44,4.61,0.4265
2023-11-15,4.53,4.68,0.4434
2023-11-16,4.45,4.63,0.4159
2023-11-17,4.44,4.59,0.4088
2023-11-20,4.42,4.57,0.3965
2023-11-21,4.41,4.57,0.3857
2023-11-22,4.42,4.55,0.3873
2023-11-24,4.47,4.6,0.4162
2023-11-27,4.39,4.53,0.3827
2023-11-28,4.34,4.52,0.3486
2023-11-29,4.27,4.44,0.3149
2023-11-30,4.37,4.54,0.3449
2023-12-01,4.22,4.4,0.2922
2023-12-04,4.28,4.43,0.3084
2023-12-05,4.18,4.3,0.2737
2023-12-06,4.12,4.22,0.2458
2023-12-07,4.14,4.25,0.2399
2023-12-08,4.23,4.31,0.2801
2023-12-11,4.23,4.32,0.2898
2023-12-12,4.2,4.3,0.2781
2023-12-13,4.04,4.19,0.2019
2023-12-14,3.92,4.03,0.1418
2023-12-15,3.91,4.0,0.1259
2023-12-18,3.95,4.05,0.132
2023-12-19,3.93,4.03,0.1308
2023-12-20,3.86,3.98,0.1007
2023-12-21,3.89,4.03,0.1039
2023-12-22,3.9,4.05,0.1065
2023-12-26,3.89,4.04,0.1095
2023-12-27,3.79,3.95,0.0681
2023-12-28,3.84,3.98,0.0756
2023-12-29,3.88,4.03,0.0917
2024-01-02,3.95,4.08,0.1253
2024-01-03,3.91,4.05,0.12
2024-01-04,3.99,4.13,0.1492
2024-01-05,4.05,4.21,0.1779
2024-01-08,4.01,4.17,0.1683
2024-01-09,4.02,4.18,0.1689
2024-01-10,4.04,4.2,0.1764
2024-01-11,3.98,4.18,0.1524
2024-01-12,3.96,4.2,0.1305
2024-01-16,4.07,4.3,0.1744
2024-01-17,4.1,4.31,0.2078
2024-01-18,4.14,4.37,0.2274
2024-01-19,4.15,4.36,0.2423
2024-01-22,4.11,4.32,0.2253
2024-01-23,4.14,4.38,0.2338
2024-01-24,4.18,4.41,0.2518
2024-01-25,4.14,4.38,0.2376
2024-01-26,4.15,4.38,0.2461
2024-01-29,4.08,4.31,0.2142
2024-01-30,4.06,4.28,0.2101
2024-01-31,3.99,4.22,0.1709
2024-02-01,3.87,4.1,0.1127
2024-02-02,4.03,4.22,0.1699
2024-02-05,4.17,4.35,0.2345
2024-02-06,4.09,4.29,0.216
2024-02-07,4.09,4.31,0.219
2024-02-08,4.15,4.36,0.2472
2024-02-09,4.17,4.37,0.2606
2024-02-12,4.17,4.37,0.2603
2024-02-13,4.31,4.46,0.3229
2024-02-14,4.27,4.45,0.3169
2024-02-15,4.24,4.42,0.3048
2024-02-16,4.3,4.45,0.3265
2024-02-20,4.27,4.44,0.3179
2024-02-21,4.32,4.49,0.3354
2024-02-22,4.33,4.47,0.3464
2024-02-23,4.26,4.37,0.3216
2024-02-26,4.28,4.4,0.324
2024-02-27,4.31,4.44,0.3332
2024-02-28,4.27,4.4,0.3191
2024-02-29,4.25,4.38,0.3095
2024-03-01,4.19,4.33,0.2769
2024-03-04,4.22,4.36,0.2855
2024-03-05,4.13,4.27,0.2527
2024-03-06,4.11,4.24,0.2334
2024-03-07,4.09,4.25,0.2143
2024-03-08,4.09,4.26,0.206
2024-03-11,4.1,4.26,0.2089
2024-03-12,4.16,4.31,0.2352
2024-03-13,4.19,4.35,0.253
2024-03-14,4.29,4.44,0.2993
2024-03-15,4.31,4.43,0.3209
2024-03-18,4.34,4.46,0.3378
2024-03-19,4.3,4.44,0.3261
2024-03-20,4.27,4.45,0.3088
2024-03-21,4.27,4.44,0.3083
2024-03-22,4.22,4.39,0.2852
2024-03-25,4.25,4.42,0.2927
2024-03-26,4.24,4.4,0.2909
2024-03-27,4.2,4.36,0.2735
2024-03-28,4.2,4.34,0.2732
2024-04-01,4.33,4.47,0.3193
2024-04-02,4.36,4.51,0.3425
2024-04-03,4.36,4.51,0.3469
2024-04-04,4.31,4.47,0.3344
2024-04-05,4.39,4.54,0.362
2024-04-08,4.42,4.55,0.383
2024-04-09,4.36,4.5,0.3656
2024-04-10,4.55,4.64,0.4428
2024-04-11,4.56,4.65,0.4587
2024-04-12,4.5,4.61,0.4395
2024-04-15,4.63,4.74,0.4788
2024-04-16,4.67,4.77,0.5079
2024-04-17,4.59,4.71,0.4851
2024-04-18,4.64,4.74,0.5035
2024-04-19,4.62,4.72,0.4994
2024-04-22,4.62,4.72,0.4998
2024-04-23,4.61,4.73,0.4891
2024-04-24,4.65,4.78,0.5016
2024-04-25,4.7,4.82,0.5289
2024-04-26,4.67,4.78,0.5243
2024-04-29,4.63,4.75,0.5058
2024-04-30,4.69,4.79,0.5251
2024-05-01,4.63,4.74,0.4993
2024-05-02,4.58,4.72,0.4716
2024-05-03,4.5,4.66,0.4325
2024-05-06,4.49,4.64,0.4198
2024-05-07,4.47,4.61,0.4076
2024-05-08,4.48,4.64,0.4154
2024-05-09,4.45,4.6,0.4045
2024-05-10,4.5,4.64,0.4191
2024-05-13,4.48,4.63,0.4164
2024-05-14,4.45,4.59,0.4013
2024-05-15,4.36,4.52,0.3575
2024-05-16,4.38,4.52,0.3624
2024-05-17,4.42,4.56,0.3742
2024-05-20,4.44,4.58,0.3837
2024-05-21,4.41,4.55,0.3755
2024-05-22,4.43,4.55,0.3795
2024-05-23,4.47,4.58,0.4075
2024-05-24,4.46,4.57,0.4142
2024-05-28,4.54,4.66,0.4321
2024-05-29,4.61,4.74,0.4745
2024-05-30,4.55,4.69,0.4626
2024-05-31,4.51,4.65,0.4418
2024-06-03,4.41,4.55,0.3898
2024-06-04,4.33,4.48,0.3464
2024-06-05,4.29,4.44,0.3195
2024-06-06,4.28,4.43,0.3051
2024-06-07,4.43,4.55,0.3606
2024-06-10,4.47,4.59,0.393
2024-06-11,4.39,4.53,0.3683
2024-06-12,4.31,4.47,0.3297
2024-06-13,4.24,4.4,0.2893
2024-06-14,4.2,4.34,0.2714
2024-06-17,4.28,4.4,0.2908
2024-06-18,4.22,4.36,0.273
2024-06-20,4.25,4.39,0.2803
2024-06-21,4.25,4.39,0.2839
2024-06-24,4.25,4.38,0.2849
2024-06-25,4.23,4.36,0.28
2024-06-26,4.32,4.45,0.3123
2024-06-27,4.29,4.43,0.3089
2024-06-28,4.36,4.51,0.3312
2024-07-01,4.48,4.64,0.3852
2024-07-02,4.43,4.6,0.3806
2024-07-03,4.36,4.53,0.354
2024-07-05,4.28,4.47,0.311
2024-07-08,4.28,4.46,0.3012
2024-07-09,4.3,4.49,0.3072
2024-07-10,4.28,4.47,0.3041
2024-07-11,4.2,4.41,0.267
2024-07-12,4.18,4.39,0.2534
2024-07-15,4.23,4.46,0.2683
2024-07-16,4.17,4.38,0.2525
2024-07-17,4.16,4.37,0.2433
2024-07-18,4.2,4.41,0.2586
2024-07-19,4.25,4.45,0.2807
2024-07-22,4.26,4.48,0.2932
2024-07-23,4.25,4.48,0.2906
2024-07-24,4.28,4.54,0.2998
2024-07-25,4.27,4.5,0.3036
2024-07-26,4.2,4.45,0.2767
2024-07-29,4.17,4.42,0.2624
2024-07-30,4.15,4.4,0.2501
2024-07-31,4.09,4.35,0.2197
2024-08-01,3.99,4.27,0.1693
2024-08-02,3.8,4.11,0.0817
2024-08-05,3.78,4.06,0.0646
2024-08-06,3.9,4.18,0.107
2024-08-07,3.96,4.26,0.1439
2024-08-08,3.99,4.28,0.1695
2024-08-09,3.94,4.23,0.1631
2024-08-12,3.9,4.19,0.1425
2024-08-13,3.85,4.16,0.1108
2024-08-14,3.83,4.12,0.0962
2024-08-15,3.92,4.18,0.1357
2024-08-16,3.89,4.15,0.1321
2024-08-19,3.86,4.11,0.1237
2024-08-20,3.82,4.07,0.1034
2024-08-21,3.79,4.06,0.0852
2024-08-22,3.86,4.13,0.1121
2024-08-23,3.81,4.1,0.0954
2024-08-26,3.82,4.11,0.1009
2024-08-27,3.83,4.13,0.1081
2024-08-28,3.84,4.13,0.1158
2024-08-29,3.87,4.15,0.1294
2024-08-30,3.91,4.2,0.148
2024-09-03,3.84,4.13,0.1265
2024-09-04,3.77,4.06,0.0898
2024-09-05,3.73,4.02,0.0748
2024-09-06,3.72,4.03,0.0613
2024-09-09,3.7,4.0,0.0574
2024-09-10,3.65,3.97,0.0379
2024-09-11,3.65,3.96,0.0355
2024-09-12,3.68,4.0,0.0478
2024-09-13,3.66,3.98,0.0435
2024-09-16,3.63,3.94,0.0425
2024-09-17,3.65,3.96,0.0565
2024-09-18,3.7,4.03,0.0886
2024-09-19,3.73,4.06,0.1128
2024-09-20,3.73,4.07,0.1241
2024-09-23,3.75,4.09,0.1437
2024-09-24,3.74,4.09,0.147
2024-09-25,3.79,4.14,0.171
2024-09-26,3.79,4.12,0.1874
2024-09-27,3.75,4.1,0.1709
2024-09-30,3.81,4.14,0.1945
2024-10-01,3.74,4.08,0.1739
2024-10-02,3.79,4.14,0.1859
2024-10-03,3.85,4.18,0.2171
2024-10-04,3.98,4.26,0.2854
2024-10-07,4.03,4.3,0.3202
2024-10-08,4.04,4.32,0.3255
2024-10-09,4.06,4.34,0.3424
2024-10-10,4.09,4.38,0.3499
2024-10-11,4.08,4.39,0.3485
2024-10-15,4.03,4.32,0.3333
2024-10-16,4.02,4.3,0.3249
2024-10-17,4.09,4.39,0.3495
2024-10-18,4.08,4.38,0.349
2024-10-21,4.19,4.49,0.3916
2024-10-22,4.2,4.49,0.4123
2024-10-23,4.24,4.51,0.4356
2024-10-24,4.21,4.47,0.433
2024-10-25,4.25,4.51,0.4467
2024-10-28,4.28,4.53,0.4666
2024-10-29,4.28,4.52,0.472
2024-10-30,4.29,4.49,0.4842
2024-10-31,4.28,4.47,0.489
2024-11-01,4.37,4.57,0.5269
2024-11-04,4.31,4.5,0.5158
2024-11-05,4.26,4.44,0.5071
2024-11-06,4.42,4.6,0.5564
2024-11-07,4.31,4.52,0.5284
2024-11-08,4.3,4.47,0.5171
2024-11-12,4.43,4.58,0.5608
2024-11-13,4.44,4.63,0.5745
2024-11-14,4.43,4.58,0.5777
2024-11-15,4.43,4.6,0.5757
2024-11-18,4.42,4.61,0.5689
2024-11-19,4.39,4.57,0.5548
2024-11-20,4.41,4.59,0.5547
2024-11-21,4.43,4.61,0.5642
2024-11-22,4.41,4.6,0.5626
2024-11-25,4.27,4.45,0.5048
2024-11-26,4.3,4.48,0.5022
2024-11-27,4.25,4.44,0.4783
2024-11-29,4.18,4.36,0.4489
2024-12-02,4.19,4.36,0.4453
2024-12-03,4.23,4.4,0.4605
2024-12-04,4.19,4.35,0.4537
2024-12-05,4.17,4.33,0.4479
2024-12-06,4.15,4.34,0.439
2024-12-09,4.2,4.39,0.454
2024-12-10,4.22,4.41,0.4686
2024-12-11,4.26,4.48,0.4941
2024-12-12,4.32,4.55,0.5276
2024-12-13,4.4,4.61,0.5706
2024-12-16,4.39,4.6,0.5798
2024-12-17,4.4,4.59,0.5854
2024-12-18,4.5,4.65,0.6412
2024-12-19,4.57,4.74,0.6778
2024-12-20,4.52,4.72,0.6682
2024-12-23,4.59,4.78,0.6941
2024-12-24,4.59,4.76,0.7009
2024-12-26,4.58,4.76,0.6968
2024-12-27,4.62,4.82,0.7141
2024-12-30,4.55,4.77,0.6861
2024-12-31,4.58,4.78,0.6872
2025-01-02,4.57,4.79,0.6851
2025-01-03,4.6,4.82,0.7016
2025-01-06,4.62,4.85,0.7121
2025-01-07,4.67,4.91,0.7356
2025-01-08,4.67,4.91,0.7392
2025-01-09,4.68,4.92,0.7465
2025-01-10,4.77,4.96,0.7964
2025-01-13,4.79,4.97,0.8131
2025-01-14,4.78,4.98,0.8122
2025-01-15,4.66,4.88,0.7574
2025-01-16,4.61,4.84,0.7249
2025-01-17,4.61,4.84,0.7198
2025-01-21,4.57,4.8,0.7033
2025-01-22,4.6,4.82,0.7071
2025-01-23,4.65,4.87,0.7212
2025-01-24,4.63,4.85,0.7192
2025-01-27,4.53,4.76,0.6816
2025-01-28,4.55,4.78,0.6771
2025-01-29,4.55,4.79,0.6807
2025-01-30,4.52,4.76,0.6646
2025-01-31,4.58,4.83,0.6836
2025-02-03,4.54,4.77,0.6733
2025-02-04,4.52,4.75,0.6598
2025-02-05,4.43,4.64,0.6215
2025-02-06,4.45,4.65,0.62
2025-02-07,4.49,4.69,0.6365
2025-02-10,4.51,4.71,0.6387
2025-02-11,4.54,4.75,0.6508
2025-02-12,4.62,4.83,0.6974
2025-02-13,4.52,4.72,0.6705
2025-02-14,4.47,4.69,0.6417
2025-02-18,4.55,4.77,0.662
2025-02-19,4.53,4.76,0.657
2025-02-20,4.5,4.74,0.6477
2025-02-21,4.42,4.67,0.6161
2025-02-24,4.4,4.66,0.6017
2025-02-25,4.3,4.55,0.557
2025-02-26,4.25,4.51,0.5249
2025-02-27,4.29,4.56,0.5274
2025-02-28,4.24,4.51,0.5063
2025-03-03,4.16,4.45,0.4751
2025-03-04,4.22,4.53,0.488
2025-03-05,4.28,4.57,0.5178
2025-03-06,4.29,4.58,0.5284
2025-03-07,4.32,4.62,0.5439
2025-03-10,4.22,4.54,0.5083
2025-03-11,4.28,4.59,0.5213
2025-03-12,4.32,4.63,0.5432
2025-03-13,4.27,4.59,0.5271
2025-03-14,4.31,4.62,0.5449
2025-03-17,4.31,4.6,0.5498
2025-03-18,4.29,4.58,0.5379
2025-03-19,4.25,4.56,0.5183
2025-03-20,4.24,4.55,0.506
2025-03-21,4.25,4.59,0.5056
2025-03-24,4.34,4.66,0.5424
2025-03-25,4.31,4.65,0.5406
2025-03-26,4.35,4.69,0.5522
2025-03-27,4.38,4.73,0.5627
2025-03-28,4.27,4.64,0.5214
2025-03-31,4.23,4.59,0.4988
2025-04-01,4.17,4.52,0.4715
2025-04-02,4.2,4.54,0.4775
2025-04-03,4.06,4.49,0.4094
2025-04-04,4.01,4.41,0.3821
2025-04-07,4.15,4.58,0.4271
2025-04-08,4.26,4.71,0.4769
2025-04-09,4.34,4.72,0.5436
2025-04-10,4.4,4.86,0.5682
2025-04-11,4.48,4.85,0.6161
2025-04-14,4.38,4.8,0.5794
2025-04-15,4.35,4.79,0.558
2025-04-16,4.29,4.74,0.523
2025-04-17,4.34,4.8,0.5337
2025-04-21,4.42,4.91,0.5565
2025-04-22,4.41,4.88,0.5668
2025-04-23,4.4,4.83,0.5721
2025-04-24,4.32,4.77,0.5396
2025-04-25,4.29,4.74,0.5131
2025-04-28,4.23,4.69,0.4805
2025-04-29,4.19,4.64,0.4541
2025-04-30,4.17,4.66,0.435
2025-05-01,4.25,4.74,0.4655
2025-05-02,4.33,4.79,0.5073
2025-05-05,4.36,4.83,0.526
2025-05-06,4.3,4.81,0.5164
2025-05-07,4.26,4.77,0.4996
2025-05-08,4.37,4.83,0.5413
2025-05-09,4.37,4.83,0.5503
2025-05-12,4.45,4.89,0.5831
2025-05-13,4.49,4.94,0.6037
2025-05-14,4.53,4.97,0.6244
2025-05-15,4.45,4.91,0.5938
2025-05-16,4.43,4.89,0.5836
2025-05-19,4.46,4.92,0.5841
2025-05-20,4.48,4.96,0.5899
2025-05-21,4.58,5.08,0.6288
2025-05-22,4.54,5.05,0.6269
2025-05-23,4.51,5.04,0.6166
2025-05-27,4.43,4.94,0.5841
2025-05-28,4.47,4.97,0.5896
2025-05-29,4.43,4.92,0.567
2025-05-30,4.41,4.92,0.5515
2025-06-02,4.46,4.99,0.5658
2025-06-03,4.46,4.98,0.5748
2025-06-04,4.37,4.89,0.5365
2025-06-05,4.4,4.88,0.5455
2025-06-06,4.51,4.97,0.5974
2025-06-09,4.49,4.95,0.5971
2025-06-10,4.47,4.93,0.5905
2025-06-11,4.41,4.91,0.5636
2025-06-12,4.36,4.84,0.5341
2025-06-13,4.41,4.9,0.5497
2025-06-16,4.46,4.96,0.5672
2025-06-17,4.39,4.88,0.5474
2025-06-18,4.38,4.88,0.5408
2025-06-20,4.38,4.89,0.5356
2025-06-23,4.34,4.87,0.5165
2025-06-24,4.3,4.83,0.4965
2025-06-25,4.29,4.83,0.4883
2025-06-26,4.26,4.81,0.4708
2025-06-27,4.29,4.85,0.4816
2025-06-30,4.24,4.78,0.4603
2025-07-01,4.26,4.78,0.4684
2025-07-02,4.3,4.82,0.4842
2025-07-03,4.35,4.86,0.5108
2025-07-07,4.4,4.92,0.5283
2025-07-08,4.42,4.94,0.5427
2025-07-09,4.34,4.87,0.5174
2025-07-10,4.35,4.86,0.516
2025-07-11,4.43,4.96,0.5452
2025-07-14,4.43,4.97,0.551
2025-07-15,4.5,5.01,0.5801
2025-07-16,4.46,5.01,0.5693
2025-07-17,4.47,5.01,0.5747
2025-07-18,4.44,5.0,0.561
2025-07-21,4.38,4.94,0.5355
2025-07-22,4.35,4.9,0.5143
2025-07-23,4.4,4.95,0.5293
2025-07-24,4.43,4.96,0.544
2025-07-25,4.4,4.92,0.5362
2025-07-28,4.42,4.96,0.5445
2025-07-29,4.34,4.86,0.5153
2025-07-30,4.38,4.89,0.527
2025-07-31,4.37,4.89,0.5262
2025-08-01,4.23,4.81,0.4649
2025-08-04,4.22,4.8,0.4505
2025-08-05,4.22,4.78,0.4544
2025-08-06,4.22,4.81,0.46
2025-08-07,4.23,4.81,0.4718
2025-08-08,4.27,4.85,0.4913
2025-08-11,4.27,4.84,0.494
2025-08-12,4.29,4.88,0.4995
2025-08-13,4.24,4.83,0.4832
2025-08-14,4.29,4.88,0.5004
2025-08-15,4.33,4.92,0.5191
2025-08-18,4.34,4.94,0.526
2025-08-19,4.3,4.9,0.5161
2025-08-20,4.29,4.89,0.507
2025-08-21,4.33,4.92,0.5225
2025-08-22,4.26,4.88,0.4939
2025-08-25,4.28,4.89,0.5008
2025-08-26,4.26,4.9,0.4893
2025-08-27,4.24,4.91,0.4805
2025-08-28,4.22,4.88,0.4717
2025-08-29,4.23,4.92,0.4727
2025-09-02,4.28,4.97,0.4948
2025-09-03,4.22,4.9,0.4794
2025-09-04,4.17,4.86,0.4594
2025-09-05,4.1,4.78,0.436
2025-09-08,4.05,4.69,0.4207
2025-09-09,4.08,4.72,0.4275
2025-09-10,4.04,4.69,0.4205
2025-09-11,4.01,4.65,0.4121
2025-09-12,4.06,4.68,0.4291
2025-09-15,4.05,4.66,0.4273
2025-09-16,4.04,4.65,0.4237
2025-09-17,4.06,4.66,0.4369
2025-09-18,4.11,4.72,0.4597
2025-09-19,4.14,4.75,0.4748
2025-09-22,4.15,4.77,0.4869
2025-09-23,4.12,4.73,0.4797
2025-09-24,4.16,4.76,0.4926
2025-09-25,4.18,4.75,0.5069
2025-09-26,4.2,4.77,0.5162
2025-09-29,4.15,4.71,0.5047
2025-09-30,4.16,4.73,0.5031
2025-10-01,4.12,4.72,0.4872
2025-10-02,4.1,4.69,0.4777
2025-10-03,4.13,4.71,0.49
2025-10-06,4.18,4.76,0.5103
2025-10-07,4.14,4.73,0.5005
2025-10-08,4.13,4.72,0.5018
2025-10-09,4.14,4.72,0.5048
2025-10-10,4.05,4.63,0.4694
2025-10-14,4.03,4.62,0.4465
2025-10-15,4.05,4.64,0.4496
2025-10-16,3.99,4.58,0.4205
2025-10-17,4.02,4.6,0.4311
2025-10-20,4.0,4.58,0.4307
2025-10-21,3.98,4.55,0.4221
2025-10-22,3.97,4.54,0.4189
2025-10-23,4.01,4.58,0.4366
2025-10-24,4.02,4.59,0.4441
2025-10-27,4.01,4.57,0.4504
2025-10-28,3.99,4.55,0.4483
2025-10-29,4.08,4.61,0.4795
2025-10-30,4.11,4.65,0.4947
2025-10-31,4.11,4.67,0.4975
2025-11-03,4.13,4.69,0.4979
2025-11-04,4.1,4.67,0.4889
2025-11-05,4.17,4.74,0.5144
2025-11-06,4.11,4.69,0.4951
2025-11-07,4.11,4.7,0.4901
2025-11-10,4.13,4.71,0.4993
2025-11-12,4.08,4.67,0.4834
2025-11-13,4.11,4.7,0.4928
2025-11-14,4.14,4.74,0.5069
2025-11-17,4.13,4.73,0.5034
2025-11-18,4.12,4.74,0.4972
2025-11-19,4.13,4.75,0.4991
2025-11-20,4.1,4.73,0.4897
2025-11-21,4.06,4.71,0.4718
2025-11-24,4.04,4.68,0.4614
2025-11-25,4.01,4.67,0.4468
2025-11-26,4.0,4.64,0.4406
2025-11-28,4.02,4.67,0.4507
2025-12-01,4.09,4.74,0.4841
2025-12-02,4.09,4.74,0.4933
2025-12-03,4.06,4.73,0.4893
2025-12-04,4.11,4.76,0.5137
2025-12-05,4.14,4.79,0.5327
2025-12-08,4.17,4.81,0.5518
2025-12-09,4.18,4.8,0.5632
2025-12-10,4.13,4.78,0.555
2025-12-11,4.14,4.79,0.5531
2025-12-12,4.19,4.85,0.577
2025-12-15,4.18,4.84,0.5784
2025-12-16,4.15,4.82,0.566
2025-12-17,4.16,4.83,0.5679
2025-12-18,4.12,4.8,0.5556
2025-12-19,4.16,4.82,0.5644
2025-12-22,4.17,4.84,0.5722
2025-12-23,4.18,4.83,0.5774
2025-12-24,4.15,4.79,0.5685
2025-12-26,4.14,4.81,0.5603
2025-12-29,4.12,4.8,0.5495
2025-12-30,4.14,4.81,0.5517
2025-12-31,4.18,4.84,0.571
2026-01-02,4.19,4.86,0.5844
2026-01-05,4.17,4.85,0.5787
2026-01-06,4.18,4.86,0.5833
2026-01-07,4.15,4.82,0.5727
2026-01-08,4.19,4.85,0.5875
2026-01-09,4.18,4.82,0.591
2026-01-12,4.19,4.83,0.5926
2026-01-13,4.18,4.83,0.5855
2026-01-14,4.15,4.79,0.5703
2026-01-15,4.17,4.79,0.5804
2026-01-16,4.24,4.83,0.6042
2026-01-20,4.3,4.91,0.6315
2026-01-21,4.26,4.87,0.6263
2026-01-22,4.26,4.84,0.6276
2026-01-23,4.24,4.82,0.6224
2026-01-26,4.22,4.8,0.6133
2026-01-27,4.24,4.83,0.6155
2026-01-28,4.26,4.85,0.6251
2026-01-29,4.24,4.85,0.6158
2026-01-30,4.26,4.87,0.6148
2026-02-02,4.29,4.9,0.6289
2026-02-03,4.28,4.9,0.6313
2026-02-04,4.29,4.91,0.635
2026-02-05,4.21,4.85,0.6022
2026-02-06,4.22,4.85,0.599
2026-02-09,4.22,4.85,0.5951
2026-02-10,4.16,4.78,0.5729
2026-02-11,4.18,4.82,0.5823
2026-02-12,4.09,4.72,0.5514
2026-02-13,4.04,4.69,0.5194
2026-02-17,4.05,4.68,0.5143
2026-02-18,4.09,4.71,0.5238
2026-02-19,4.08,4.7,0.5218
2026-02-20,4.08,4.72,0.5228
2026-02-23,4.03,4.7,0.4986
2026-02-24,4.04,4.7,0.4971
2026-02-25,4.05,4.7,0.5005
2026-02-26,4.02,4.67,0.4866
2026-02-27,3.97,4.64,0.4627
2026-03-02,4.05,4.7,0.4906
2026-03-03,4.06,4.7,0.5019
2026-03-04,4.09,4.72,0.5168
2026-03-05,4.13,4.74,0.5378
2026-03-06,4.15,4.77,0.5487
2026-03-09,4.12,4.72,0.542
2026-03-10,4.15,4.78,0.5496
2026-03-11,4.21,4.86,0.5772
2026-03-12,4.27,4.88,0.6185
2026-03-13,4.28,4.9,0.6286
2026-03-16,4.23,4.86,0.6034
2026-03-17,4.2,4.85,0.5887
2026-03-18,4.26,4.88,0.6139
2026-03-19,4.25,4.83,0.621
2026-03-20,4.39,4.96,0.678
2026-03-23,4.34,4.91,0.6691
2026-03-24,4.39,4.94,0.6921
2026-03-25,4.33,4.89,0.6717
2026-03-26,4.42,4.93,0.714
2026-03-27,4.44,4.98,0.7183
2026-03-30,4.35,4.91,0.6813
2026-03-31,4.3,4.88,0.654
2026-04-01,4.33,4.91,0.664
2026-04-02,4.31,4.88,0.6555
2026-04-03,4.35,4.91,0.672
2026-04-06,4.34,4.89,0.6694
2026-04-07,4.33,4.9,0.661
2026-04-08,4.29,4.89,0.6457
2026-04-09,4.29,4.9,0.6421
2026-04-10,4.31,4.91,0.6518
2026-04-13,4.3,4.9,0.6432
2026-04-14,4.26,4.87,0.6215
2026-04-15,4.29,4.89,0.6264
2026-04-16,4.32,4.93,0.6384
2026-04-17,4.26,4.88,0.6158
2026-04-20,4.26,4.88,0.612
2026-04-21,4.3,4.89,0.6311
2026-04-22,4.3,4.9,0.6402
2026-04-23,4.34,4.92,0.6596
2026-04-24,4.31,4.91,0.6481
2026-04-27,4.35,4.94,0.6603
2026-04-28,4.36,4.94,0.6747
2026-04-29,4.42,4.98,0.7075
2026-04-30,4.4,4.98,0.7038
2026-05-01,4.39,4.97,0.7036
2026-05-04,4.45,5.02,0.729
2026-05-05,4.43,4.98,0.7279
2026-05-06,4.36,4.94,0.6962
2026-05-07,4.41,4.97,0.7086
2026-05-08,4.38,4.95,0.6999
2026-05-11,4.42,4.98,0.7173
2026-05-12,4.46,5.03,0.7439
2026-05-13,4.46,5.03,0.7488
2026-05-14,4.47,5.02,0.7547
2026-05-15,4.59,5.12,0.8117
2026-05-18,4.61,5.14,0.8293
2026-05-19,4.67,5.18,0.8621
2026-05-20,4.57,5.11,0.8299
2026-05-21,4.57,5.1,0.8277
2026-05-22,4.56,5.07,0.8289
2026-05-26,4.5,5.03,0.7941
2026-05-27,4.48,5.01,0.7786
2026-05-28,4.45,4.98,0.764
2026-05-29,4.45,4.99,0.7541
2026-06-01,4.47,4.99,0.7627
2026-06-02,4.46,4.97,0.7582
2026-06-03,4.49,4.99,0.7733
2026-06-04,4.47,4.97,0.7654
2026-06-05,4.55,5.01,0.8019
2026-06-08,4.56,5.03,0.8081
2026-06-09,4.53,5.01,0.7977
2026-06-10,4.55,5.03,0.801
2026-06-11,4.45,4.95,0.763
2026-06-12,4.48,4.97,0.7671
2026-06-15,4.47,4.97,0.7574
2026-06-16,4.43,4.93,0.7392
2026-06-17,4.49,4.93,0.7666
2026-06-18,4.46,4.9,0.7519
2026-06-22,4.51,4.95,0.7647
2026-06-23,4.5,4.94,0.7568
2026-06-24,4.41,4.86,0.7175
2026-06-25,4.4,4.86,0.6991
2026-06-26,4.38,4.87,0.6849
2026-06-29,4.38,4.86,0.6782
2026-06-30,4.44,4.91,0.6967
2026-07-01,4.48,4.97,0.7216
2026-07-02,4.49,4.98,0.7322
2026-07-06,4.48,4.99,0.7261
2026-07-07,4.55,5.05,0.7531
2026-07-08,4.56,5.06,0.771
2026-07-09,4.54,5.05,0.7671
2026-07-10,4.56,5.06,0.7788
2026-07-13,4.62,5.1,0.8008
2026-07-14,4.58,5.08,0.7895
2026-07-15,4.55,5.08,0.7727
2026-07-16,4.57,5.09,0.7801
2026-07-17,4.55,5.06,0.7787
2026-07-20,4.6,5.11,0.7931
2026-07-21,4.63,5.13,0.812
2026-07-22,4.67,5.15,0.831
2026-07-23,4.71,5.17,0.8488
2026-07-24,4.69,5.16,0.8384
2026-07-27,4.65,5.12,0.8208
2026-07-28,4.61,5.09,0.7998
2026-07-29,4.67,5.2,0.8181
2026-07-30,4.68,5.21,0.833
2026-07-31,4.75,5.27,0.8681
2026-08-03,4.7,5.23,0.8531
2026-08-04,4.63,5.18,0.8216
2026-08-05,4.63,5.17,0.813
2026-08-06,4.69,5.22,0.8361
2026-08-07,4.65,5.19,0.8257
2026-08-10,4.72,5.25,0.8488
2026-08-11,4.7,5.24,0.8479
2026-08-12,4.68,5.24,0.8438
2026-08-13,4.63,5.21,0.8233
2026-08-14,4.68,5.25,0.8393
2026-08-17,4.72,5.31,0.8536
2026-08-18,4.71,5.28,0.8549
2026-08-19,4.65,5.19,0.8378
2026-08-20,4.69,5.23,0.8478
2026-08-21,4.74,5.27,0.8682
2026-08-24,4.7,5.23,0.8631
2026-08-25,4.64,5.17,0.8347
2026-08-26,4.66,5.18,0.8394
2026-08-27,4.67,5.19,0.8472
2026-08-28,4.73,5.22,0.8756
2026-08-31,4.75,5.25,0.8803
2026-09-01,4.79,5.27,0.8997
2026-09-02,4.79,5.27,0.8992
2026-09-03,4.77,5.25,0.8812
2026-09-04,4.78,5.24,0.8892
2026-09-08,4.8,5.25,0.8919
2026-09-09,4.83,5.28,0.9002
2026-09-10,4.95,5.37,0.9481
2026-09-11,4.96,5.35,0.961
2026-09-14,4.97,5.34,0.959
2026-09-15,5.0,5.36,0.9641
2026-09-16,5.01,5.35,0.9719
2026-09-17,4.94,5.29,0.9396
2026-09-18,5.01,5.34,0.9595
2026-09-21,4.96,5.29,
2026-09-22,4.96,5.29,
2026-09-23,5.11,5.4,
