date,GS10,GS30,FEDFUNDS,TB3MS,AAA,BAA,EXPINF10YR,PCEPILFE,CPIAUCSL,UNRATE,KWTP10,acm_y10,acm_tp10,acm_rn10,core_pce_yoy,cpi_yoy,infl_yoy,real10_ex_post,real10_ex_ante,aaa_spread,baa_spread
1919-01-01,,,,,5.35,7.12,,,,,,,,,,,,,,,
1919-02-01,,,,,5.35,7.2,,,,,,,,,,,,,,,
1919-03-01,,,,,5.39,7.15,,,,,,,,,,,,,,,
1919-04-01,,,,,5.44,7.23,,,,,,,,,,,,,,,
1919-05-01,,,,,5.39,7.09,,,,,,,,,,,,,,,
1919-06-01,,,,,5.4,7.04,,,,,,,,,,,,,,,
1919-07-01,,,,,5.44,7.06,,,,,,,,,,,,,,,
1919-08-01,,,,,5.56,7.13,,,,,,,,,,,,,,,
1919-09-01,,,,,5.6,7.27,,,,,,,,,,,,,,,
1919-10-01,,,,,5.54,7.34,,,,,,,,,,,,,,,
1919-11-01,,,,,5.66,7.54,,,,,,,,,,,,,,,
1919-12-01,,,,,5.73,7.77,,,,,,,,,,,,,,,
1920-01-01,,,,,5.75,7.78,,,,,,,,,,,,,,,
1920-02-01,,,,,5.86,7.94,,,,,,,,,,,,,,,
1920-03-01,,,,,5.92,7.97,,,,,,,,,,,,,,,
1920-04-01,,,,,6.04,8.17,,,,,,,,,,,,,,,
1920-05-01,,,,,6.25,8.39,,,,,,,,,,,,,,,
1920-06-01,,,,,6.38,8.39,,,,,,,,,,,,,,,
1920-07-01,,,,,6.34,8.52,,,,,,,,,,,,,,,
1920-08-01,,,,,6.3,8.39,,,,,,,,,,,,,,,
1920-09-01,,,,,6.22,8.14,,,,,,,,,,,,,,,
1920-10-01,,,,,6.05,7.99,,,,,,,,,,,,,,,
1920-11-01,,,,,6.08,8.21,,,,,,,,,,,,,,,
1920-12-01,,,,,6.26,8.56,,,,,,,,,,,,,,,
1921-01-01,,,,,6.14,8.5,,,,,,,,,,,,,,,
1921-02-01,,,,,6.08,8.42,,,,,,,,,,,,,,,
1921-03-01,,,,,6.08,8.55,,,,,,,,,,,,,,,
1921-04-01,,,,,6.06,8.53,,,,,,,,,,,,,,,
1921-05-01,,,,,6.11,8.52,,,,,,,,,,,,,,,
1921-06-01,,,,,6.18,8.56,,,,,,,,,,,,,,,
1921-07-01,,,,,6.12,8.48,,,,,,,,,,,,,,,
1921-08-01,,,,,5.99,8.51,,,,,,,,,,,,,,,
1921-09-01,,,,,5.93,8.34,,,,,,,,,,,,,,,
1921-10-01,,,,,5.84,8.34,,,,,,,,,,,,,,,
1921-11-01,,,,,5.6,7.88,,,,,,,,,,,,,,,
1921-12-01,,,,,5.5,7.61,,,,,,,,,,,,,,,
1922-01-01,,,,,5.34,7.7,,,,,,,,,,,,,,,
1922-02-01,,,,,5.29,7.55,,,,,,,,,,,,,,,
1922-03-01,,,,,5.23,7.45,,,,,,,,,,,,,,,
1922-04-01,,,,,5.15,7.14,,,,,,,,,,,,,,,
1922-05-01,,,,,5.13,6.89,,,,,,,,,,,,,,,
1922-06-01,,,,,5.08,6.97,,,,,,,,,,,,,,,
1922-07-01,,,,,5.0,6.89,,,,,,,,,,,,,,,
1922-08-01,,,,,4.96,6.85,,,,,,,,,,,,,,,
1922-09-01,,,,,4.93,6.75,,,,,,,,,,,,,,,
1922-10-01,,,,,4.97,6.78,,,,,,,,,,,,,,,
1922-11-01,,,,,5.09,6.98,,,,,,,,,,,,,,,
1922-12-01,,,,,5.08,7.02,,,,,,,,,,,,,,,
1923-01-01,,,,,5.04,6.98,,,,,,,,,,,,,,,
1923-02-01,,,,,5.07,6.97,,,,,,,,,,,,,,,
1923-03-01,,,,,5.13,7.09,,,,,,,,,,,,,,,
1923-04-01,,,,,5.22,7.17,,,,,,,,,,,,,,,
1923-05-01,,,,,5.16,7.17,,,,,,,,,,,,,,,
1923-06-01,,,,,5.15,7.21,,,,,,,,,,,,,,,
1923-07-01,,,,,5.14,7.34,,,,,,,,,,,,,,,
1923-08-01,,,,,5.08,7.38,,,,,,,,,,,,,,,
1923-09-01,,,,,5.12,7.38,,,,,,,,,,,,,,,
1923-10-01,,,,,5.11,7.46,,,,,,,,,,,,,,,
1923-11-01,,,,,5.09,7.4,,,,,,,,,,,,,,,
1923-12-01,,,,,5.09,7.38,,,,,,,,,,,,,,,
1924-01-01,,,,,5.09,7.24,,,,,,,,,,,,,,,
1924-02-01,,,,,5.09,7.14,,,,,,,,,,,,,,,
1924-03-01,,,,,5.1,7.08,,,,,,,,,,,,,,,
1924-04-01,,,,,5.08,7.03,,,,,,,,,,,,,,,
1924-05-01,,,,,5.04,6.97,,,,,,,,,,,,,,,
1924-06-01,,,,,4.99,6.82,,,,,,,,,,,,,,,
1924-07-01,,,,,4.95,6.67,,,,,,,,,,,,,,,
1924-08-01,,,,,4.95,6.69,,,,,,,,,,,,,,,
1924-09-01,,,,,4.95,6.73,,,,,,,,,,,,,,,
1924-10-01,,,,,4.92,6.62,,,,,,,,,,,,,,,
1924-11-01,,,,,4.94,6.54,,,,,,,,,,,,,,,
1924-12-01,,,,,4.95,6.46,,,,,,,,,,,,,,,
1925-01-01,,,,,4.95,6.44,,,,,,,,,,,,,,,
1925-02-01,,,,,4.95,6.36,,,,,,,,,,,,,,,
1925-03-01,,,,,4.91,6.36,,,,,,,,,,,,,,,
1925-04-01,,,,,4.87,6.41,,,,,,,,,,,,,,,
1925-05-01,,,,,4.83,6.3,,,,,,,,,,,,,,,
1925-06-01,,,,,4.83,6.18,,,,,,,,,,,,,,,
1925-07-01,,,,,4.87,6.2,,,,,,,,,,,,,,,
1925-08-01,,,,,4.9,6.24,,,,,,,,,,,,,,,
1925-09-01,,,,,4.87,6.2,,,,,,,,,,,,,,,
1925-10-01,,,,,4.85,6.17,,,,,,,,,,,,,,,
1925-11-01,,,,,4.84,6.17,,,,,,,,,,,,,,,
1925-12-01,,,,,4.85,6.15,,,,,,,,,,,,,,,
1926-01-01,,,,,4.82,6.09,,,,,,,,,,,,,,,
1926-02-01,,,,,4.77,6.02,,,,,,,,,,,,,,,
1926-03-01,,,,,4.79,6.05,,,,,,,,,,,,,,,
1926-04-01,,,,,4.74,5.98,,,,,,,,,,,,,,,
1926-05-01,,,,,4.71,5.86,,,,,,,,,,,,,,,
1926-06-01,,,,,4.72,5.8,,,,,,,,,,,,,,,
1926-07-01,,,,,4.71,5.79,,,,,,,,,,,,,,,
1926-08-01,,,,,4.72,5.81,,,,,,,,,,,,,,,
1926-09-01,,,,,4.72,5.79,,,,,,,,,,,,,,,
1926-10-01,,,,,4.71,5.81,,,,,,,,,,,,,,,
1926-11-01,,,,,4.68,5.77,,,,,,,,,,,,,,,
1926-12-01,,,,,4.68,5.68,,,,,,,,,,,,,,,
1927-01-01,,,,,4.66,5.61,,,,,,,,,,,,,,,
1927-02-01,,,,,4.67,5.59,,,,,,,,,,,,,,,
1927-03-01,,,,,4.62,5.54,,,,,,,,,,,,,,,
1927-04-01,,,,,4.58,5.48,,,,,,,,,,,,,,,
1927-05-01,,,,,4.57,5.5,,,,,,,,,,,,,,,
1927-06-01,,,,,4.58,5.55,,,,,,,,,,,,,,,
1927-07-01,,,,,4.6,5.55,,,,,,,,,,,,,,,
1927-08-01,,,,,4.56,5.48,,,,,,,,,,,,,,,
1927-09-01,,,,,4.54,5.42,,,,,,,,,,,,,,,
1927-10-01,,,,,4.51,5.38,,,,,,,,,,,,,,,
1927-11-01,,,,,4.49,5.35,,,,,,,,,,,,,,,
1927-12-01,,,,,4.46,5.32,,,,,,,,,,,,,,,
1928-01-01,,,,,4.46,5.35,,,,,,,,,,,,,,,
1928-02-01,,,,,4.46,5.33,,,,,,,,,,,,,,,
1928-03-01,,,,,4.46,5.32,,,,,,,,,,,,,,,
1928-04-01,,,,,4.46,5.33,,,,,,,,,,,,,,,
1928-05-01,,,,,4.49,5.42,,,,,,,,,,,,,,,
1928-06-01,,,,,4.57,5.55,,,,,,,,,,,,,,,
1928-07-01,,,,,4.61,5.58,,,,,,,,,,,,,,,
1928-08-01,,,,,4.64,5.61,,,,,,,,,,,,,,,
1928-09-01,,,,,4.61,5.59,,,,,,,,,,,,,,,
1928-10-01,,,,,4.61,5.58,,,,,,,,,,,,,,,
1928-11-01,,,,,4.58,5.55,,,,,,,,,,,,,,,
1928-12-01,,,,,4.61,5.6,,,,,,,,,,,,,,,
1929-01-01,,,,,4.62,5.63,,,,,,,,,,,,,,,
1929-02-01,,,,,4.66,5.66,,,,,,,,,,,,,,,
1929-03-01,,,,,4.7,5.79,,,,,,,,,,,,,,,
1929-04-01,,,,,4.69,5.8,,,,,,,,,,,,,,,
1929-05-01,,,,,4.7,5.8,,,,,,,,,,,,,,,
1929-06-01,,,,,4.77,5.94,,,,,,,,,,,,,,,
1929-07-01,,,,,4.77,5.95,,,,,,,,,,,,,,,
1929-08-01,,,,,4.79,6.04,,,,,,,,,,,,,,,
1929-09-01,,,,,4.8,6.12,,,,,,,,,,,,,,,
1929-10-01,,,,,4.77,6.11,,,,,,,,,,,,,,,
1929-11-01,,,,,4.76,6.03,,,,,,,,,,,,,,,
1929-12-01,,,,,4.67,5.95,,,,,,,,,,,,,,,
1930-01-01,,,,,4.66,5.92,,,,,,,,,,,,,,,
1930-02-01,,,,,4.69,5.89,,,,,,,,,,,,,,,
1930-03-01,,,,,4.62,5.73,,,,,,,,,,,,,,,
1930-04-01,,,,,4.6,5.7,,,,,,,,,,,,,,,
1930-05-01,,,,,4.6,5.72,,,,,,,,,,,,,,,
1930-06-01,,,,,4.57,5.78,,,,,,,,,,,,,,,
1930-07-01,,,,,4.52,5.77,,,,,,,,,,,,,,,
1930-08-01,,,,,4.47,5.73,,,,,,,,,,,,,,,
1930-09-01,,,,,4.42,5.65,,,,,,,,,,,,,,,
1930-10-01,,,,,4.42,5.94,,,,,,,,,,,,,,,
1930-11-01,,,,,4.47,6.25,,,,,,,,,,,,,,,
1930-12-01,,,,,4.52,6.71,,,,,,,,,,,,,,,
1931-01-01,,,,,4.42,6.41,,,,,,,,,,,,,,,
1931-02-01,,,,,4.43,6.38,,,,,,,,,,,,,,,
1931-03-01,,,,,4.39,6.44,,,,,,,,,,,,,,,
1931-04-01,,,,,4.4,6.72,,,,,,,,,,,,,,,
1931-05-01,,,,,4.37,7.15,,,,,,,,,,,,,,,
1931-06-01,,,,,4.36,7.36,,,,,,,,,,,,,,,
1931-07-01,,,,,4.36,7.08,,,,,,,,,,,,,,,
1931-08-01,,,,,4.4,7.47,,,,,,,,,,,,,,,
1931-09-01,,,,,4.55,8.07,,,,,,,,,,,,,,,
1931-10-01,,,,,4.99,9.04,,,,,,,,,,,,,,,
1931-11-01,,,,,4.94,8.93,,,,,,,,,,,,,,,
1931-12-01,,,,,5.32,10.42,,,,,,,,,,,,,,,
1932-01-01,,,,,5.2,9.13,,,,,,,,,,,,,,,
1932-02-01,,,,,5.23,8.87,,,,,,,,,,,,,,,
1932-03-01,,,,,4.98,8.83,,,,,,,,,,,,,,,
1932-04-01,,,,,5.17,10.46,,,,,,,,,,,,,,,
1932-05-01,,,,,5.36,11.0,,,,,,,,,,,,,,,
1932-06-01,,,,,5.41,11.0,,,,,,,,,,,,,,,
1932-07-01,,,,,5.26,10.79,,,,,,,,,,,,,,,
1932-08-01,,,,,4.91,8.22,,,,,,,,,,,,,,,
1932-09-01,,,,,4.7,7.61,,,,,,,,,,,,,,,
1932-10-01,,,,,4.64,7.87,,,,,,,,,,,,,,,
1932-11-01,,,,,4.63,8.24,,,,,,,,,,,,,,,
1932-12-01,,,,,4.59,8.42,,,,,,,,,,,,,,,
1933-01-01,,,,,4.44,8.01,,,,,,,,,,,,,,,
1933-02-01,,,,,4.48,8.37,,,,,,,,,,,,,,,
1933-03-01,,,,,4.68,8.91,,,,,,,,,,,,,,,
1933-04-01,,,,,4.78,9.12,,,,,,,,,,,,,,,
1933-05-01,,,,,4.63,7.74,,,,,,,,,,,,,,,
1933-06-01,,,,,4.46,7.07,,,,,,,,,,,,,,,
1933-07-01,,,,,4.36,6.62,,,,,,,,,,,,,,,
1933-08-01,,,,,4.3,6.77,,,,,,,,,,,,,,,
1933-09-01,,,,,4.36,7.27,,,,,,,,,,,,,,,
1933-10-01,,,,,4.34,7.49,,,,,,,,,,,,,,,
1933-11-01,,,,,4.54,7.98,,,,,,,,,,,,,,,
1933-12-01,,,,,4.5,7.75,,,,,,,,,,,,,,,
1934-01-01,,,,0.72,4.35,7.01,,,,,,,,,,,,,,,
1934-02-01,,,,0.62,4.2,6.27,,,,,,,,,,,,,,,
1934-03-01,,,,0.24,4.13,6.26,,,,,,,,,,,,,,,
1934-04-01,,,,0.15,4.07,6.01,,,,,,,,,,,,,,,
1934-05-01,,,,0.16,4.01,6.05,,,,,,,,,,,,,,,
1934-06-01,,,,0.15,3.93,6.06,,,,,,,,,,,,,,,
1934-07-01,,,,0.15,3.89,6.13,,,,,,,,,,,,,,,
1934-08-01,,,,0.19,3.93,6.49,,,,,,,,,,,,,,,
1934-09-01,,,,0.21,3.96,6.57,,,,,,,,,,,,,,,
1934-10-01,,,,0.27,3.9,6.4,,,,,,,,,,,,,,,
1934-11-01,,,,0.25,3.86,6.37,,,,,,,,,,,,,,,
1934-12-01,,,,0.23,3.81,6.23,,,,,,,,,,,,,,,
1935-01-01,,,,0.2,3.77,5.98,,,,,,,,,,,,,,,
1935-02-01,,,,0.19,3.69,5.95,,,,,,,,,,,,,,,
1935-03-01,,,,0.15,3.67,6.2,,,,,,,,,,,,,,,
1935-04-01,,,,0.15,3.66,6.13,,,,,,,,,,,,,,,
1935-05-01,,,,0.15,3.65,5.94,,,,,,,,,,,,,,,
1935-06-01,,,,0.15,3.61,5.77,,,,,,,,,,,,,,,
1935-07-01,,,,0.15,3.56,5.67,,,,,,,,,,,,,,,
1935-08-01,,,,0.16,3.6,5.58,,,,,,,,,,,,,,,
1935-09-01,,,,0.2,3.59,5.53,,,,,,,,,,,,,,,
1935-10-01,,,,0.2,3.52,5.54,,,,,,,,,,,,,,,
1935-11-01,,,,0.16,3.47,5.43,,,,,,,,,,,,,,,
1935-12-01,,,,0.15,3.44,5.3,,,,,,,,,,,,,,,
1936-01-01,,,,0.2,3.37,5.0,,,,,,,,,,,,,,,
1936-02-01,,,,0.2,3.32,4.8,,,,,,,,,,,,,,,
1936-03-01,,,,0.2,3.29,4.86,,,,,,,,,,,,,,,
1936-04-01,,,,0.2,3.29,4.91,,,,,,,,,,,,,,,
1936-05-01,,,,0.2,3.27,4.94,,,,,,,,,,,,,,,
1936-06-01,,,,0.2,3.24,4.9,,,,,,,,,,,,,,,
1936-07-01,,,,0.15,3.23,4.84,,,,,,,,,,,,,,,
1936-08-01,,,,0.2,3.21,4.74,,,,,,,,,,,,,,,
1936-09-01,,,,0.16,3.18,4.62,,,,,,,,,,,,,,,
1936-10-01,,,,0.13,3.18,4.54,,,,,,,,,,,,,,,
1936-11-01,,,,0.11,3.15,4.52,,,,,,,,,,,,,,,
1936-12-01,,,,0.12,3.1,4.53,,,,,,,,,,,,,,,
1937-01-01,,,,0.17,3.1,4.49,,,,,,,,,,,,,,,
1937-02-01,,,,0.15,3.22,4.53,,,,,,,,,,,,,,,
1937-03-01,,,,0.38,3.32,4.68,,,,,,,,,,,,,,,
1937-04-01,,,,0.56,3.42,4.84,,,,,,,,,,,,,,,
1937-05-01,,,,0.41,3.33,4.84,,,,,,,,,,,,,,,
1937-06-01,,,,0.36,3.28,4.93,,,,,,,,,,,,,,,
1937-07-01,,,,0.28,3.25,4.91,,,,,,,,,,,,,,,
1937-08-01,,,,0.29,3.24,4.92,,,,,,,,,,,,,,,
1937-09-01,,,,0.31,3.28,5.16,,,,,,,,,,,,,,,
1937-10-01,,,,0.2,3.27,5.52,,,,,,,,,,,,,,,
1937-11-01,,,,0.09,3.24,5.82,,,,,,,,,,,,,,,
1937-12-01,,,,0.11,3.21,5.73,,,,,,,,,,,,,,,
1938-01-01,,,,0.1,3.17,5.89,,,,,,,,,,,,,,,
1938-02-01,,,,0.08,3.2,5.97,,,,,,,,,,,,,,,
1938-03-01,,,,0.08,3.22,6.3,,,,,,,,,,,,,,,
1938-04-01,,,,0.09,3.3,6.47,,,,,,,,,,,,,,,
1938-05-01,,,,0.05,3.22,6.06,,,,,,,,,,,,,,,
1938-06-01,,,,0.05,3.26,6.25,,,,,,,,,,,,,,,
1938-07-01,,,,0.07,3.22,5.63,,,,,,,,,,,,,,,
1938-08-01,,,,0.06,3.18,5.49,,,,,,,,,,,,,,,
1938-09-01,,,,0.08,3.21,5.65,,,,,,,,,,,,,,,
1938-10-01,,,,0.05,3.15,5.36,,,,,,,,,,,,,,,
1938-11-01,,,,0.04,3.1,5.23,,,,,,,,,,,,,,,
1938-12-01,,,,0.03,3.08,5.27,,,,,,,,,,,,,,,
1939-01-01,,,,0.03,3.01,5.12,,,,,,,,,,,,,,,
1939-02-01,,,,0.03,3.0,5.05,,,,,,,,,,,,,,,
1939-03-01,,,,0.03,2.99,4.89,,,,,,,,,,,,,,,
1939-04-01,,,,0.03,3.02,5.15,,,,,,,,,,,,,,,
1939-05-01,,,,0.03,2.97,5.07,,,,,,,,,,,,,,,
1939-06-01,,,,0.03,2.92,4.91,,,,,,,,,,,,,,,
1939-07-01,,,,0.04,2.89,4.84,,,,,,,,,,,,,,,
1939-08-01,,,,0.05,2.93,4.85,,,,,,,,,,,,,,,
1939-09-01,,,,0.14,3.25,5.0,,,,,,,,,,,,,,,
1939-10-01,,,,0.05,3.15,4.88,,,,,,,,,,,,,,,
1939-11-01,,,,0.05,3.0,4.85,,,,,,,,,,,,,,,
1939-12-01,,,,0.04,2.94,4.92,,,,,,,,,,,,,,,
1940-01-01,,,,0.01,2.88,4.86,,,,,,,,,,,,,,,
1940-02-01,,,,0.02,2.86,4.83,,,,,,,,,,,,,,,
1940-03-01,,,,0.02,2.84,4.8,,,,,,,,,,,,,,,
1940-04-01,,,,0.02,2.82,4.74,,,,,,,,,,,,,,,
1940-05-01,,,,0.06,2.93,4.94,,,,,,,,,,,,,,,
1940-06-01,,,,0.1,2.96,5.11,,,,,,,,,,,,,,,
1940-07-01,,,,0.05,2.88,4.8,,,,,,,,,,,,,,,
1940-08-01,,,,0.04,2.85,4.76,,,,,,,,,,,,,,,
1940-09-01,,,,0.05,2.82,4.66,,,,,,,,,,,,,,,
1940-10-01,,,,0.02,2.79,4.56,,,,,,,,,,,,,,,
1940-11-01,,,,0.02,2.75,4.48,,,,,,,,,,,,,,,
1940-12-01,,,,0.02,2.71,4.45,,,,,,,,,,,,,,,
1941-01-01,,,,0.02,2.75,4.38,,,,,,,,,,,,,,,
1941-02-01,,,,0.04,2.78,4.42,,,,,,,,,,,,,,,
1941-03-01,,,,0.11,2.8,4.38,,,,,,,,,,,,,,,
1941-04-01,,,,0.1,2.82,4.33,,,,,,,,,,,,,,,
1941-05-01,,,,0.11,2.81,4.32,,,,,,,,,,,,,,,
1941-06-01,,,,0.12,2.77,4.31,,,,,,,,,,,,,,,
1941-07-01,,,,0.12,2.74,4.28,,,,,,,,,,,,,,,
1941-08-01,,,,0.13,2.74,4.27,,,,,,,,,,,,,,,
1941-09-01,,,,0.1,2.75,4.3,,,,,,,,,,,,,,,
1941-10-01,,,,0.09,2.73,4.28,,,,,,,,,,,,,,,
1941-11-01,,,,0.28,2.72,4.28,,,,,,,,,,,,,,,
1941-12-01,,,,0.33,2.8,4.38,,,,,,,,,,,,,,,
1942-01-01,,,,0.27,2.83,4.29,,,,,,,,,,,,,,,
1942-02-01,,,,0.25,2.85,4.29,,,,,,,,,,,,,,,
1942-03-01,,,,0.25,2.86,4.3,,,,,,,,,,,,,,,
1942-04-01,,,,0.32,2.83,4.26,,,,,,,,,,,,,,,
1942-05-01,,,,0.37,2.85,4.27,,,,,,,,,,,,,,,
1942-06-01,,,,0.37,2.85,4.33,,,,,,,,,,,,,,,
1942-07-01,,,,0.38,2.83,4.3,,,,,,,,,,,,,,,
1942-08-01,,,,0.38,2.81,4.28,,,,,,,,,,,,,,,
1942-09-01,,,,0.38,2.8,4.26,,,,,,,,,,,,,,,
1942-10-01,,,,0.38,2.8,4.24,,,,,,,,,,,,,,,
1942-11-01,,,,0.38,2.79,4.25,,,,,,,,,,,,,,,
1942-12-01,,,,0.38,2.81,4.28,,,,,,,,,,,,,,,
1943-01-01,,,,0.38,2.79,4.16,,,,,,,,,,,,,,,
1943-02-01,,,,0.38,2.77,4.08,,,,,,,,,,,,,,,
1943-03-01,,,,0.38,2.76,4.01,,,,,,,,,,,,,,,
1943-04-01,,,,0.38,2.76,3.96,,,,,,,,,,,,,,,
1943-05-01,,,,0.38,2.74,3.91,,,,,,,,,,,,,,,
1943-06-01,,,,0.38,2.72,3.88,,,,,,,,,,,,,,,
1943-07-01,,,,0.38,2.69,3.81,,,,,,,,,,,,,,,
1943-08-01,,,,0.38,2.69,3.81,,,,,,,,,,,,,,,
1943-09-01,,,,0.38,2.69,3.83,,,,,,,,,,,,,,,
1943-10-01,,,,0.38,2.7,3.82,,,,,,,,,,,,,,,
1943-11-01,,,,0.38,2.71,3.83,,,,,,,,,,,,,,,
1943-12-01,,,,0.38,2.74,3.82,,,,,,,,,,,,,,,
1944-01-01,,,,0.38,2.72,3.76,,,,,,,,,,,,,,,
1944-02-01,,,,0.38,2.74,3.72,,,,,,,,,,,,,,,
1944-03-01,,,,0.38,2.74,3.7,,,,,,,,,,,,,,,
1944-04-01,,,,0.38,2.74,3.68,,,,,,,,,,,,,,,
1944-05-01,,,,0.38,2.73,3.63,,,,,,,,,,,,,,,
1944-06-01,,,,0.38,2.73,3.59,,,,,,,,,,,,,,,
1944-07-01,,,,0.38,2.72,3.57,,,,,,,,,,,,,,,
1944-08-01,,,,0.38,2.71,3.55,,,,,,,,,,,,,,,
1944-09-01,,,,0.38,2.72,3.56,,,,,,,,,,,,,,,
1944-10-01,,,,0.38,2.72,3.55,,,,,,,,,,,,,,,
1944-11-01,,,,0.38,2.72,3.53,,,,,,,,,,,,,,,
1944-12-01,,,,0.38,2.7,3.49,,,,,,,,,,,,,,,
1945-01-01,,,,0.38,2.69,3.46,,,,,,,,,,,,,,,
1945-02-01,,,,0.38,2.65,3.41,,,,,,,,,,,,,,,
1945-03-01,,,,0.38,2.62,3.38,,,,,,,,,,,,,,,
1945-04-01,,,,0.38,2.61,3.36,,,,,,,,,,,,,,,
1945-05-01,,,,0.38,2.62,3.32,,,,,,,,,,,,,,,
1945-06-01,,,,0.38,2.61,3.29,,,,,,,,,,,,,,,
1945-07-01,,,,0.38,2.6,3.26,,,,,,,,,,,,,,,
1945-08-01,,,,0.38,2.61,3.26,,,,,,,,,,,,,,,
1945-09-01,,,,0.38,2.62,3.24,,,,,,,,,,,,,,,
1945-10-01,,,,0.38,2.62,3.2,,,,,,,,,,,,,,,
1945-11-01,,,,0.38,2.62,3.15,,,,,,,,,,,,,,,
1945-12-01,,,,0.38,2.61,3.1,,,,,,,,,,,,,,,
1946-01-01,,,,0.38,2.54,3.01,,,,,,,,,,,,,,,
1946-02-01,,,,0.38,2.48,2.95,,,,,,,,,,,,,,,
1946-03-01,,,,0.38,2.47,2.94,,,,,,,,,,,,,,,
1946-04-01,,,,0.38,2.46,2.96,,,,,,,,,,,,,,,
1946-05-01,,,,0.38,2.51,3.02,,,,,,,,,,,,,,,
1946-06-01,,,,0.38,2.49,3.03,,,,,,,,,,,,,,,
1946-07-01,,,,0.38,2.48,3.03,,,,,,,,,,,,,,,
1946-08-01,,,,0.38,2.51,3.03,,,,,,,,,,,,,,,
1946-09-01,,,,0.38,2.58,3.1,,,,,,,,,,,,,,,
1946-10-01,,,,0.38,2.6,3.15,,,,,,,,,,,,,,,
1946-11-01,,,,0.38,2.59,3.17,,,,,,,,,,,,,,,
1946-12-01,,,,0.38,2.61,3.17,,,,,,,,,,,,,,,
1947-01-01,,,,0.38,2.57,3.13,,,21.48,,,,,,,,,,,,
1947-02-01,,,,0.38,2.55,3.12,,,21.62,,,,,,,,,,,,
1947-03-01,,,,0.38,2.55,3.15,,,22.0,,,,,,,,,,,,
1947-04-01,,,,0.38,2.53,3.16,,,22.0,,,,,,,,,,,,
1947-05-01,,,,0.38,2.53,3.17,,,21.95,,,,,,,,,,,,
1947-06-01,,,,0.38,2.55,3.21,,,22.08,,,,,,,,,,,,
1947-07-01,,,,0.66,2.55,3.18,,,22.23,,,,,,,,,,,,
1947-08-01,,,,0.75,2.56,3.17,,,22.4,,,,,,,,,,,,
1947-09-01,,,,0.8,2.61,3.23,,,22.84,,,,,,,,,,,,
1947-10-01,,,,0.85,2.7,3.35,,,22.91,,,,,,,,,,,,
1947-11-01,,,,0.92,2.77,3.44,,,23.06,,,,,,,,,,,,
1947-12-01,,,,0.95,2.86,3.52,,,23.41,,,,,,,,,,,,
1948-01-01,,,,0.97,2.86,3.52,,,23.68,3.4,,,,,,10.242085661080068,10.242085661080068,,,,
1948-02-01,,,,1.0,2.85,3.53,,,23.67,3.8,,,,,,9.481961147086038,9.481961147086038,,,,
1948-03-01,,,,1.0,2.83,3.53,,,23.5,4.0,,,,,,6.818181818181812,6.818181818181812,,,,
1948-04-01,,,,1.0,2.78,3.47,,,23.82,3.9,,,,,,8.272727272727277,8.272727272727277,,,,
1948-05-01,,,,1.0,2.76,3.38,,,24.01,3.5,,,,,,9.384965831435089,9.384965831435089,,,,
1948-06-01,,,,1.0,2.76,3.34,,,24.15,3.6,,,,,,9.375,9.375,,,,
1948-07-01,,,,1.0,2.81,3.37,,,24.4,3.6,,,,,,9.761583445793963,9.761583445793963,,,,
1948-08-01,,,,1.06,2.84,3.44,,,24.43,3.9,,,,,,9.062499999999996,9.062499999999996,,,,
1948-09-01,,,,1.09,2.84,3.45,,,24.36,3.8,,,,,,6.654991243432562,6.654991243432562,,,,
1948-10-01,,,,1.12,2.84,3.5,,,24.31,3.7,,,,,,6.110868616324749,6.110868616324749,,,,
1948-11-01,,,,1.14,2.84,3.53,,,24.16,3.8,,,,,,4.770164787510844,4.770164787510844,,,,
1948-12-01,,,,1.16,2.79,3.53,,,24.05,4.0,,,,,,2.733874412644166,2.733874412644166,,,,
1949-01-01,,,,1.17,2.71,3.46,,,24.01,4.3,,,,,,1.3935810810810967,1.3935810810810967,,,,
1949-02-01,,,,1.17,2.71,3.45,,,23.91,4.7,,,,,,1.0139416983523386,1.0139416983523386,,,,
1949-03-01,,,,1.17,2.7,3.47,,,23.91,5.0,,,,,,1.744680851063829,1.744680851063829,,,,
1949-04-01,,,,1.17,2.7,3.45,,,23.92,5.3,,,,,,0.4198152812762368,0.4198152812762368,,,,
1949-05-01,,,,1.17,2.71,3.45,,,23.91,6.1,,,,,,-0.4164931278633932,-0.4164931278633932,,,,
1949-06-01,,,,1.17,2.71,3.47,,,23.92,6.2,,,,,,-0.9523809523809379,-0.9523809523809379,,,,
1949-07-01,,,,1.02,2.67,3.46,,,23.7,6.7,,,,,,-2.868852459016391,-2.868852459016391,,,,
1949-08-01,,,,1.04,2.62,3.4,,,23.7,6.8,,,,,,-2.988129349160873,-2.988129349160873,,,,
1949-09-01,,,,1.07,2.6,3.37,,,23.75,6.6,,,,,,-2.504105090311981,-2.504105090311981,,,,
1949-10-01,,,,1.05,2.61,3.36,,,23.67,7.9,,,,,,-2.6326614561908546,-2.6326614561908546,,,,
1949-11-01,,,,1.08,2.6,3.35,,,23.7,6.4,,,,,,-1.9039735099337762,-1.9039735099337762,,,,
1949-12-01,,,,1.1,2.58,3.31,,,23.61,6.6,,,,,,-1.8295218295218296,-1.8295218295218296,,,,
1950-01-01,,,,1.07,2.57,3.24,,,23.51,6.5,,,,,,-2.082465639316955,-2.082465639316955,,,,
1950-02-01,,,,1.12,2.58,3.24,,,23.61,6.4,,,,,,-1.2547051442910906,-1.2547051442910906,,,,
1950-03-01,,,,1.12,2.58,3.24,,,23.64,6.3,,,,,,-1.129234629861986,-1.129234629861986,,,,
1950-04-01,,,,1.15,2.6,3.23,,,23.65,5.8,,,,,,-1.1287625418060276,-1.1287625418060276,,,,
1950-05-01,,,,1.16,2.61,3.25,,,23.77,5.5,,,,,,-0.5855290673358438,-0.5855290673358438,,,,
1950-06-01,,,,1.15,2.62,3.28,,,23.88,5.4,,,,,,-0.16722408026756952,-0.16722408026756952,,,,
1950-07-01,,,,1.16,2.65,3.32,,,24.07,5.0,,,,,,1.561181434599157,1.561181434599157,,,,
1950-08-01,,,,1.2,2.61,3.23,,,24.2,4.5,,,,,,2.1097046413502074,2.1097046413502074,,,,
1950-09-01,,,,1.3,2.64,3.21,,,24.34,4.4,,,,,,2.4842105263158,2.4842105263158,,,,
1950-10-01,,,,1.31,2.67,3.22,,,24.5,4.2,,,,,,3.50654837346851,3.50654837346851,,,,
1950-11-01,,,,1.36,2.67,3.22,,,24.6,4.2,,,,,,3.797468354430378,3.797468354430378,,,,
1950-12-01,,,,1.34,2.67,3.2,,,24.98,4.3,,,,,,5.80262600592969,5.80262600592969,,,,
1951-01-01,,,,1.34,2.66,3.17,,,25.38,3.7,,,,,,7.9540621012335055,7.9540621012335055,,,,
1951-02-01,,,,1.36,2.66,3.16,,,25.83,3.4,,,,,,9.402795425667087,9.402795425667087,,,,
1951-03-01,,,,1.4,2.78,3.23,,,25.88,3.4,,,,,,9.475465313028764,9.475465313028764,,,,
1951-04-01,,,,1.47,2.87,3.35,,,25.92,3.1,,,,,,9.598308668076116,9.598308668076116,,,,
1951-05-01,,,,1.55,2.89,3.4,,,25.99,3.0,,,,,,9.339503575936048,9.339503575936048,,,,
1951-06-01,,,,1.45,2.94,3.49,,,25.93,3.2,,,,,,8.584589614740379,8.584589614740379,,,,
1951-07-01,,,,1.56,2.94,3.53,,,25.91,3.1,,,,,,7.644370585791438,7.644370585791438,,,,
1951-08-01,,,,1.62,2.88,3.5,,,25.86,3.1,,,,,,6.859504132231398,6.859504132231398,,,,
1951-09-01,,,,1.63,2.84,3.46,,,26.03,3.3,,,,,,6.943303204601481,6.943303204601481,,,,
1951-10-01,,,,1.54,2.89,3.5,,,26.16,3.5,,,,,,6.775510204081625,6.775510204081625,,,,
1951-11-01,,,,1.56,2.96,3.56,,,26.32,3.5,,,,,,6.991869918699178,6.991869918699178,,,,
1951-12-01,,,,1.73,3.01,3.61,,,26.47,3.1,,,,,,5.964771817453962,5.964771817453962,,,,
1952-01-01,,,,1.57,2.98,3.59,,,26.45,3.2,,,,,,4.215918045705291,4.215918045705291,,,,
1952-02-01,,,,1.54,2.93,3.53,,,26.41,3.1,,,,,,2.245451025938827,2.245451025938827,,,,
1952-03-01,,,,1.59,2.96,3.51,,,26.39,2.9,,,,,,1.9706336939721902,1.9706336939721902,,,,
1952-04-01,,,,1.57,2.93,3.5,,,26.46,2.9,,,,,,2.083333333333326,2.083333333333326,,,,
1952-05-01,,,,1.67,2.93,3.49,,,26.47,3.0,,,,,,1.8468641785302164,1.8468641785302164,,,,
1952-06-01,,,,1.7,2.94,3.5,,,26.53,3.0,,,,,,2.313922097956045,2.313922097956045,,,,
1952-07-01,,,,1.81,2.95,3.5,,,26.68,3.2,,,,,,2.9718255499807,2.9718255499807,,,,
1952-08-01,,,,1.83,2.94,3.51,,,26.69,3.4,,,,,,3.209590100541382,3.209590100541382,,,,
1952-09-01,,,,1.71,2.95,3.52,,,26.63,3.1,,,,,,2.3050326546292688,2.3050326546292688,,,,
1952-10-01,,,,1.74,3.01,3.54,,,26.69,3.0,,,,,,2.0259938837920544,2.0259938837920544,,,,
1952-11-01,,,,1.85,2.98,3.53,,,26.69,2.8,,,,,,1.4057750759878473,1.4057750759878473,,,,
1952-12-01,,,,2.09,2.97,3.51,,,26.71,2.7,,,,,,0.9066868152625585,0.9066868152625585,,,,
1953-01-01,,,,1.96,3.02,3.51,,,26.64,2.9,,,,,,0.7183364839319584,0.7183364839319584,,,,
1953-02-01,,,,1.97,3.07,3.53,,,26.59,2.6,,,,,,0.6815600151457879,0.6815600151457879,,,,
1953-03-01,,,,2.01,3.12,3.57,,,26.63,2.6,,,,,,0.9094353921940135,0.9094353921940135,,,,
1953-04-01,2.83,,,2.19,3.23,3.65,,,26.69,2.7,,,,,,0.8692365835222926,0.8692365835222926,1.9607634164777075,,0.3999999999999999,0.8199999999999998
1953-05-01,3.05,,,2.16,3.34,3.78,,,26.7,2.5,,,,,,0.86890819795995,0.86890819795995,2.18109180204005,,0.29000000000000004,0.73
1953-06-01,3.11,,,2.11,3.4,3.86,,,26.77,2.5,,,,,,0.9046362608367886,0.9046362608367886,2.2053637391632113,,0.29000000000000004,0.75
1953-07-01,2.93,,,2.04,3.28,3.86,,,26.79,2.6,,,,,,0.41229385307346433,0.41229385307346433,2.517706146926536,,0.34999999999999964,0.9299999999999997
1953-08-01,2.95,,,2.04,3.24,3.85,,,26.85,2.7,,,,,,0.5994754589734086,0.5994754589734086,2.3505245410265916,,0.29000000000000004,0.8999999999999999
1953-09-01,2.87,,,1.79,3.29,3.88,,,26.89,2.9,,,,,,0.9763424708974844,0.9763424708974844,1.8936575291025157,,0.41999999999999993,1.0099999999999998
1953-10-01,2.66,,,1.38,3.16,3.82,,,26.95,3.1,,,,,,0.9741476208317668,0.9741476208317668,1.6858523791682334,,0.5,1.1599999999999997
1953-11-01,2.68,,,1.44,3.11,3.75,,,26.85,3.5,,,,,,0.5994754589734086,0.5994754589734086,2.0805245410265916,,0.4299999999999997,1.0699999999999998
1953-12-01,2.59,,,1.6,3.13,3.74,,,26.87,4.5,,,,,,0.5990265818045737,0.5990265818045737,1.9909734181954262,,0.54,1.1500000000000004
1954-01-01,2.48,,,1.18,3.06,3.71,,,26.94,4.9,,,,,,1.1261261261261257,1.1261261261261257,1.3538738738738743,,0.5800000000000001,1.23
1954-02-01,2.47,,,0.97,2.95,3.61,,,26.99,5.2,,,,,,1.5043249341857745,1.5043249341857745,0.9656750658142257,,0.48,1.1399999999999997
1954-03-01,2.37,,,1.03,2.86,3.51,,,26.93,5.7,,,,,,1.1265490048817162,1.1265490048817162,1.243450995118284,,0.48999999999999977,1.1399999999999997
1954-04-01,2.29,,,0.97,2.85,3.47,,,26.86,5.9,,,,,,0.6369426751592355,0.6369426751592355,1.6530573248407645,,0.56,1.1800000000000002
1954-05-01,2.37,,,0.76,2.88,3.47,,,26.93,5.9,,,,,,0.8614232209737782,0.8614232209737782,1.508576779026222,,0.5099999999999998,1.1
1954-06-01,2.38,,,0.64,2.9,3.49,,,26.94,5.6,,,,,,0.635039223010847,0.635039223010847,1.7449607769891529,,0.52,1.1100000000000003
1954-07-01,2.3,,0.8,0.72,2.89,3.5,,,26.86,5.8,,,,,,0.26129152668905586,0.26129152668905586,2.038708473310944,,0.5900000000000003,1.2000000000000002
1954-08-01,2.36,,1.22,0.92,2.87,3.49,,,26.85,6.0,,,,,,0.0,0.0,2.36,,0.5100000000000002,1.1300000000000003
1954-09-01,2.38,,1.07,1.01,2.89,3.47,,,26.81,6.1,,,,,,-0.2975083674228385,-0.2975083674228385,2.6775083674228384,,0.5100000000000002,1.0900000000000003
1954-10-01,2.43,,0.85,0.98,2.87,3.46,,,26.72,5.7,,,,,,-0.8534322820037077,-0.8534322820037077,3.283432282003708,,0.43999999999999995,1.0299999999999998
1954-11-01,2.48,,0.83,0.93,2.89,3.45,,,26.78,5.3,,,,,,-0.26070763500931626,-0.26070763500931626,2.7407076350093162,,0.41000000000000014,0.9700000000000002
1954-12-01,2.51,,1.28,1.15,2.9,3.45,,,26.77,5.0,,,,,,-0.37216226274656705,-0.37216226274656705,2.882162262746567,,0.3900000000000001,0.9400000000000004
1955-01-01,2.61,,1.39,1.22,2.93,3.45,,,26.77,4.9,,,,,,-0.6310319227913919,-0.6310319227913919,3.2410319227913917,,0.3200000000000003,0.8400000000000003
1955-02-01,2.65,,1.29,1.17,2.93,3.47,,,26.82,4.7,,,,,,-0.6298629121896937,-0.6298629121896937,3.2798629121896936,,0.28000000000000025,0.8200000000000003
1955-03-01,2.68,,1.35,1.28,3.02,3.48,,,26.79,4.6,,,,,,-0.519866320089124,-0.519866320089124,3.199866320089124,,0.33999999999999986,0.7999999999999998
1955-04-01,2.75,,1.43,1.59,3.01,3.49,,,26.79,4.7,,,,,,-0.2606105733432673,-0.2606105733432673,3.0106105733432673,,0.2599999999999998,0.7400000000000002
1955-05-01,2.76,,1.43,1.45,3.04,3.5,,,26.77,4.3,,,,,,-0.5941329372447068,-0.5941329372447068,3.3541329372447066,,0.28000000000000025,0.7400000000000002
1955-06-01,2.78,,1.64,1.41,3.05,3.51,,,26.71,4.2,,,,,,-0.8537490720118779,-0.8537490720118779,3.6337490720118777,,0.27,0.73
1955-07-01,2.9,,1.68,1.6,3.06,3.52,,,26.76,4.0,,,,,,-0.37230081906179935,-0.37230081906179935,3.2723008190617993,,0.16000000000000014,0.6200000000000001
1955-08-01,2.97,,1.96,1.9,3.11,3.56,,,26.72,4.2,,,,,,-0.484171322160154,-0.484171322160154,3.454171322160154,,0.13999999999999968,0.5899999999999999
1955-09-01,2.97,,2.18,2.07,3.13,3.59,,,26.85,4.1,,,,,,0.14919806042521522,0.14919806042521522,2.820801939574785,,0.1599999999999997,0.6199999999999997
1955-10-01,2.88,,2.24,2.23,3.1,3.59,,,26.82,4.3,,,,,,0.37425149700598404,0.37425149700598404,2.505748502994016,,0.2200000000000002,0.71
1955-11-01,2.89,,2.35,2.24,3.1,3.58,,,26.88,4.2,,,,,,0.37341299477220424,0.37341299477220424,2.516587005227796,,0.20999999999999996,0.69
1955-12-01,2.96,,2.48,2.54,3.15,3.62,,,26.87,4.2,,,,,,0.37355248412402897,0.37355248412402897,2.586447515875971,,0.18999999999999995,0.6600000000000001
1956-01-01,2.9,,2.45,2.41,3.11,3.6,,,26.83,4.0,,,,,,0.22413149047439962,0.22413149047439962,2.6758685095256003,,0.20999999999999996,0.7000000000000002
1956-02-01,2.84,,2.5,2.32,3.08,3.58,,,26.86,3.9,,,,,,0.1491424310216205,0.1491424310216205,2.6908575689783794,,0.2400000000000002,0.7400000000000002
1956-03-01,2.96,,2.5,2.25,3.1,3.6,,,26.89,4.2,,,,,,0.3732736095558131,0.3732736095558131,2.586726390444187,,0.14000000000000012,0.6400000000000001
1956-04-01,3.18,,2.62,2.6,3.24,3.68,,,26.93,4.0,,,,,,0.5225830533781339,0.5225830533781339,2.6574169466218662,,0.06000000000000005,0.5
1956-05-01,3.07,,2.75,2.61,3.28,3.73,,,27.03,4.3,,,,,,0.9712364587224576,0.9712364587224576,2.0987635412775423,,0.20999999999999996,0.6600000000000001
1956-06-01,3.0,,2.71,2.49,3.26,3.76,,,27.15,4.3,,,,,,1.647323099962561,1.647323099962561,1.352676900037439,,0.2599999999999998,0.7599999999999998
1956-07-01,3.11,,2.75,2.31,3.28,3.8,,,27.29,4.4,,,,,,1.9805680119581393,1.9805680119581393,1.1294319880418606,,0.16999999999999993,0.69
1956-08-01,3.33,,2.73,2.6,3.43,3.93,,,27.31,4.1,,,,,,2.208083832335328,2.208083832335328,1.121916167664672,,0.10000000000000009,0.6000000000000001
1956-09-01,3.38,,2.95,2.84,3.56,4.07,,,27.35,3.9,,,,,,1.862197392923659,1.862197392923659,1.5178026070763408,,0.18000000000000016,0.6900000000000004
1956-10-01,3.34,,2.96,2.9,3.59,4.17,,,27.51,3.9,,,,,,2.572706935123037,2.572706935123037,0.7672930648769629,,0.25,0.8300000000000001
1956-11-01,3.49,,2.88,2.99,3.69,4.24,,,27.51,4.3,,,,,,2.34375,2.34375,1.1462500000000002,,0.19999999999999973,0.75
1956-12-01,3.59,,2.94,3.21,3.75,4.37,,,27.63,4.2,,,,,,2.828433196873825,2.828433196873825,0.7615668031261746,,0.16000000000000014,0.7800000000000002
1957-01-01,3.46,,2.84,3.11,3.77,4.49,,,27.67,4.2,,,,,,3.130823704808061,3.130823704808061,0.3291762951919388,,0.31000000000000005,1.0300000000000002
1957-02-01,3.34,,3.0,3.1,3.67,4.47,,,27.8,3.9,,,,,,3.4996276991809516,3.4996276991809516,-0.15962769918095177,,0.33000000000000007,1.13
1957-03-01,3.41,,2.96,3.08,3.66,4.43,,,27.86,3.7,,,,,,3.607288955001864,3.607288955001864,-0.19728895500186372,,0.25,1.0199999999999996
1957-04-01,3.48,,3.0,3.07,3.67,4.44,,,27.93,3.9,,,,,,3.713330857779429,3.713330857779429,-0.23333085777942886,,0.18999999999999995,0.9600000000000004
1957-05-01,3.6,,3.0,3.06,3.74,4.52,,,28.0,4.1,,,,,,3.588605253422128,3.588605253422128,0.011394746577872095,,0.14000000000000012,0.9199999999999995
1957-06-01,3.8,,3.0,3.29,3.91,4.63,,,28.11,4.3,,,,,,3.53591160220994,3.53591160220994,0.26408839779005966,,0.11000000000000032,0.8300000000000001
1957-07-01,3.93,,2.99,3.16,3.99,4.73,,,28.19,4.2,,,,,,3.2979113228288837,3.2979113228288837,0.6320886771711165,,0.06000000000000005,0.8000000000000003
1957-08-01,3.93,,3.24,3.37,4.1,4.82,,,28.28,4.1,,,,,,3.551812522885389,3.551812522885389,0.378187477114611,,0.16999999999999948,0.8900000000000001
1957-09-01,3.92,,3.47,3.53,4.12,4.93,,,28.32,4.4,,,,,,3.546617915904937,3.546617915904937,0.3733820840950628,,0.20000000000000018,1.0099999999999998
1957-10-01,3.97,,3.5,3.58,4.1,4.99,,,28.32,4.5,,,,,,2.944383860414379,2.944383860414379,1.0256161395856211,,0.12999999999999945,1.02
1957-11-01,3.72,,3.28,3.31,4.08,5.09,,,28.41,5.1,,,,,,3.271537622682663,3.271537622682663,0.44846237731733707,,0.3599999999999999,1.3699999999999997
1957-12-01,3.21,,2.98,3.04,3.81,5.03,,,28.47,5.2,,,,,,3.0401737242128135,3.0401737242128135,0.16982627578718645,,0.6000000000000001,1.8200000000000003
1958-01-01,3.09,,2.72,2.44,3.6,4.83,,,28.64,5.8,,,,,,3.5056017347307566,3.5056017347307566,-0.4156017347307568,,0.5100000000000002,1.7400000000000002
1958-02-01,3.05,,1.67,1.53,3.59,4.66,,,28.7,6.4,,,,,,3.237410071942448,3.237410071942448,-0.1874100719424483,,0.54,1.6100000000000003
1958-03-01,2.98,,1.2,1.3,3.63,4.68,,,28.87,6.7,,,,,,3.6252692031586653,3.6252692031586653,-0.6452692031586653,,0.6499999999999999,1.6999999999999997
1958-04-01,2.88,,1.26,1.13,3.6,4.67,,,28.94,7.4,,,,,,3.6161833154314316,3.6161833154314316,-0.7361833154314317,,0.7200000000000002,1.79
1958-05-01,2.92,,0.63,0.91,3.57,4.62,,,28.94,7.4,,,,,,3.3571428571428585,3.3571428571428585,-0.4371428571428586,,0.6499999999999999,1.7000000000000002
1958-06-01,2.97,,0.93,0.83,3.57,4.55,,,28.91,7.3,,,,,,2.8459622909996485,2.8459622909996485,0.12403770900035171,,0.5999999999999996,1.5799999999999996
1958-07-01,3.2,,0.68,0.91,3.67,4.53,,,28.89,7.5,,,,,,2.483150053210359,2.483150053210359,0.7168499467896412,,0.46999999999999975,1.33
1958-08-01,3.54,,1.53,1.69,3.85,4.67,,,28.94,7.4,,,,,,2.333804809052342,2.333804809052342,1.2061951909476578,,0.31000000000000005,1.13
1958-09-01,3.76,,1.76,2.44,4.09,4.87,,,28.91,7.1,,,,,,2.083333333333326,2.083333333333326,1.6766666666666739,,0.33000000000000007,1.1100000000000003
1958-10-01,3.8,,1.8,2.63,4.11,4.92,,,28.91,6.7,,,,,,2.083333333333326,2.083333333333326,1.716666666666674,,0.3100000000000005,1.12
1958-11-01,3.74,,2.27,2.67,4.09,4.87,,,28.95,6.2,,,,,,1.9007391763463444,1.9007391763463444,1.8392608236536558,,0.34999999999999964,1.13
1958-12-01,3.86,,2.42,2.77,4.08,4.85,,,28.97,6.2,,,,,,1.7562346329469625,1.7562346329469625,2.1037653670530374,,0.2200000000000002,0.9899999999999998
1959-01-01,4.02,,2.48,2.82,4.12,4.87,,15.501,29.01,6.0,,,,,,1.2918994413407825,1.2918994413407825,2.728100558659217,,0.10000000000000053,0.8500000000000005
1959-02-01,3.96,,2.43,2.7,4.14,4.89,,15.513,29.0,5.9,,,,,,1.0452961672473782,1.0452961672473782,2.914703832752622,,0.17999999999999972,0.9299999999999997
1959-03-01,3.99,,2.8,2.8,4.13,4.85,,15.531,28.97,5.6,,,,,,0.3463803255975062,0.3463803255975062,3.643619674402494,,0.13999999999999968,0.8599999999999994
1959-04-01,4.12,,2.96,2.95,4.23,4.86,,15.57,28.98,5.2,,,,,,0.13821700069107656,0.13821700069107656,3.9817829993089235,,0.11000000000000032,0.7400000000000002
1959-05-01,4.31,,2.9,2.84,4.37,4.96,,15.589,29.04,5.1,,,,,,0.3455425017277136,0.3455425017277136,3.964457498272286,,0.0600000000000005,0.6500000000000004
1959-06-01,4.34,,3.39,3.21,4.46,5.04,,15.635,29.11,5.0,,,,,,0.6918021445866396,0.6918021445866396,3.6481978554133603,,0.1200000000000001,0.7000000000000002
1959-07-01,4.4,,3.47,3.2,4.47,5.08,,15.672,29.15,5.1,,,,,,0.8999653859466772,0.8999653859466772,3.500034614053323,,0.0699999999999994,0.6799999999999997
1959-08-01,4.43,,3.5,3.38,4.43,5.09,,15.697,29.18,5.2,,,,,,0.8293020041465038,0.8293020041465038,3.600697995853496,,0.0,0.6600000000000001
1959-09-01,4.68,,3.76,4.04,4.52,5.18,,15.738,29.25,5.5,,,,,,1.1760636457972984,1.1760636457972984,3.5039363542027013,,-0.16000000000000014,0.5
1959-10-01,4.53,,3.98,4.05,4.57,5.28,,15.765,29.35,5.7,,,,,,1.5219647180906293,1.5219647180906293,3.008035281909371,,0.040000000000000036,0.75
1959-11-01,4.53,,4.0,4.15,4.56,5.26,,15.794,29.35,5.8,,,,,,1.3816925734024155,1.3816925734024155,3.148307426597585,,0.02999999999999936,0.7299999999999995
1959-12-01,4.69,,3.99,4.49,4.58,5.28,,15.818,29.41,5.3,,,,,,1.5188125647221273,1.5188125647221273,3.171187435277873,,-0.11000000000000032,0.5899999999999999
1960-01-01,4.72,,3.99,4.35,4.61,5.34,,15.822,29.37,5.2,,,,,2.0708341397329244,1.2409513960703222,2.0708341397329244,2.6491658602670753,,-0.10999999999999943,0.6200000000000001
1960-02-01,4.49,,3.97,3.96,4.56,5.34,,15.852,29.41,4.8,,,,,2.185263972152396,1.4137931034482687,2.185263972152396,2.3047360278476043,,0.0699999999999994,0.8499999999999996
1960-03-01,4.25,,3.84,3.31,4.49,5.25,,15.853,29.41,5.4,,,,,2.0732728092202724,1.5188125647221273,2.0732728092202724,2.1767271907797276,,0.2400000000000002,1.0
1960-04-01,4.28,,3.92,3.23,4.45,5.2,,15.882,29.54,5.2,,,,,2.0038535645471978,1.9323671497584405,2.0038535645471978,2.2761464354528025,,0.16999999999999993,0.9199999999999999
1960-05-01,4.35,,3.85,3.29,4.46,5.28,,15.908,29.57,5.1,,,,,2.046314709089736,1.8250688705234275,2.046314709089736,2.3036852909102636,,0.11000000000000032,0.9300000000000006
1960-06-01,4.15,,3.32,2.46,4.45,5.26,,15.917,29.61,5.4,,,,,1.803645666773268,1.7176228100309165,1.803645666773268,2.3463543332267323,,0.2999999999999998,1.1099999999999994
1960-07-01,3.9,,3.23,2.3,4.41,5.22,,15.945,29.55,5.5,,,,,1.7419601837672216,1.3722126929674117,1.7419601837672216,2.1580398162327783,,0.5100000000000002,1.3199999999999998
1960-08-01,3.8,,2.98,2.3,4.28,5.08,,15.968,29.61,5.6,,,,,1.7264445435433595,1.473612063056895,1.7264445435433595,2.0735554564566403,,0.4800000000000004,1.2800000000000002
1960-09-01,3.8,,2.6,2.48,4.25,5.01,,15.981,29.61,5.5,,,,,1.54403354937096,1.2307692307692353,1.54403354937096,2.2559664506290398,,0.4500000000000002,1.21
1960-10-01,3.89,,2.47,2.3,4.3,5.11,,15.99,29.75,6.1,,,,,1.4272121788772685,1.3628620102214661,1.4272121788772685,2.4627878211227316,,0.4099999999999997,1.2200000000000002
1960-11-01,3.93,,2.44,2.37,4.31,5.08,,16.033,29.78,6.1,,,,,1.513232873243009,1.4650766609880739,1.513232873243009,2.4167671267569912,,0.37999999999999945,1.15
1960-12-01,3.84,,1.98,2.25,4.35,5.1,,16.028,29.81,6.6,,,,,1.3276014666835145,1.3600816048962905,1.3276014666835145,2.5123985333164853,,0.5099999999999998,1.2599999999999998
1961-01-01,3.84,,1.45,2.24,4.32,5.1,,16.032,29.84,6.6,,,,,1.3272658323852937,1.6002723867892366,1.3272658323852937,2.512734167614706,,0.4800000000000004,1.2599999999999998
1961-02-01,3.78,,2.54,2.42,4.27,5.07,,16.048,29.84,6.9,,,,,1.2364370426444449,1.4620877252635056,1.2364370426444449,2.543562957355555,,0.48999999999999977,1.2900000000000005
1961-03-01,3.74,,2.02,2.39,4.22,5.02,,16.053,29.84,6.9,,,,,1.2615908660821296,1.4620877252635056,1.2615908660821296,2.4784091339178707,,0.47999999999999954,1.2799999999999994
1961-04-01,3.78,,1.49,2.29,4.25,5.01,,16.075,29.81,7.0,,,,,1.2152121899005053,0.9140148950575577,1.2152121899005053,2.5647878100994945,,0.4700000000000002,1.23
1961-05-01,3.71,,1.98,2.29,4.27,5.01,,16.096,29.84,7.1,,,,,1.1817953231078704,0.9130875887723988,1.1817953231078704,2.5282046768921296,,0.5599999999999996,1.2999999999999998
1961-06-01,3.88,,1.73,2.33,4.33,5.03,,16.12,29.84,6.9,,3.8673813803341326,0.16382898644171595,3.7035523938924166,1.2753659609222812,0.7767646065518496,1.2753659609222812,2.6046340390777187,,0.4500000000000002,1.1500000000000004
1961-07-01,3.92,,1.17,2.24,4.41,5.09,,16.145,29.92,7.0,,4.024996373807541,0.40968312365756265,3.6153132501499785,1.254311696456556,1.25211505922167,1.254311696456556,2.665688303543444,,0.4900000000000002,1.17
1961-08-01,4.04,,2.0,2.39,4.45,5.11,,16.162,29.94,6.6,,4.057605190953469,0.29935126833987047,3.7582539226135983,1.214929859719427,1.1144883485309176,1.214929859719427,2.825070140280573,,0.41000000000000014,1.0700000000000003
1961-09-01,3.98,,1.88,2.28,4.45,5.12,,16.194,29.98,6.7,,3.9034544523031256,0.20370403881881938,3.699750413484306,1.3328327388774097,1.249577845322536,1.3328327388774097,2.6471672611225903,,0.4700000000000002,1.1400000000000001
1961-10-01,3.92,,2.26,2.3,4.42,5.13,,16.199,29.98,6.5,,3.933163625157088,0.30236811160534316,3.6307955135517447,1.3070669168230298,0.7731092436974896,1.3070669168230298,2.61293308317697,,0.5,1.21
1961-11-01,3.94,,2.61,2.48,4.39,5.11,,16.202,29.98,6.1,,3.8912985281488766,0.0817208343776823,3.8095776937711943,1.0540759683153489,0.671591672263272,1.0540759683153489,2.885924031684651,,0.44999999999999973,1.1700000000000004
1961-12-01,4.06,,2.33,2.6,4.42,5.1,,16.216,30.01,6.0,,3.843767832735494,-0.13403162810665936,3.9777994608421534,1.1729473421512537,0.6709158000671067,1.1729473421512537,2.887052657848746,,0.3600000000000003,1.04
1962-01-01,4.08,,2.15,2.72,4.42,5.08,,16.235,30.04,5.8,,4.0285776474999935,0.16421265657497974,3.8643649909250137,1.2662175648702645,0.6702412868632601,1.2662175648702645,2.8137824351297356,,0.33999999999999986,1.0
1962-02-01,4.04,,2.37,2.73,4.42,5.07,,16.262,30.11,5.5,,3.8754978071467527,0.16076002523847066,3.714737781908282,1.3334995014955275,0.9048257372654245,1.3334995014955275,2.7065004985044725,,0.3799999999999999,1.0300000000000002
1962-03-01,3.93,,2.85,2.72,4.39,5.04,,16.3,30.17,5.6,,3.8592228723439423,0.29294360765565397,3.5662792646882884,1.5386532112377838,1.1058981233244003,1.5386532112377838,2.3913467887622164,,0.4599999999999995,1.1099999999999999
1962-04-01,3.84,,2.78,2.73,4.33,5.02,,16.303,30.21,5.6,,3.734285797336797,0.06850318453011761,3.6657826128066793,1.4183514774494643,1.3418316001341912,1.4183514774494643,2.4216485225505355,,0.4900000000000002,1.1799999999999997
1962-05-01,3.87,,2.36,2.69,4.28,5.0,,16.326,30.24,5.5,,3.8963095717837453,0.3584397639899879,3.5378698077937574,1.4289264413518854,1.3404825737265424,1.4289264413518854,2.4410735586481147,,0.41000000000000014,1.13
1962-06-01,3.91,,2.68,2.73,4.28,5.02,,16.356,30.21,5.5,,3.961424543836858,0.2395842891724751,3.7218402546643827,1.464019851116638,1.2399463806970434,1.464019851116638,2.445980148883362,,0.3700000000000001,1.1099999999999994
1962-07-01,4.01,,2.71,2.92,4.34,5.05,,16.37,30.22,5.4,,4.020684142234994,0.30393287549876336,3.7167512667362304,1.3936203158872784,1.0026737967914423,1.3936203158872784,2.6163796841127214,,0.33000000000000007,1.04
1962-08-01,3.98,,2.93,2.82,4.35,5.06,,16.372,30.28,5.7,,3.986931009469411,0.41946593426368617,3.5674650752057246,1.2993441405766637,1.135604542418167,1.2993441405766637,2.6806558594233363,,0.36999999999999966,1.0799999999999996
1962-09-01,3.98,,2.9,2.78,4.32,5.03,,16.404,30.42,5.6,,3.986106099478531,0.46557647977645056,3.5205296197020806,1.2967765839199785,1.4676450967311627,1.2967765839199785,2.6832234160800215,,0.3400000000000003,1.0500000000000003
1962-10-01,3.93,,2.9,2.74,4.28,4.99,,16.403,30.38,5.4,,3.9698892435488453,0.4758796144645059,3.4940096290843394,1.2593369961108491,1.3342228152101399,1.2593369961108491,2.670663003889151,,0.3500000000000001,1.06
1962-11-01,3.92,,2.94,2.83,4.25,4.96,,16.415,30.38,5.7,,3.935107731893049,0.3982498888900303,3.536857843003019,1.3146525120355301,1.3342228152101399,1.3146525120355301,2.60534748796447,,0.33000000000000007,1.04
1962-12-01,3.86,,2.93,2.87,4.24,4.92,,16.42,30.38,5.5,,3.884980484758289,0.39156261476705767,3.4934178699912315,1.2580167735569914,1.2329223592135952,1.2580167735569914,2.6019832264430085,,0.38000000000000034,1.06
1963-01-01,3.83,,2.92,2.91,4.21,4.91,,16.451,30.44,5.7,,3.860544286908194,0.212543287730115,3.648000999178079,1.33045888512473,1.331557922769644,1.33045888512473,2.49954111487527,,0.3799999999999999,1.08
1963-02-01,3.92,,3.0,2.92,4.19,4.89,,16.47,30.48,5.9,,3.952717962349096,0.39081162142158377,3.561906340927512,1.2790554667322596,1.2288276320159497,1.2790554667322596,2.6409445332677404,,0.27000000000000046,0.9699999999999998
1963-03-01,3.93,,2.98,2.89,4.19,4.88,,16.48,30.51,5.7,,3.988655130025427,0.400909720721085,3.587745409304342,1.104294478527601,1.1269472986410234,1.104294478527601,2.825705521472399,,0.26000000000000023,0.9499999999999997
1963-04-01,3.97,,2.9,2.9,4.21,4.87,,16.5,30.48,5.7,,3.9320177059276955,0.28622417589854976,3.6457935300291457,1.208366558302143,0.893743793445867,1.208366558302143,2.761633441697857,,0.23999999999999977,0.8999999999999999
1963-05-01,3.93,,3.0,2.93,4.22,4.85,,16.53,30.51,5.9,,3.9421885672059456,0.23127440141699696,3.7109141657889486,1.2495406100698325,0.8928571428571619,1.2495406100698325,2.6804593899301676,,0.2899999999999996,0.9199999999999995
1963-06-01,3.99,,2.99,2.99,4.23,4.84,,16.558,30.61,5.6,,3.989552586776328,0.26369231438476115,3.725860272391567,1.2350207874785912,1.3240648791790655,1.2350207874785912,2.754979212521409,,0.2400000000000002,0.8499999999999996
1963-07-01,4.02,,3.02,3.18,4.26,4.84,,16.573,30.69,5.6,,3.9462734793948506,0.06800306718851923,3.8782704122063314,1.240073304825895,1.5552614162806178,1.240073304825895,2.7799266951741046,,0.2400000000000002,0.8200000000000003
1963-08-01,4.0,,3.49,3.32,4.29,4.83,,16.588,30.75,5.4,,4.025963185700206,0.15528287612245117,3.870680309577755,1.3193256779868046,1.5521796565389767,1.3193256779868046,2.6806743220131954,,0.29000000000000004,0.8300000000000001
1963-09-01,4.08,,3.48,3.38,4.31,4.84,,16.618,30.72,5.5,,4.0519261924890575,0.17372667871649927,3.8781995137725582,1.3045598634479294,0.9861932938855844,1.3045598634479294,2.7754401365520707,,0.22999999999999954,0.7599999999999998
1963-10-01,4.11,,3.5,3.45,4.32,4.83,,16.655,30.75,5.5,,4.116973479580137,0.23372744489180697,3.88324603468833,1.5363043345729688,1.2179065174456882,1.5363043345729688,2.5736956654270315,,0.20999999999999996,0.7199999999999998
1963-11-01,4.12,,3.48,3.52,4.33,4.84,,16.67,30.78,5.7,,4.021620452091121,0.011405720391564955,4.0102147316995564,1.5534572037770422,1.3166556945358954,1.5534572037770422,2.566542796222958,,0.20999999999999996,0.7199999999999998
1963-12-01,4.13,,3.38,3.52,4.35,4.85,,16.694,30.88,5.5,,4.075796619460763,0.02797261185836941,4.047824007602394,1.668696711327633,1.6458196181698526,1.668696711327633,2.461303288672367,,0.21999999999999975,0.7199999999999998
1964-01-01,4.17,,3.48,3.52,4.39,4.83,,16.717,30.94,5.6,,4.098699920805628,0.09648363950718242,4.002216281298446,1.6169229834052556,1.6425755584756896,1.6169229834052556,2.5530770165947443,,0.21999999999999975,0.6600000000000001
1964-02-01,4.15,,3.48,3.53,4.36,4.83,,16.749,30.91,5.4,,4.142395457629567,0.11497122988908703,4.02742422774048,1.69398907103826,1.4107611548556331,1.69398907103826,2.4560109289617404,,0.20999999999999996,0.6799999999999997
1964-03-01,4.22,,3.43,3.54,4.38,4.83,,16.765,30.94,5.4,,4.221272646558466,0.18099908059793357,4.040273565960533,1.7293689320388328,1.4093739757456536,1.7293689320388328,2.490631067961167,,0.16000000000000014,0.6100000000000003
1964-04-01,4.23,,3.47,3.47,4.4,4.85,,16.78,30.95,5.3,,4.189158658646379,0.1583699327677328,4.030788725878646,1.696969696969708,1.5419947506561726,1.696969696969708,2.5330303030302925,,0.16999999999999993,0.6199999999999992
1964-05-01,4.2,,3.5,3.48,4.41,4.85,,16.794,30.98,5.1,,4.120891371380495,0.10803198562408056,4.012859385756414,1.5970961887477264,1.5404785316289749,1.5970961887477264,2.6029038112522738,,0.20999999999999996,0.6499999999999995
1964-06-01,4.17,,3.5,3.48,4.41,4.85,,16.806,31.01,5.2,,4.077400529317605,0.10002940691764417,3.9773711223999606,1.4977654306075783,1.3067624959163693,1.4977654306075783,2.6722345693924217,,0.2400000000000002,0.6799999999999997
1964-07-01,4.19,,3.42,3.46,4.4,4.83,,16.823,31.02,4.9,,4.214246447147889,0.36302401515544025,3.8512224319924484,1.5084776443613057,1.0752688172043001,1.5084776443613057,2.6815223556386947,,0.20999999999999996,0.6399999999999997
1964-08-01,4.19,,3.5,3.5,4.41,4.82,,16.845,31.05,5.0,,4.19455983746437,0.25642371716343515,3.9381361203009346,1.5493127562092868,0.9756097560975618,1.5493127562092868,2.6406872437907136,,0.21999999999999975,0.6299999999999999
1964-09-01,4.2,,3.45,3.53,4.42,4.82,,16.852,31.08,5.1,,4.1074714038655395,0.08752557670224093,4.019945827163299,1.4081116861234921,1.171875,1.4081116861234921,2.791888313876508,,0.21999999999999975,0.6200000000000001
1964-10-01,4.19,,3.36,3.57,4.42,4.81,,16.859,31.12,5.1,,4.107264105310053,0.08067371729378081,4.026590388016272,1.2248574001801238,1.2032520325203189,1.2248574001801238,2.9651425998198766,,0.22999999999999954,0.6199999999999992
1964-11-01,4.15,,3.52,3.64,4.43,4.81,,16.883,31.21,4.8,,4.118699848935684,-0.05405520423136423,4.172755053167048,1.2777444511097524,1.3970110461338558,1.2777444511097524,2.872255548890248,,0.27999999999999936,0.6599999999999993
1964-12-01,4.18,,3.85,3.84,4.44,4.81,,16.907,31.25,5.0,,4.127195373878395,0.004923839776245664,4.12227153410215,1.2759075116808516,1.1981865284974136,1.2759075116808516,2.904092488319148,,0.2600000000000007,0.6299999999999999
1965-01-01,4.19,,3.9,3.81,4.43,4.8,,16.93,31.28,4.9,,4.233359457794869,0.2855458844563885,3.9478135733384803,1.2741520607764567,1.098901098901095,1.2741520607764567,2.9158479392235437,,0.23999999999999932,0.6099999999999994
1965-02-01,4.21,,3.98,3.93,4.41,4.78,,16.95,31.28,5.1,,4.228064718541949,0.1876223677218416,4.040442350820108,1.2000716460684346,1.1970236169524417,1.2000716460684346,3.0099283539315653,,0.20000000000000018,0.5700000000000003
1965-03-01,4.21,,4.05,3.93,4.42,4.78,,16.96,31.31,4.7,,4.176982543487892,0.06737528120584724,4.1096072622820445,1.1631374888159796,1.1958629605688387,1.1631374888159796,3.0468625111840204,,0.20999999999999996,0.5700000000000003
1965-04-01,4.2,,4.09,3.93,4.43,4.8,,16.98,31.38,4.8,,4.14167456552471,0.02199485196636708,4.119679713558343,1.1918951132300348,1.3893376413570246,1.1918951132300348,3.0081048867699653,,0.22999999999999954,0.5999999999999996
1965-05-01,4.21,,4.1,3.89,4.44,4.81,,17.011,31.48,4.6,,4.144631827989572,-0.002073557596876441,4.146705385586449,1.292128141002724,1.6139444803098701,1.292128141002724,2.917871858997276,,0.23000000000000043,0.5999999999999996
1965-06-01,4.21,,4.05,3.8,4.46,4.85,,17.007,31.61,4.6,,4.151386751190183,0.05795220846160287,4.0934345427285805,1.1960014280613995,1.9348597226700903,1.1960014280613995,3.0139985719386004,,0.25,0.6399999999999997
1965-07-01,4.2,,4.09,3.84,4.48,4.88,,17.024,31.58,4.4,,4.176251504108698,0.06148857503998428,4.114762929068713,1.1947928431314203,1.8052869116698789,1.1947928431314203,3.00520715686858,,0.28000000000000025,0.6799999999999997
1965-08-01,4.25,,4.12,3.84,4.49,4.88,,17.056,31.55,4.4,,4.210210413206009,0.021577769677972647,4.188632643528036,1.252597209854578,1.6103059581320522,1.252597209854578,2.997402790145422,,0.2400000000000002,0.6299999999999999
1965-09-01,4.29,,4.02,3.92,4.52,4.91,,17.076,31.62,4.3,,4.375414909454776,0.20888677550019885,4.166528133954577,1.329219083788269,1.737451737451745,1.329219083788269,2.960780916211731,,0.22999999999999954,0.6200000000000001
1965-10-01,4.35,,4.08,4.03,4.56,4.93,,17.07,31.65,4.2,,4.384255555716437,0.11394919806761994,4.270306357648817,1.2515570318524238,1.7030848329048665,1.2515570318524238,3.098442968147576,,0.20999999999999996,0.5800000000000001
1965-11-01,4.45,,4.1,4.09,4.6,4.95,,17.102,31.75,4.1,,4.433843244931748,0.08303239945897456,4.350810845472774,1.2971628265118884,1.7302146747837144,1.2971628265118884,3.1528371734881118,,0.14999999999999947,0.5
1965-12-01,4.62,,4.32,4.38,4.68,5.02,,17.154,31.85,4.0,,4.77276059343503,0.20809790629212443,4.5646626871429055,1.4609333412196168,1.9200000000000106,1.4609333412196168,3.1590666587803833,,0.05999999999999961,0.39999999999999947
1966-01-01,4.61,,4.42,4.59,4.74,5.06,,17.159,31.88,4.0,,4.842394435831774,0.2907805972258366,4.551613838605937,1.3526284701712799,1.9181585677749302,1.3526284701712799,3.2573715298287205,,0.1299999999999999,0.4499999999999993
1966-02-01,4.83,,4.6,4.65,4.78,5.12,,17.201,32.08,3.8,,5.05809029190977,0.4721997908679407,4.585890501041829,1.48082595870207,2.5575447570332477,1.48082595870207,3.34917404129793,,-0.04999999999999982,0.29000000000000004
1966-03-01,4.87,,4.66,4.59,4.92,5.32,,17.223,32.18,3.8,,4.797473792972496,0.30445959784152254,4.493014195130973,1.550707547169794,2.7786649632705274,1.550707547169794,3.319292452830206,,0.04999999999999982,0.4500000000000002
1966-04-01,4.75,,4.67,4.62,4.96,5.41,,17.285,32.28,3.8,,4.827063889931809,0.28408846716918124,4.542975422762628,1.7962308598350907,2.8680688336520044,1.7962308598350907,2.9537691401649093,,0.20999999999999996,0.6600000000000001
1966-05-01,4.78,,4.9,4.64,4.98,5.48,,17.331,32.35,3.9,,4.885400778747789,0.23165597930546333,4.653744799442325,1.8811357357004344,2.763659466327839,1.8811357357004344,2.898864264299566,,0.20000000000000018,0.7000000000000002
1966-06-01,4.81,,5.17,4.5,5.07,5.58,,17.387,32.38,3.8,,5.048834753508134,0.3911327461451677,4.657702007362967,2.2343740812606594,2.4359379943056148,2.2343740812606594,2.57562591873934,,0.2600000000000007,0.7700000000000005
1966-07-01,5.02,,5.3,4.8,5.16,5.68,,17.438,32.45,3.8,,5.215273462816324,0.47582016148974926,4.7394533013265745,2.4318609022556226,2.754908169727699,2.4318609022556226,2.588139097744377,,0.14000000000000057,0.6600000000000001
1966-08-01,5.22,,5.53,4.96,5.31,5.83,,17.47,32.65,3.8,,5.647535960310571,0.6589658980600825,4.9885700622504885,2.4272983114446367,3.4865293185419866,2.4272983114446367,2.792701688555363,,0.08999999999999986,0.6100000000000003
1966-09-01,5.18,,5.4,5.37,5.49,6.09,,17.524,32.75,3.7,,5.284986507869209,0.41862174323981893,4.86636476462939,2.6235652377605945,3.5736875395319334,2.6235652377605945,2.5564347622394052,,0.3100000000000005,0.9100000000000001
1966-10-01,5.01,,5.53,5.35,5.41,6.1,,17.581,32.85,3.7,,5.147095965367467,0.3211959417157413,4.825900023651726,2.993555946104265,3.791469194312813,2.993555946104265,2.016444053895735,,0.40000000000000036,1.0899999999999999
1966-11-01,5.16,,5.76,5.32,5.35,6.13,,17.625,32.88,3.6,,5.232712228369496,0.3913597989224966,4.841352429446999,3.0581218570927327,3.5590551181102548,3.0581218570927327,2.1018781429072675,,0.1899999999999995,0.9699999999999998
1966-12-01,4.84,,5.4,4.96,5.39,6.18,,17.679,32.92,3.8,,4.7228417203044755,0.14617498973492982,4.576666730569546,3.0605106680657412,3.3594976452119285,3.0605106680657412,1.7794893319342586,,0.5499999999999998,1.3399999999999999
1967-01-01,4.58,,4.94,4.72,5.2,5.97,,17.695,32.9,3.9,,4.594352370737689,0.1589458897023892,4.4354064810353,3.1237251588087878,3.19949811794229,3.1237251588087878,1.4562748411912123,,0.6200000000000001,1.3899999999999997
1967-02-01,4.63,,5.0,4.56,5.03,5.82,,17.727,33.0,3.8,,4.719685512270725,0.25987087752534066,4.459814634745384,3.0579617464100872,2.8678304239401653,3.0579617464100872,1.5720382535899127,,0.40000000000000036,1.1900000000000004
1967-03-01,4.54,,4.53,4.26,5.13,5.85,,17.754,33.0,3.8,,4.4112853397979706,0.1728121941011711,4.2384731456967994,3.0830865702839327,2.5481665630826544,3.0830865702839327,1.4569134297160673,,0.5899999999999999,1.3099999999999996
1967-04-01,4.59,,4.05,3.84,5.11,5.83,,17.803,33.1,3.8,,4.753055453931719,0.5085609844114067,4.244494469520312,2.9968180503326725,2.5402726146220633,2.9968180503326725,1.5931819496673274,,0.5200000000000005,1.2400000000000002
1967-05-01,4.85,,3.94,3.6,5.24,5.96,,17.842,33.1,3.8,,4.757248550635192,0.49710250932682865,4.260146041308364,2.9484738330159743,2.3183925811437467,2.9484738330159743,1.9015261669840253,,0.39000000000000057,1.1100000000000003
1967-06-01,5.02,,3.98,3.54,5.44,6.15,,17.887,33.3,3.9,,5.229890281768393,0.674297822187258,4.555592459581135,2.8757117386553066,2.8412600370598895,2.8757117386553066,2.144288261344693,,0.4200000000000008,1.1300000000000008
1967-07-01,5.16,,3.79,4.21,5.58,6.26,,17.948,33.4,3.8,,5.019386957942096,0.4088515882769794,4.610535369665117,2.924647321940599,2.9275808936825687,2.924647321940599,2.2353526780594013,,0.41999999999999993,1.0999999999999996
1967-08-01,5.28,,3.9,4.27,5.62,6.33,,18.003,33.5,3.8,,5.282370946677157,0.6019614149972945,4.680409531679863,3.0509444762449878,2.6033690658499253,3.0509444762449878,2.2290555237550125,,0.33999999999999986,1.0499999999999998
1967-09-01,5.3,,3.99,4.42,5.65,6.4,,18.067,33.6,3.8,,5.289309157142899,0.5481380422040161,4.741171114938883,3.098607623830163,2.595419847328251,3.098607623830163,2.201392376169837,,0.35000000000000053,1.1000000000000005
1967-10-01,5.48,,3.88,4.56,5.82,6.52,,18.134,33.7,4.0,,5.6419677242110655,0.8020367501176375,4.839930974093428,3.145441101188795,2.5875190258751957,3.145441101188795,2.3345588988112054,,0.33999999999999986,1.0399999999999991
1967-11-01,5.75,,4.13,4.73,6.07,6.72,,18.192,33.9,3.9,,5.7062120920671315,0.7425791909191828,4.963632901147949,3.217021276595755,3.10218978102188,3.217021276595755,2.532978723404245,,0.3200000000000003,0.9699999999999998
1967-12-01,5.7,,4.51,4.97,6.19,6.93,,18.237,34.0,3.8,,5.733286765043381,0.7264503766886845,5.006836388354697,3.15628712031224,3.280680437424044,3.15628712031224,2.54371287968776,,0.4900000000000002,1.2299999999999995
1968-01-01,5.53,,4.61,5.0,6.17,6.84,,18.318,34.1,3.7,,5.521160784925119,0.730111741441748,4.791049043483371,3.520768578694544,3.647416413373872,3.520768578694544,2.009231421305456,,0.6399999999999997,1.3099999999999996
1968-02-01,5.56,,4.71,4.98,6.1,6.8,,18.397,34.2,3.8,,5.5753866303142585,0.7285170703588912,4.846869559955367,3.7795453263383516,3.6363636363636376,3.7795453263383516,1.780454673661648,,0.54,1.2400000000000002
1968-03-01,5.74,,5.05,5.17,6.11,6.85,,18.47,34.3,3.7,,5.738348326229508,0.8623909605817914,4.875957365647716,4.032893995719267,3.9393939393939315,4.032893995719267,1.7071060042807336,,0.3700000000000001,1.1099999999999994
1968-04-01,5.64,,5.76,5.38,6.21,6.97,,18.538,34.4,3.5,,5.852323918723073,0.8029546413883786,5.049369277334694,4.12851766556197,3.92749244712991,4.12851766556197,1.5114823344380293,,0.5700000000000003,1.33
1968-05-01,5.87,,6.12,5.66,6.27,7.03,,18.608,34.5,3.5,,5.7939995688706665,0.7109216424699394,5.083077926400727,4.29324066808654,4.229607250755274,4.29324066808654,1.5767593319134603,,0.39999999999999947,1.1600000000000001
1968-06-01,5.72,,6.07,5.52,6.28,7.07,,18.681,34.7,3.7,,5.9611390516171365,1.3039116513232267,4.65722740029391,4.438978028735963,4.2042042042042205,4.438978028735963,1.2810219712640372,,0.5600000000000005,1.3500000000000005
1968-07-01,5.5,,6.03,5.31,6.24,6.98,,18.743,34.9,3.7,,5.889422176883958,1.6173614456324517,4.272060731251506,4.429462892801417,4.491017964071853,4.429462892801417,1.0705371071985832,,0.7400000000000002,1.4800000000000004
1968-08-01,5.42,,6.03,5.09,6.02,6.82,,18.816,35.0,3.5,,5.480597161705489,0.7143526270179539,4.7662445346875355,4.515914014330935,4.477611940298498,4.515914014330935,0.9040859856690648,,0.5999999999999996,1.4000000000000004
1968-09-01,5.46,,5.78,5.19,5.97,6.79,,18.892,35.1,3.4,,5.49239083995409,0.7111220760403238,4.781268763913766,4.566336414457295,4.464285714285721,4.566336414457295,0.8936635855427051,,0.5099999999999998,1.33
1968-10-01,5.58,,5.91,5.35,6.09,6.84,,18.969,35.3,3.4,,5.625894153235431,0.7937677149826072,4.832126438252824,4.604610124627784,4.7477744807121525,4.604610124627784,0.9753898753722163,,0.5099999999999998,1.2599999999999998
1968-11-01,5.7,,5.82,5.45,6.19,7.01,,19.041,35.4,3.4,,5.681925915333707,0.7056072818455421,4.976318633488165,4.66688654353562,4.424778761061954,4.66688654353562,1.0331134564643802,,0.4900000000000002,1.3099999999999996
1968-12-01,6.03,,6.02,5.96,6.45,7.23,,19.098,35.6,3.4,,6.164137997470092,0.8390355989790272,5.325102398491064,4.721171245270606,4.705882352941182,4.721171245270606,1.3088287547293946,,0.41999999999999993,1.2000000000000002
1969-01-01,6.04,,6.3,6.14,6.59,7.32,,19.17,35.7,3.4,,6.094500792883049,0.8483002049640938,5.246200587918955,4.651162790697683,4.692082111436946,4.651162790697683,1.3888372093023174,,0.5499999999999998,1.2800000000000002
1969-02-01,6.19,,6.61,6.12,6.66,7.3,,19.236,35.8,3.4,,6.1091999619828306,0.6311852611263218,5.478014700856509,4.56052617274556,4.678362573099393,4.56052617274556,1.62947382725444,,0.46999999999999975,1.1099999999999994
1969-03-01,6.3,,6.79,6.02,6.85,7.51,,19.326,36.1,3.4,,6.291080712582945,1.112179328675822,5.178901383907123,4.634542501353556,5.247813411078739,4.634542501353556,1.665457498646444,,0.5499999999999998,1.21
1969-04-01,6.17,,7.41,6.11,6.89,7.54,,19.4,36.3,3.4,,6.162438650003566,0.938076974002743,5.224361676000823,4.649908296472094,5.523255813953476,4.649908296472094,1.520091703527906,,0.7199999999999998,1.37
1969-05-01,6.32,,8.67,6.04,6.79,7.52,,19.478,36.4,3.4,,6.422079519261663,1.007547170578909,5.414532348682754,4.675408426483241,5.507246376811592,4.675408426483241,1.6445915735167596,,0.46999999999999975,1.1999999999999993
1969-06-01,6.57,,8.9,6.44,6.98,7.7,,19.545,36.6,3.5,,6.573466197988071,0.7887574375857378,5.784708760402333,4.625020073871844,5.475504322766556,4.625020073871844,1.9449799261281564,,0.41000000000000014,1.13
1969-07-01,6.72,,8.61,7.0,7.08,7.84,,19.636,36.8,3.5,,6.320870066406585,0.283783164894456,6.037086901512129,4.7644453929467145,5.4441260744985565,4.7644453929467145,1.9555546070532852,,0.3600000000000003,1.12
1969-08-01,6.69,,9.19,6.98,6.97,7.86,,19.691,36.9,3.5,,6.642460312181049,0.6337649262434191,6.00869538593763,4.6502976190476275,5.428571428571427,4.6502976190476275,2.039702380952373,,0.27999999999999936,1.17
1969-09-01,7.16,,9.15,7.09,7.14,8.05,,19.77,37.1,3.7,,7.31553654774568,0.8462617327721906,6.469274814973489,4.64746982849884,5.698005698005693,4.64746982849884,2.51253017150116,,-0.020000000000000462,0.8900000000000006
1969-10-01,7.1,,9.0,7.0,7.33,8.22,,19.855,37.3,3.7,,6.51619220174849,0.16847755060688918,6.347714651141601,4.670778638831763,5.665722379603411,4.670778638831763,2.4292213611682367,,0.23000000000000043,1.120000000000001
1969-11-01,7.14,,8.85,7.24,7.35,8.25,,19.931,37.5,3.5,,7.104704350673222,0.9538491843570549,6.150855166316167,4.674124258179724,5.932203389830515,4.674124258179724,2.465875741820276,,0.20999999999999996,1.1100000000000003
1969-12-01,7.65,,8.97,7.82,7.72,8.65,,20.005,37.7,3.5,,7.073054391694867,0.16115617647051916,6.9118982152243476,4.749188396690762,5.89887640449438,4.749188396690762,2.900811603309238,,0.0699999999999994,1.0
1970-01-01,7.79,,8.98,7.87,7.91,8.86,,20.071,37.9,3.9,,7.60942913162125,0.9980042759951626,6.611424855626088,4.700052164840907,6.162464985994376,4.700052164840907,3.0899478351590934,,0.1200000000000001,1.0699999999999994
1970-02-01,7.24,,8.98,7.13,7.93,8.78,,20.148,38.1,4.2,,6.687251154235255,0.47702170661328047,6.210229447621974,4.741110417966299,6.424581005586605,4.741110417966299,2.4988895820337014,,0.6899999999999995,1.5399999999999991
1970-03-01,7.07,,7.76,6.63,7.84,8.63,,20.223,38.3,4.4,,6.971967475486256,1.1508588335009922,5.821108641985264,4.641415709407015,6.094182825484751,4.641415709407015,2.428584290592985,,0.7699999999999996,1.5600000000000005
1970-04-01,7.39,,8.1,6.51,7.83,8.7,,20.303,38.5,4.6,,7.736757329088128,1.622079782375664,6.114677546712464,4.6546391752577465,6.060606060606077,4.6546391752577465,2.735360824742253,,0.4400000000000004,1.3099999999999996
1970-05-01,7.91,,7.95,6.84,8.11,8.98,,20.375,38.6,4.8,,7.478659746757744,1.3321964943671727,6.146463252390571,4.6051956052982845,6.043956043956045,4.6051956052982845,3.3048043947017156,,0.1999999999999993,1.0700000000000003
1970-06-01,7.84,,7.61,6.68,8.48,9.25,,20.448,38.8,4.9,,7.5544766484903265,1.5504378823553067,6.00403876613502,4.620107444359167,6.010928961748618,4.620107444359167,3.2198925556408327,,0.6400000000000006,1.4100000000000001
1970-07-01,7.46,,7.21,6.45,8.44,9.4,,20.526,38.9,5.0,,7.402646947601169,1.5421338101808306,5.860513137420338,4.532491342432277,5.7065217391304435,4.532491342432277,2.9275086575677234,,0.9799999999999995,1.9400000000000004
1970-08-01,7.53,,6.62,6.41,8.13,9.44,,20.597,39.0,5.1,,7.391762574656758,1.6385197696732954,5.753242804983462,4.601086790919728,5.691056910569103,4.601086790919728,2.928913209080272,,0.6000000000000005,1.9099999999999993
1970-09-01,7.39,,6.29,6.12,8.09,9.39,,20.683,39.2,5.4,,7.238592853822976,1.7250486522052553,5.51354420161772,4.618108244815389,5.660377358490565,4.618108244815389,2.771891755184611,,0.7000000000000002,2.000000000000001
1970-10-01,7.33,,6.2,5.91,8.03,9.33,,20.785,39.4,5.5,,7.040907028993129,1.6349654351784562,5.405941593814672,4.683958700579205,5.630026809651478,4.683958700579205,2.646041299420795,,0.6999999999999993,2.0
1970-11-01,6.84,,5.6,5.28,8.05,9.38,,20.892,39.6,5.9,,6.580196136185059,2.006152009581405,4.574044126603654,4.821634639506289,5.600000000000005,4.821634639506289,2.0183653604937106,,1.2100000000000009,2.540000000000001
1970-12-01,6.39,,4.9,4.87,7.64,9.12,,20.997,39.8,6.1,,6.2246238764383,1.438149926429105,4.786473950009195,4.9587603099225275,5.570291777188308,4.9587603099225275,1.4312396900774722,,1.25,2.7299999999999995
1971-01-01,6.24,,4.14,4.44,7.36,8.74,,21.08,39.9,5.9,,6.466644161234121,2.226248942271331,4.24039521896279,5.027153604703294,5.277044854881274,5.027153604703294,1.2128463952967063,,1.12,2.5
1971-02-01,6.11,,3.72,3.7,7.08,8.39,,21.16,39.9,5.9,,6.157964889484784,2.178170119795317,3.9797947696894673,5.022831050228316,4.724409448818889,5.022831050228316,1.0871689497716845,,0.9699999999999998,2.2800000000000002
1971-03-01,5.7,,3.71,3.38,7.21,8.46,,21.228,40.0,6.0,,5.783892911696101,1.9356232638135333,3.8482696478825673,4.969589081738635,4.438642297650142,4.969589081738635,0.7304109182613656,,1.5099999999999998,2.7600000000000007
1971-04-01,5.83,,4.16,3.86,7.25,8.45,,21.307,40.1,5.9,,6.3083021769228775,1.6530718924403978,4.65523028448248,4.945082007585078,4.155844155844157,4.945082007585078,0.8849179924149224,,1.42,2.619999999999999
1971-05-01,6.39,,4.63,4.14,7.53,8.62,,21.4,40.3,5.9,,6.491171423401434,1.743956519074044,4.74721490432739,5.03067484662576,4.404145077720201,5.03067484662576,1.3593251533742396,,1.1400000000000006,2.2299999999999995
1971-06-01,6.52,,4.91,4.75,7.64,8.75,,21.485,40.5,5.9,,6.883715060235445,1.6020512754662057,5.281663784769239,5.071400625978084,4.381443298969079,5.071400625978084,1.4485993740219154,,1.12,2.2300000000000004
1971-07-01,6.73,,5.31,5.4,7.64,8.76,,21.567,40.6,6.0,,6.9961299751217405,1.6613170352449869,5.334812939876754,5.071616486407482,4.370179948586128,5.071616486407482,1.6583835135925185,,0.9099999999999993,2.0299999999999994
1971-08-01,6.58,,5.57,4.94,7.59,8.76,,21.597,40.7,6.1,,6.198555015067191,1.3632437517727274,4.8353112632944635,4.855075981939128,4.358974358974366,4.855075981939128,1.7249240180608725,,1.0099999999999998,2.1799999999999997
1971-09-01,6.14,,5.55,4.69,7.44,8.59,,21.633,40.8,6.0,,6.108500450887832,1.2696058460587762,4.838894604829056,4.593144128027848,4.081632653061207,4.593144128027848,1.5468558719721512,,1.3000000000000007,2.45
1971-10-01,5.93,,5.2,4.46,7.39,8.48,,21.667,40.9,5.8,,5.944047271034707,1.3718004105199224,4.572246860514785,4.24344479191725,3.8071065989847774,4.24344479191725,1.6865552080827495,,1.46,2.5500000000000007
1971-11-01,5.81,,4.91,4.22,7.26,8.38,,21.716,41.0,6.0,,6.087742691360612,1.5494227433728422,4.53831994798777,3.944093432892992,3.535353535353525,3.944093432892992,1.8659065671070074,,1.4500000000000002,2.570000000000001
1971-12-01,5.93,,4.14,4.01,7.25,8.38,,21.784,41.1,6.0,,5.974728281937482,1.6699913550793077,4.304736926858174,3.7481544982616466,3.266331658291466,3.7481544982616466,2.181845501738353,,1.3200000000000003,2.450000000000001
1972-01-01,5.95,,3.51,3.38,7.19,8.23,,21.877,41.2,5.8,,6.158240407571257,1.7660206056355703,4.392219801935687,3.7808349146110087,3.2581453634085378,3.7808349146110087,2.1691650853889914,,1.2400000000000002,2.2800000000000002
1972-02-01,6.08,,3.3,3.2,7.27,8.23,,21.936,41.4,5.7,,6.142774021480091,1.800566636062448,4.342207385417643,3.667296786389418,3.759398496240607,3.667296786389418,2.412703213610582,,1.1899999999999995,2.1500000000000004
1972-03-01,6.07,,3.83,3.73,7.24,8.24,,21.979,41.4,5.8,,6.190487531717244,1.3927451190600815,4.797742412657162,3.537780290182768,3.499999999999992,3.537780290182768,2.532219709817232,,1.17,2.17
1972-04-01,6.19,,4.17,3.71,7.3,8.24,,22.03,41.5,5.7,,6.155678937292547,1.5858086117906192,4.5698703255019275,3.3932510442577613,3.4912718204488824,3.3932510442577613,2.796748955742239,,1.1099999999999994,2.05
1972-05-01,6.13,,4.27,3.69,7.3,8.23,,22.081,41.6,5.7,,6.1388060614475926,1.6420071771516191,4.496798884295973,3.182242990654216,3.2258064516129226,3.182242990654216,2.947757009345784,,1.17,2.1000000000000005
1972-06-01,6.11,,4.46,3.91,7.23,8.2,,22.126,41.7,5.7,,6.130579640639177,1.3126520578736924,4.817927582765485,2.9834768443099957,2.9629629629629672,2.9834768443099957,3.1265231556900046,,1.12,2.089999999999999
1972-07-01,6.11,,4.55,3.98,7.21,8.23,,22.189,41.8,5.6,,6.151171274005518,1.4618470064813565,4.689324267524162,2.884035795428197,2.9556650246305383,2.884035795428197,3.2259642045718033,,1.0999999999999996,2.12
1972-08-01,6.21,,4.81,4.02,7.19,8.19,,22.236,41.9,5.6,,6.361657251945574,1.4232041369019077,4.938453115043666,2.9587442700375055,2.9484029484029284,2.9587442700375055,3.2512557299624945,,0.9800000000000004,1.9799999999999995
1972-09-01,6.55,,4.87,4.66,7.22,8.09,,22.31,42.1,5.5,,6.348043819202781,1.3468858181752141,5.001158001027567,3.12947811214348,3.1862745098039325,3.12947811214348,3.42052188785652,,0.6699999999999999,1.54
1972-10-01,6.48,,5.05,4.74,7.21,8.06,,22.323,42.2,5.6,,6.298167629330945,1.3006692538461726,4.997498375484772,3.0276457285272507,3.1784841075794823,3.0276457285272507,3.4523542714727498,,0.7299999999999995,1.58
1972-11-01,6.28,,5.06,4.78,7.12,7.99,,22.382,42.4,5.3,,6.227343444908448,1.2904429533335522,4.936900491574896,3.0668631423834913,3.4146341463414664,3.0668631423834913,3.213136857616509,,0.8399999999999999,1.71
1972-12-01,6.36,,5.33,5.07,7.08,7.93,,22.449,42.5,5.2,,6.282938252063722,1.1898263773085835,5.093111874755138,3.0526992287917887,3.406326034063256,3.0526992287917887,3.3073007712082116,,0.7199999999999998,1.5699999999999994
1973-01-01,6.46,,5.94,5.41,7.15,7.9,,22.463,42.7,4.9,,6.399288671050154,1.081851853175344,5.31743681787481,2.6786122411665225,3.6407766990291357,2.6786122411665225,3.7813877588334774,,0.6900000000000004,1.4400000000000004
1973-02-01,6.64,,6.58,5.6,7.22,7.97,,22.534,43.0,5.0,,6.5047026785545015,0.9268859590164613,5.57781671953804,2.7261123267687815,3.864734299516903,2.7261123267687815,3.9138876732312182,,0.5800000000000001,1.33
1973-03-01,6.71,,7.09,6.09,7.29,8.03,,22.625,43.4,4.9,,6.594321821742604,0.89494400424788,5.699377817494724,2.9391692069703046,4.8309178743961345,2.9391692069703046,3.7708307930296954,,0.5800000000000001,1.3199999999999994
1973-04-01,6.67,,7.12,6.26,7.26,8.09,,22.756,43.7,5.0,,6.600780105130803,1.0269346610852637,5.573845444045539,3.295506128007264,5.301204819277117,3.295506128007264,3.374493871992736,,0.5899999999999999,1.42
1973-05-01,6.85,,7.84,6.36,7.29,8.06,,22.844,43.9,4.9,,6.623969393379019,0.9414169840041557,5.682552409374863,3.455459444771525,5.528846153846145,3.455459444771525,3.394540555228475,,0.4400000000000004,1.2100000000000009
1973-06-01,6.9,,8.49,7.19,7.37,8.13,,22.943,44.2,4.9,,6.656349998976491,0.7394485255447822,5.916901473431709,3.6924884750971776,5.995203836930463,3.6924884750971776,3.2075115249028228,,0.46999999999999975,1.2300000000000004
1973-07-01,7.13,,10.4,8.01,7.45,8.24,,23.041,44.2,4.8,,7.332951616668424,0.9141367493948271,6.418814867273597,3.839740411915815,5.741626794258381,3.839740411915815,3.2902595880841847,,0.3200000000000003,1.1100000000000003
1973-08-01,7.4,,10.5,8.67,7.68,8.53,,23.148,45.0,4.8,,6.988714570384538,0.8354892346804448,6.153225335704093,4.101457096600103,7.398568019093088,4.101457096600103,3.2985429033998974,,0.27999999999999936,1.129999999999999
1973-09-01,7.09,,10.78,8.29,7.63,8.63,,23.265,45.2,4.8,,6.76801519604161,1.2367268316448534,5.531288364396756,4.280591662931421,7.3634204275534465,4.280591662931421,2.8094083370685787,,0.54,1.540000000000001
1973-10-01,6.79,,10.01,7.22,7.6,8.41,,23.355,45.6,4.6,,6.630620126794439,0.8947277485412837,5.735892378253156,4.623034538368498,8.056872037914697,4.623034538368498,2.166965461631502,,0.8099999999999996,1.62
1973-11-01,6.73,,10.03,7.83,7.67,8.42,,23.468,45.9,4.8,,6.5058060876802655,0.6381537963081048,5.867652291372161,4.852113305334638,8.25471698113207,4.852113305334638,1.8778866946653627,,0.9399999999999995,1.6899999999999995
1973-12-01,6.74,,9.95,7.45,7.68,8.48,,23.598,46.3,4.9,,6.742840678885977,1.021463435656842,5.721377243229135,5.118268074301735,8.94117647058823,5.118268074301735,1.6217319256982652,,0.9399999999999995,1.7400000000000002
1974-01-01,6.99,,9.65,7.77,7.83,8.48,,23.714,46.8,5.1,,6.91766442796746,1.251571743762618,5.666092684204842,5.569158171214883,9.601873536299754,5.569158171214883,1.4208418287851172,,0.8399999999999999,1.4900000000000002
1974-02-01,6.96,,8.97,7.12,7.85,8.53,,23.865,47.3,5.2,,6.866420893411551,1.0585213800886937,5.807899513322857,5.906629981361489,9.999999999999986,5.906629981361489,1.0533700186385113,,0.8899999999999997,1.5699999999999994
1974-03-01,7.21,,9.35,7.96,8.01,8.62,,24.051,47.8,5.1,,7.339846874710087,1.0149259765649727,6.324920898145114,6.302762430939213,10.138248847926267,6.302762430939213,0.9072375690607872,,0.7999999999999998,1.4099999999999993
1974-04-01,7.51,,10.51,8.33,8.25,8.87,,24.231,48.1,5.1,,7.708579045017321,1.103283645207605,6.605295399809716,6.481806995957107,10.068649885583515,6.481806995957107,1.028193004042893,,0.7400000000000002,1.3599999999999994
1974-05-01,7.58,,11.31,8.23,8.37,9.05,,24.464,48.6,5.1,,7.649244840989159,1.1937065742109159,6.455538266778243,7.091577657152848,10.70615034168565,7.091577657152848,0.48842234284715236,,0.7899999999999991,1.4700000000000006
1974-06-01,7.54,,11.93,7.9,8.47,9.27,,24.715,49.0,5.4,,7.7254491599867245,1.1553574270947768,6.570091732891948,7.723488645774301,10.859728506787313,7.723488645774301,-0.18348864577430124,,0.9300000000000006,1.7299999999999995
1974-07-01,7.81,,12.92,7.55,8.72,9.48,,24.934,49.3,5.5,,7.711891718774702,0.7862048511806021,6.9256868675940995,8.215789245258453,11.538461538461519,8.215789245258453,-0.40578924525845306,,0.910000000000001,1.6700000000000008
1974-08-01,8.04,,12.01,8.96,9.0,9.77,,25.174,49.9,5.5,,8.089147809656456,1.2292048239945723,6.859942985661884,8.752376015206487,10.888888888888882,8.752376015206487,-0.7123760152064875,,0.9600000000000009,1.7300000000000004
1974-09-01,8.04,,11.34,8.06,9.24,10.18,,25.4,50.6,5.9,,7.831046646527282,1.5816149086695201,6.249431737857762,9.176875134321927,11.946902654867241,9.176875134321927,-1.1368751343219277,,1.200000000000001,2.1400000000000006
1974-10-01,7.9,,10.06,7.46,9.27,10.48,,25.599,51.0,6.0,,7.513386007356041,1.145540850008726,6.367845157347315,9.608220937700708,11.842105263157897,9.608220937700708,-1.7082209377007072,,1.3699999999999992,2.58
1974-11-01,7.68,,9.45,7.47,8.89,10.6,,25.786,51.5,6.6,,7.321760157800033,1.3124550081258821,6.009305149674151,9.877279700017061,12.200435729847502,9.877279700017061,-2.197279700017061,,1.2100000000000009,2.92
1974-12-01,7.43,,8.53,7.15,8.89,10.63,,25.968,51.9,7.2,,7.175637309674687,1.342795906209508,5.832841403465179,10.04322400203408,12.095032397408211,10.04322400203408,-2.6132240020340802,,1.4600000000000009,3.200000000000001
1975-01-01,7.5,,7.13,6.26,8.83,10.81,,26.119,52.3,8.1,,7.277707802642784,1.7816692130264888,5.496038589616295,10.14168845407777,11.752136752136755,10.14168845407777,-2.6416884540777694,,1.33,3.3100000000000005
1975-02-01,7.39,,6.24,5.5,8.62,10.65,,26.304,52.6,8.1,,7.200370477988402,1.8844206372175094,5.315949840770893,10.219987429289755,11.205073995771686,10.219987429289755,-2.8299874292897558,,1.2299999999999995,3.2600000000000007
1975-03-01,7.73,,5.54,5.49,8.67,10.48,,26.441,52.8,8.6,,7.444131459560531,1.93890824645782,5.505223213102711,9.93721674774437,10.460251046025103,9.93721674774437,-2.2072167477443703,,0.9399999999999995,2.75
1975-04-01,8.23,,5.49,5.61,8.95,10.58,,26.57,53.0,8.8,,7.987847688892575,2.254881899458229,5.732965789434346,9.652923940406911,10.187110187110182,9.652923940406911,-1.4229239404069105,,0.7199999999999989,2.3499999999999996
1975-05-01,8.06,,5.22,5.23,8.9,10.69,,26.683,53.1,9.0,,7.690029383830683,2.252787618937428,5.437241764893255,9.070470896010473,9.259259259259256,9.070470896010473,-1.0104708960104727,,0.8399999999999999,2.629999999999999
1975-06-01,7.86,,5.55,5.34,8.77,10.62,,26.813,53.5,8.8,,7.628022252296129,1.8636778408661305,5.764344411429999,8.48877200080922,9.183673469387754,8.48877200080922,-0.6287720008092199,,0.9099999999999993,2.759999999999999
1975-07-01,8.06,,6.1,6.13,8.84,10.55,,26.978,54.0,8.6,,7.718959744629449,1.6761800191037866,6.042779725525662,8.197641774284104,9.533468559837743,8.197641774284104,-0.13764177428410385,,0.7799999999999994,2.49
1975-08-01,8.4,,6.14,6.44,8.95,10.59,,27.071,54.2,8.4,,7.909341491844365,1.8530942050937025,6.056247286750662,7.535552554222624,8.617234468937895,7.535552554222624,0.8644474457773761,,0.5499999999999989,2.1899999999999995
1975-09-01,8.43,,6.24,6.42,8.95,10.61,,27.218,54.6,8.4,,8.156490219676948,1.9508478780039917,6.205642341672957,7.15748031496064,7.905138339920947,7.15748031496064,1.2725196850393594,,0.5199999999999996,2.1799999999999997
1975-10-01,8.14,,5.82,5.96,8.86,10.62,,27.354,54.9,8.4,,7.759721070739666,2.1962469721682085,5.563474098571458,6.855736552209057,7.647058823529407,6.855736552209057,1.2842634477909431,,0.7199999999999989,2.4799999999999986
1975-11-01,8.05,,5.22,5.48,8.78,10.56,,27.535,55.3,8.3,,7.934814737906606,2.2924430138687066,5.6423717240379,6.782750329636222,7.37864077669903,6.782750329636222,1.2672496703637783,,0.7299999999999986,2.51
1975-12-01,8.0,,5.2,5.44,8.79,10.56,,27.702,55.6,8.2,,7.653354666901883,2.262259259496653,5.39109540740523,6.677449168207028,7.129094412331405,6.677449168207028,1.322550831792972,,0.7899999999999991,2.5600000000000005
1976-01-01,7.74,,4.87,4.87,8.6,10.41,,27.844,55.8,7.9,,7.663292937947325,2.4337989138456013,5.229494024101724,6.60438761055171,6.692160611854692,6.60438761055171,1.1356123894482906,,0.8599999999999994,2.67
1976-02-01,7.79,,4.77,4.88,8.55,10.24,,27.955,55.9,7.7,,7.552605515248035,2.1399110112348696,5.4126945040131655,6.276611922141129,6.273764258555126,6.276611922141129,1.5133880778588713,,0.7600000000000007,2.45
1976-03-01,7.73,,4.84,5.0,8.52,10.12,,28.047,56.0,7.6,,7.521642012116326,2.1738275416834263,5.347814470432899,6.073900381982544,6.060606060606055,6.073900381982544,1.656099618017456,,0.7899999999999991,2.389999999999999
1976-04-01,7.56,,4.82,4.86,8.4,9.94,,28.157,56.1,7.7,,7.503758412785208,2.181036524268478,5.32272188851673,5.972901768912298,5.849056603773595,5.972901768912298,1.587098231087702,,0.8400000000000007,2.38
1976-05-01,7.9,,5.29,5.2,8.58,9.86,,28.29,56.4,7.4,,7.735137669208186,2.0386692207536212,5.6964684484545645,6.022561181276465,6.214689265536721,6.022561181276465,1.8774388187235358,,0.6799999999999997,1.959999999999999
1976-06-01,7.86,,5.48,5.41,8.62,9.89,,28.405,56.7,7.6,,7.664579196057539,2.1487745583402758,5.515804637717263,5.937418416439799,5.981308411214958,5.937418416439799,1.9225815835602011,,0.7599999999999989,2.0300000000000002
1976-07-01,7.83,,5.31,5.23,8.56,9.82,,28.561,57.0,7.8,,7.659502983685429,2.2939573407074123,5.365545642978017,5.867744087775217,5.555555555555558,5.867744087775217,1.9622559122247827,,0.7300000000000004,1.9900000000000002
1976-08-01,7.77,,5.29,5.14,8.45,9.64,,28.726,57.3,7.8,,7.546194664075876,2.3257989979454985,5.220395666130377,6.11355324886409,5.719557195571956,6.11355324886409,1.6564467511359098,,0.6799999999999997,1.870000000000001
1976-09-01,7.59,,5.25,5.08,8.38,9.4,,28.894,57.6,7.6,,7.472778924755723,2.410950533411312,5.06182839134441,6.157689764126673,5.494505494505497,6.157689764126673,1.4323102358733273,,0.7900000000000009,1.8100000000000005
1976-10-01,7.41,,5.02,4.92,8.32,9.29,,29.036,57.9,7.7,,7.331485565860795,2.4524671471539508,4.879018418706845,6.149009285662066,5.464480874316946,6.149009285662066,1.2609907143379342,,0.9100000000000001,1.879999999999999
1976-11-01,7.29,,4.95,4.75,8.25,9.23,,29.168,58.1,7.8,,7.014874284481383,2.7123101890463346,4.302564095435049,5.9306337388777886,5.063291139240511,5.9306337388777886,1.3593662611222115,,0.96,1.9400000000000004
1976-12-01,6.87,,4.65,4.35,7.98,9.12,,29.326,58.4,7.8,,6.743734819128156,2.1826399984015357,4.561094820726621,5.862392607031985,5.035971223021574,5.862392607031985,1.0076073929680147,,1.1100000000000003,2.249999999999999
1977-01-01,7.21,,4.61,4.62,7.96,9.08,,29.505,58.7,7.5,,7.237070640694358,2.151623246820672,5.085447393873686,5.965378537566424,5.197132616487465,5.965378537566424,1.2446214624335763,,0.75,1.87
1977-02-01,7.39,7.75,4.68,4.67,8.04,9.12,,29.686,59.3,7.6,,7.32915089933389,2.322602144456293,5.006548754877597,6.1920944374888265,6.082289803220031,6.1920944374888265,1.1979055625111732,,0.6499999999999995,1.7299999999999995
1977-03-01,7.46,7.8,4.69,4.6,8.1,9.12,,29.812,59.6,7.4,,7.343740686261427,2.4011471614223314,4.942593524839095,6.29300816486611,6.428571428571428,6.29300816486611,1.1669918351338904,,0.6399999999999997,1.6599999999999993
1977-04-01,7.37,7.73,4.73,4.54,8.04,9.07,,29.959,60.0,7.2,,7.356085727113322,2.3994276186135064,4.956658108499815,6.399829527293388,6.951871657754016,6.399829527293388,0.970170472706612,,0.669999999999999,1.7000000000000002
1977-05-01,7.46,7.8,5.35,4.96,8.05,9.01,,30.112,60.2,7.0,,7.341470302881109,2.3822437085863957,4.959226594294713,6.440438317426644,6.737588652482285,6.440438317426644,1.0195616825733556,,0.5900000000000007,1.5499999999999998
1977-06-01,7.28,7.64,5.39,5.02,7.95,8.91,,30.292,60.5,7.2,,7.187805079141625,2.3093441739939555,4.878460905147669,6.643196620313319,6.701940035273357,6.643196620313319,0.6368033796866817,,0.6699999999999999,1.63
1977-07-01,7.33,7.64,5.42,5.19,7.94,8.87,,30.479,60.8,6.9,,7.310245372545601,2.0850600696345802,5.2251853029110205,6.715451139665984,6.666666666666665,6.715451139665984,0.6145488603340157,,0.6100000000000003,1.5399999999999991
1977-08-01,7.4,7.68,5.9,5.49,7.98,8.82,,30.629,61.1,7.0,,7.198637669143751,1.9226990757356894,5.275938593408061,6.6246605862285035,6.631762652705064,6.6246605862285035,0.7753394137714968,,0.5800000000000001,1.42
1977-09-01,7.34,7.64,6.14,5.81,7.92,8.8,,30.758,61.3,6.8,,7.276452972043139,1.8390538385165645,5.437399133526575,6.4511663321104695,6.423611111111094,6.4511663321104695,0.8888336678895303,,0.5800000000000001,1.4600000000000009
1977-10-01,7.52,7.77,6.47,6.16,8.04,8.89,,30.907,61.6,6.8,,7.431285336382173,1.7405426267871213,5.690742709595051,6.443725030995995,6.390328151986191,6.443725030995995,1.0762749690040048,,0.5199999999999996,1.370000000000001
1977-11-01,7.58,7.85,6.51,6.1,8.08,8.95,,31.067,62.0,6.8,,7.408802080540958,1.7920860672044556,5.616716013336502,6.510559517279213,6.712564543889843,6.510559517279213,1.069440482720787,,0.5,1.3699999999999992
1977-12-01,7.69,7.94,6.56,6.07,8.19,8.99,,31.227,62.3,6.4,,7.693300705755841,2.026289256754911,5.66701144900093,6.48230239378027,6.67808219178081,6.48230239378027,1.20769760621973,,0.4999999999999991,1.2999999999999998
1978-01-01,7.96,8.18,6.7,6.44,8.41,9.17,,31.414,62.7,6.4,,7.843196779821875,2.0492358432525313,5.793960936569344,6.470089815285562,6.814310051107331,6.470089815285562,1.4899101847144376,,0.4500000000000002,1.21
1978-02-01,8.03,8.25,6.78,6.45,8.47,9.2,,31.535,63.0,6.3,,7.916612505288764,2.059934860473054,5.8566776448157105,6.228525230748505,6.2394603709949426,6.228525230748505,1.8014747692514943,,0.4400000000000013,1.17
1978-03-01,8.04,8.23,6.79,6.29,8.47,9.22,,31.706,63.4,6.3,,7.959633120265843,2.0265007756010025,5.93313234466484,6.353146384006436,6.375838926174482,6.353146384006436,1.686853615993563,,0.4300000000000015,1.1800000000000015
1978-04-01,8.15,8.34,6.89,6.29,8.56,9.32,,31.911,63.9,6.1,,8.021503825304322,2.0074748486295357,6.014028976674786,6.515571280750354,6.499999999999995,6.515571280750354,1.6344287192496463,,0.41000000000000014,1.17
1978-05-01,8.35,8.43,7.36,6.41,8.69,9.49,,32.099,64.5,6.0,,8.161737996514512,1.9889399327560362,6.172798063758476,6.5986981934112565,7.14285714285714,6.5986981934112565,1.7513018065887431,,0.33999999999999986,1.1400000000000006
1978-06-01,8.46,8.5,7.6,6.73,8.76,9.6,,32.278,65.0,5.9,,8.396986805683472,2.0315184163759055,6.3654683893075665,6.556186451868462,7.438016528925617,6.556186451868462,1.9038135481315388,,0.29999999999999893,1.1399999999999988
1978-07-01,8.64,8.65,7.81,7.01,8.88,9.6,,32.468,65.5,6.2,,8.328128534531066,1.9939764401648565,6.3341520943662095,6.5258046523836155,7.7302631578947345,6.5258046523836155,2.114195347616385,,0.2400000000000002,0.9599999999999991
1978-08-01,8.41,8.47,8.04,7.08,8.69,9.48,,32.642,65.9,5.9,,8.196530284632638,1.8187996156937745,6.377730668938864,6.572202814326289,7.855973813420625,6.572202814326289,1.8377971856737112,,0.27999999999999936,1.0700000000000003
1978-09-01,8.42,8.47,8.45,7.85,8.69,9.42,,32.83,66.5,6.0,,8.257812164158324,1.6966098330690462,6.5612023310892775,6.736458807464718,8.482871125611746,6.736458807464718,1.683541192535282,,0.2699999999999996,1.0
1978-10-01,8.64,8.67,8.96,7.99,8.89,9.59,,33.071,67.1,5.8,,8.717072350457498,1.8077989573228592,6.909273393134638,7.001650111625191,8.92857142857142,7.001650111625191,1.63834988837481,,0.25,0.9499999999999993
1978-11-01,8.81,8.75,9.76,8.64,9.03,9.83,,33.249,67.5,5.9,,8.530662831441717,1.5125544984360788,7.018108333005638,7.023529790452909,8.870967741935477,7.023529790452909,1.7864702095470912,,0.21999999999999886,1.0199999999999996
1978-12-01,9.01,8.88,10.03,9.08,9.16,9.94,,33.378,67.9,6.0,,8.822278832847026,1.530866825093522,7.291412007753504,6.888269766548172,8.988764044943842,6.888269766548172,2.121730233451828,,0.15000000000000036,0.9299999999999997
1979-01-01,9.1,8.94,10.07,9.35,9.25,10.13,,33.549,68.5,5.9,,8.591801231465071,1.5456742624305173,7.046126969034554,6.796332845228226,9.250398724082931,6.796332845228226,2.303667154771774,,0.15000000000000036,1.0300000000000011
1979-02-01,9.1,9.0,10.06,9.32,9.26,10.08,,33.659,69.2,5.9,,8.853589948313063,1.721684368368348,7.131905579944715,6.735373394640876,9.84126984126985,6.735373394640876,2.364626605359124,,0.16000000000000014,0.9800000000000004
1979-03-01,9.12,9.03,10.09,9.48,9.37,10.26,,33.852,69.9,5.8,,8.802645462106721,1.726480060030732,7.076165402075989,6.7684349965306145,10.252365930599371,6.7684349965306145,2.3515650034693847,,0.25,1.1400000000000006
1979-04-01,9.18,9.08,10.01,9.46,9.38,10.33,,34.165,70.6,5.8,,8.972209602494146,1.8341190451130487,7.138090557381098,7.063395067531575,10.485133020344284,7.063395067531575,2.116604932468425,,0.20000000000000107,1.1500000000000004
1979-05-01,9.25,9.19,10.24,9.61,9.5,10.47,,34.462,71.4,5.6,,8.726197095813712,1.7256176643870065,7.000579431426705,7.361600049845807,10.697674418604652,7.361600049845807,1.8883999501541933,,0.25,1.2200000000000006
1979-06-01,8.91,8.92,10.29,9.06,9.29,10.38,,34.655,72.2,5.7,,8.46873290702577,1.7063151430581733,6.762417763967596,7.364148955945238,11.076923076923073,7.364148955945238,1.5458510440547624,,0.379999999999999,1.4700000000000006
1979-07-01,8.95,8.93,10.47,9.24,9.2,10.29,,34.829,73.0,5.7,,8.673977595042397,1.7116010442385097,6.962376550803887,7.271775286435855,11.45038167938932,7.271775286435855,1.678224713564144,,0.25,1.3399999999999999
1979-08-01,9.03,8.98,10.94,9.52,9.23,10.35,,35.06,73.7,6.0,,8.897027485341422,1.6672611736467866,7.229766311694635,7.4076343361313635,11.836115326251884,7.4076343361313635,1.622365663868636,,0.20000000000000107,1.3200000000000003
1979-09-01,9.33,9.17,11.43,10.26,9.44,10.54,,35.299,74.4,5.9,,9.085801263571156,1.639190769787855,7.446610493783301,7.520560462991166,11.879699248120312,7.520560462991166,1.809439537008834,,0.10999999999999943,1.209999999999999
1979-10-01,10.3,9.85,13.77,11.7,10.13,11.4,,35.557,75.2,6.0,,10.268497178096258,1.7826274495051226,8.485869728591135,7.517160049590288,12.071535022354718,7.517160049590288,2.7828399504097128,,-0.16999999999999993,1.0999999999999996
1979-11-01,10.65,10.3,13.18,11.79,10.76,11.99,,35.784,76.0,5.9,,9.95488661805159,2.262346655301471,7.69253996275012,7.624289452314348,12.592592592592599,7.624289452314348,3.0257105476856525,,0.10999999999999943,1.3399999999999999
1979-12-01,10.39,10.12,13.78,12.04,10.74,12.06,,36.041,76.9,6.0,,9.968194023820867,2.291352053458078,7.67684197036279,7.978309065851752,13.254786450662737,7.978309065851752,2.4116909341482486,,0.34999999999999964,1.67
1980-01-01,10.8,10.6,13.82,12.0,11.09,12.42,,36.315,78.0,6.3,,10.795661109451075,3.0255772811914685,7.770083828259606,8.244657068765093,13.868613138686126,8.244657068765093,2.5553429312349074,,0.28999999999999915,1.6199999999999992
1980-02-01,12.41,12.13,14.13,12.86,12.38,13.57,,36.677,79.0,6.3,,12.056492398958284,2.819812362230776,9.236680036727508,8.966398288719212,14.161849710982644,8.966398288719212,3.443601711280788,,-0.02999999999999936,1.1600000000000001
1980-03-01,12.75,12.34,17.19,15.2,12.96,14.45,,37.017,80.1,6.3,,11.892315842410843,2.6892054405621337,9.20311040184871,9.349521446295661,14.592274678111572,9.349521446295661,3.400478553704339,,0.21000000000000085,1.6999999999999993
1980-04-01,11.47,11.4,17.61,13.2,12.04,14.19,,37.207,80.9,6.9,,10.558991097409516,3.3302601018579647,7.228730995551551,8.903848968242368,14.589235127478762,8.903848968242368,2.5661510317576326,,0.5699999999999985,2.719999999999999
1980-05-01,10.18,10.36,10.98,8.58,10.99,13.17,,37.507,81.7,7.5,,10.149278413303158,4.001553770683499,6.147724642619659,8.835819163136183,14.425770308123242,8.835819163136183,1.344180836863817,,0.8100000000000005,2.99
1980-06-01,9.78,9.81,9.47,7.07,10.58,12.71,,37.756,82.5,7.6,,9.746999659894932,3.332403976063702,6.41459568383123,8.948203722406568,14.265927977839322,8.948203722406568,0.8317962775934316,,0.8000000000000007,2.9300000000000015
1980-07-01,10.25,10.24,9.03,8.06,11.07,12.65,,38.021,82.6,7.8,,10.376810259606062,3.7038807103404086,6.672929549265653,9.16477647937064,13.15068493150684,9.16477647937064,1.0852235206293592,,0.8200000000000003,2.4000000000000004
1980-08-01,11.1,11.0,9.61,9.13,11.64,13.15,,38.296,83.2,7.7,,10.956971341382792,2.837819806510968,8.119151534871824,9.22989161437535,12.890094979647216,9.22989161437535,1.8701083856246488,,0.5400000000000009,2.0500000000000007
1980-09-01,11.51,11.34,10.87,10.27,12.02,13.7,,38.657,83.9,7.5,,11.48824177206877,3.4546276930274367,8.033614079041334,9.513017365931042,12.768817204301076,9.513017365931042,1.9969826340689583,,0.5099999999999998,2.1899999999999995
1980-10-01,11.75,11.59,12.81,11.62,12.31,14.23,,38.975,84.7,7.5,,12.052888462248685,3.2759986957111025,8.776889766537582,9.612734482661644,12.632978723404253,9.612734482661644,2.1372655173383563,,0.5600000000000005,2.4800000000000004
1980-11-01,12.68,12.37,15.85,13.73,12.97,14.64,,39.282,85.6,7.5,,12.042859580806297,2.6298828837016117,9.412976697104686,9.775318578135472,12.631578947368416,9.775318578135472,2.9046814218645274,,0.2900000000000009,1.9600000000000009
1980-12-01,12.84,12.4,18.9,15.49,13.21,15.14,,39.518,86.4,7.2,,11.818224420534463,2.810833787624629,9.007390632909834,9.647346078077756,12.353706111833551,9.647346078077756,3.1926539219222434,,0.370000000000001,2.3000000000000007
1981-01-01,12.57,12.14,19.08,15.02,12.81,15.03,,39.861,87.2,7.5,,12.019219180719553,2.8806187347523693,9.138600445967183,9.76456009913258,11.794871794871797,9.76456009913258,2.8054399008674196,,0.2400000000000002,2.459999999999999
1981-02-01,13.19,12.8,15.93,14.79,13.35,15.37,,40.152,88.0,7.4,,12.799329726809082,3.488275230908881,9.311054495900201,9.474602611991179,11.392405063291132,9.474602611991179,3.715397388008821,,0.16000000000000014,2.1799999999999997
1981-03-01,13.12,12.69,14.7,13.36,13.33,15.34,,40.375,88.6,7.4,,12.86181590821279,4.13860382725367,8.72321208095912,9.071507685657942,10.611735330836458,9.071507685657942,4.048492314342058,,0.21000000000000085,2.2200000000000006
1981-04-01,13.68,13.2,15.72,13.69,13.88,15.56,,40.633,89.1,7.2,,13.364005183432145,3.667491241439885,9.69651394199226,9.207944741580887,10.135970333745359,9.207944741580887,4.472055258419113,,0.20000000000000107,1.8800000000000008
1981-05-01,14.1,13.6,18.52,16.3,14.32,15.95,,40.913,89.7,7.5,,12.696154100851462,2.955065755385574,9.741088345465888,9.080971551976958,9.79192166462668,9.080971551976958,5.019028448023041,,0.22000000000000064,1.8499999999999996
1981-06-01,13.47,12.96,19.1,14.73,13.75,15.8,,41.117,90.5,7.5,,13.06327396442875,3.508162528652118,9.555111435776633,8.901896387329167,9.696969696969692,8.901896387329167,4.568103612670834,,0.27999999999999936,2.33
1981-07-01,14.28,13.59,19.04,14.95,14.38,16.17,,41.365,91.5,7.2,,13.64138836038658,3.2396111340645035,10.401777226322077,8.795139528155493,10.774818401937058,8.795139528155493,5.484860471844506,,0.10000000000000142,1.8900000000000023
1981-08-01,14.94,14.17,17.82,15.51,14.89,16.34,,41.642,92.2,7.4,,14.476272118515729,4.017427629664468,10.45884448885126,8.737204930018816,10.817307692307686,8.737204930018816,6.202795069981184,,-0.049999999999998934,1.4000000000000004
1981-09-01,15.32,14.67,15.87,14.7,15.49,16.92,,41.915,93.1,7.6,,14.907866890564975,4.6046373159953315,10.303229574569643,8.427969061230822,10.96543504171632,8.427969061230822,6.892030938769178,,0.16999999999999993,1.6000000000000014
1981-10-01,15.15,14.68,15.08,13.54,15.4,17.11,,42.165,93.4,7.9,,14.167632657179361,4.709384594001056,9.458248063178305,8.184733803720334,10.271546635182993,8.184733803720334,6.965266196279666,,0.25,1.959999999999999
1981-11-01,13.39,13.35,13.31,10.86,14.22,16.39,,42.411,93.8,8.3,,12.480012936691644,4.348644757380299,8.131368179311345,7.965480372689804,9.579439252336464,7.965480372689804,5.424519627310197,,0.8300000000000001,3.0
1981-12-01,13.72,13.45,12.37,10.85,14.23,16.55,,42.568,94.1,8.5,,13.550437614602782,4.599868847197209,8.950568767405573,7.718001923174245,8.912037037037024,7.718001923174245,6.001998076825756,,0.5099999999999998,2.83
1982-01-01,14.59,14.22,13.22,12.28,15.18,17.1,6.1976115,42.829,94.4,8.6,,13.671595437567118,4.453472942357106,9.218122495210013,7.445874413587217,8.25688073394495,7.445874413587217,7.144125586412783,8.3923885,0.5899999999999999,2.5100000000000016
1982-02-01,14.43,14.22,14.78,13.48,15.27,17.18,6.0792322,42.994,94.7,8.9,,13.39091953609661,4.243143380073958,9.147776156022651,7.078103207810327,7.613636363636367,7.078103207810327,7.351896792189673,8.3507678,0.8399999999999999,2.75
1982-03-01,13.86,13.53,14.68,12.68,14.58,16.82,5.6481299,43.182,94.7,9.0,,13.390802910871207,3.7990178874086755,9.591785023462531,6.952321981424148,6.884875846501148,6.952321981424148,6.907678018575852,8.211870099999999,0.7200000000000006,2.960000000000001
1982-04-01,13.87,13.37,14.94,12.7,14.46,16.78,5.7131884,43.353,95.0,9.3,,13.030252626736063,3.8030107982607113,9.227241828475352,6.694066399232157,6.621773288439958,6.694066399232157,7.175933600767842,8.1568116,0.5900000000000016,2.910000000000002
1982-05-01,13.62,13.24,14.45,12.09,14.26,16.64,5.6899798,43.589,95.9,9.4,,13.094851819289953,4.268064139248077,8.826787680041877,6.540708332314926,6.911928651059096,6.540708332314926,7.079291667685073,7.9300201999999995,0.6400000000000006,3.0200000000000014
1982-06-01,14.3,13.92,14.15,12.47,14.81,16.92,5.6023786,43.808,97.0,9.6,,13.604302793196025,3.9893065135984678,9.614996279597557,6.544738186151711,7.182320441988943,6.544738186151711,7.75526181384829,8.697621400000001,0.5099999999999998,2.620000000000001
1982-07-01,13.95,13.55,12.59,11.35,14.61,16.8,5.9160055,44.092,97.5,9.8,,13.143989845348564,4.501204616697629,8.642785228650935,6.592529916596157,6.557377049180335,6.592529916596157,7.357470083403842,8.033994499999999,0.6600000000000001,2.8500000000000014
1982-08-01,13.06,12.77,10.12,8.68,13.71,16.32,5.6967159,44.295,97.7,9.8,,12.271876187536929,4.369235181814449,7.90264100572248,6.370971615196197,5.965292841648595,6.370971615196197,6.6890283848038035,7.3632841,0.6500000000000004,3.26
1982-09-01,12.34,12.07,10.31,7.92,12.94,15.63,5.733214,44.459,97.7,10.1,,11.647214017511732,4.088322350489019,7.5588916670227135,6.069426219730412,4.940923737916236,6.069426219730412,6.270573780269588,6.606786,0.5999999999999996,3.290000000000001
1982-10-01,10.91,11.17,9.71,7.71,12.12,14.73,5.3410651,44.741,98.1,10.4,,10.69108239828435,3.5743097382512836,7.116772660033066,6.109332384679234,5.032119914346889,6.109332384679234,4.800667615320767,5.5689349,1.209999999999999,3.8200000000000003
1982-11-01,10.55,10.54,9.2,8.07,11.68,14.3,4.7173264,44.906,98.0,10.8,,10.84614661476023,3.733976471921257,7.1121701428389725,5.8829077362005044,4.47761194029852,5.8829077362005044,4.667092263799496,5.832673600000001,1.129999999999999,3.75
1982-12-01,10.54,10.54,8.95,7.94,11.83,14.14,4.8624209,45.049,97.7,10.8,,10.509869371959155,3.5371712557367134,6.972698116222442,5.8283217440330715,3.825717321997879,5.8283217440330715,4.711678255966928,5.677579099999999,1.290000000000001,3.6000000000000014
1983-01-01,10.46,10.63,8.68,7.86,11.79,13.94,4.717531,45.357,97.9,10.4,,10.93221430642957,4.0458871030878765,6.886327203341693,5.902542669686417,3.7076271186440746,5.902542669686417,4.557457330313584,5.742469000000001,1.3299999999999983,3.4799999999999986
1983-02-01,10.72,10.88,8.51,8.11,12.01,13.95,4.8609296,45.525,98.0,10.4,,10.356752742043502,3.5940292035076604,6.762723538535842,5.886867935060702,3.484688489968324,5.886867935060702,4.833132064939298,5.8590704,1.2899999999999991,3.2299999999999986
1983-03-01,10.51,10.63,8.77,8.35,11.73,13.61,4.6099924,45.583,98.1,10.3,,10.626254935143226,3.6064871598921258,7.0197677752511005,5.5601871150016136,3.5902851108764455,5.5601871150016136,4.949812884998386,5.9000075999999995,1.2200000000000006,3.0999999999999996
1983-04-01,10.4,10.48,8.8,8.21,11.51,13.29,4.7379918,45.721,98.8,10.2,,10.32833450905022,3.56821911409007,6.760115394960151,5.462136415011631,4.0000000000000036,5.462136415011631,4.937863584988369,5.662008200000001,1.1099999999999994,2.889999999999999
1983-05-01,10.38,10.53,8.63,8.19,11.46,13.09,4.5383586,45.787,99.2,10.1,,10.787855152920127,3.697570073016358,7.090285079903769,5.042556608318605,3.44108446298228,5.042556608318605,5.337443391681396,5.841641400000001,1.08,2.709999999999999
1983-06-01,10.85,10.93,8.98,8.79,11.74,13.37,4.7208859,46.001,99.4,10.1,,10.924112192986337,3.671359321963256,7.252752871023081,5.005934989043093,2.4742268041237248,5.005934989043093,5.844065010956907,6.1291141,0.8900000000000006,2.5199999999999996
1983-07-01,11.38,11.4,9.37,9.08,12.15,13.39,4.8680949,46.311,99.8,9.4,,11.702424983514067,4.145754535337406,7.556670448176662,5.032658985757066,2.358974358974364,5.032658985757066,6.347341014242935,6.511905100000001,0.7699999999999996,2.01
1983-08-01,11.85,11.82,9.56,9.34,12.51,13.64,5.0178961,46.55,100.1,9.5,,11.822824637345072,4.225225602626326,7.597599034718746,5.090868043797259,2.456499488229258,5.090868043797259,6.759131956202741,6.8321039,0.6600000000000001,1.790000000000001
1983-09-01,11.65,11.63,9.45,9.0,12.37,13.55,5.1079768,46.738,100.4,9.2,,11.362698425119016,4.049713215598136,7.312985209520879,5.126071211678163,2.763561924257929,5.126071211678163,6.523928788321838,6.5420232,0.7199999999999989,1.9000000000000004
1983-10-01,11.54,11.58,9.48,8.64,12.25,13.46,4.9742005,46.821,100.8,8.8,,11.614551646835125,4.343857347474183,7.270694299360942,4.648979683064747,2.752293577981657,4.648979683064747,6.891020316935252,6.565799499999999,0.7100000000000009,1.9200000000000017
1983-11-01,11.69,11.75,9.34,8.76,12.41,13.61,5.0693748,46.93,101.1,8.5,,11.451671172694358,4.056000923294524,7.395670249399833,4.50719280274352,3.1632653061224536,4.50719280274352,7.182807197256479,6.620625199999999,0.7200000000000006,1.92
1983-12-01,11.83,11.88,9.47,9.0,12.57,13.75,5.0893714,46.965,101.4,8.3,,11.657566976142768,4.20416109625199,7.453405879890777,4.253146573730837,3.7871033776867957,4.253146573730837,7.576853426269163,6.7406286,0.7400000000000002,1.92
1984-01-01,11.67,11.75,9.56,8.9,12.2,13.65,5.0640591,47.121,102.1,8.0,,11.492893007784607,4.147539873406371,7.345353134378236,3.8891461075468037,4.290091930541351,3.8891461075468037,7.780853892453196,6.6059409,0.5299999999999994,1.9800000000000004
1984-02-01,11.84,11.95,9.59,9.09,12.08,13.59,5.0342412,47.418,102.6,7.8,,11.848267335418967,4.314679370071488,7.533587965347479,4.158154859967045,4.693877551020398,4.158154859967045,7.681845140032955,6.8057587999999996,0.2400000000000002,1.75
1984-03-01,12.32,12.38,9.91,9.52,12.57,13.99,5.1736894,47.598,102.9,7.8,,12.271052551137691,4.392865420918448,7.878187130219243,4.420507645394123,4.892966360856277,4.420507645394123,7.8994923546058775,7.1463106000000005,0.25,1.67
1984-04-01,12.63,12.65,10.29,9.69,12.81,14.31,5.3137983,47.822,103.3,7.7,,12.5669501067717,4.605723227975944,7.961226878795755,4.595262570809933,4.5546558704453455,4.595262570809933,8.034737429190068,7.316201700000001,0.17999999999999972,1.6799999999999997
1984-05-01,13.41,13.43,10.32,9.83,13.28,14.74,5.4463469,47.933,103.5,7.4,,13.587809826082315,5.181166715561959,8.406643110520356,4.686919868084827,4.3346774193548265,4.686919868084827,8.723080131915173,7.9636531,-0.13000000000000078,1.33
1984-06-01,13.56,13.44,11.06,9.87,13.55,15.05,5.735139,48.046,103.7,7.2,,13.489107752535375,5.003464329803299,8.485643422732077,4.4455555314014905,4.325955734406439,4.4455555314014905,9.11444446859851,7.824861,-0.009999999999999787,1.4900000000000002
1984-07-01,13.36,13.21,11.23,10.12,13.44,15.15,5.7354156,48.253,104.1,7.5,,12.623636339084236,4.410547009668459,8.213089329415777,4.193388179914059,4.308617234468937,4.193388179914059,9.16661182008594,7.6245844,0.08000000000000007,1.790000000000001
1984-08-01,12.72,12.54,11.64,10.47,12.87,14.63,5.4270067,48.412,104.4,7.5,,12.422934837819232,4.01425195238142,8.408682885437813,4.0000000000000036,4.295704295704317,4.0000000000000036,8.719999999999997,7.292993300000001,0.14999999999999858,1.9100000000000001
1984-09-01,12.52,12.29,11.3,10.37,12.66,14.35,5.4416381,48.486,104.7,7.3,,12.098268468902846,3.8377572867458536,8.260511182156993,3.739997432496045,4.2828685258964105,3.739997432496045,8.780002567503955,7.0783619,0.14000000000000057,1.83
1984-10-01,12.16,11.98,9.99,9.74,12.63,13.94,5.2147606,48.595,105.1,7.4,,11.485845501977382,3.8116397938048294,7.674205708172552,3.788898143995212,4.265873015873023,3.788898143995212,8.371101856004788,6.9452394,0.47000000000000064,1.7799999999999994
1984-11-01,11.57,11.56,9.43,8.61,12.29,13.48,5.0159744,48.698,105.3,7.2,,11.420243731230686,4.077088025229494,7.343155706001192,3.7673130193905724,4.154302670623156,3.7673130193905724,7.802686980609428,6.5540256,0.7199999999999989,1.9100000000000001
1984-12-01,11.5,11.52,8.38,8.06,12.13,13.4,5.0342399,48.891,105.5,7.3,,11.490230172137007,4.437495471520515,7.052734700616492,4.100926221654411,4.043392504930954,4.100926221654411,7.399073778345589,6.4657601,0.6300000000000008,1.9000000000000004
1985-01-01,11.38,11.45,8.35,7.76,12.08,13.26,5.1142968,49.165,105.7,7.3,,11.046429891794324,3.9850718892744528,7.061358002519871,4.337768723074631,3.52595494613126,4.337768723074631,7.04223127692537,6.265703200000001,0.6999999999999993,1.879999999999999
1985-02-01,11.51,11.47,8.5,8.27,12.13,13.23,5.0420932,49.42,106.3,7.2,,11.8018499425411,4.425247524350535,7.376602418190565,4.222025391201667,3.6062378167641462,4.222025391201667,7.287974608798333,6.4679068,0.620000000000001,1.7200000000000006
1985-03-01,11.86,11.81,8.58,8.52,12.56,13.69,5.262634,49.593,106.8,7.2,,11.608977867510367,4.397601822715599,7.211376044794768,4.1913525778394245,3.790087463556846,4.1913525778394245,7.668647422160575,6.597365999999999,0.7000000000000011,1.83
1985-04-01,11.43,11.47,8.27,7.95,12.23,13.51,5.0197753,49.652,107.0,7.3,,11.447886694091348,4.552493614632953,6.895393079458396,3.826690644473252,3.581800580832528,3.826690644473252,7.603309355526748,6.4102247,0.8000000000000007,2.08
1985-05-01,10.85,11.05,7.97,7.48,11.72,13.15,4.984325,49.823,107.2,7.2,,10.32337964444942,3.9106731353123942,6.412706509137025,3.943003776104148,3.5748792270531515,3.943003776104148,6.9069962238958515,5.8656749999999995,0.870000000000001,2.3000000000000007
1985-06-01,10.16,10.45,7.53,6.95,10.94,12.4,4.5913278,49.988,107.5,7.4,,10.356198928788594,4.006150483707483,6.350048445081111,4.041959788535987,3.6644165863066513,4.041959788535987,6.118040211464013,5.5686722,0.7799999999999994,2.24
1985-07-01,10.31,10.5,7.88,7.08,10.97,12.43,4.5623268,50.134,107.7,7.4,,10.681439833939246,4.189632488259041,6.491807345680205,3.8982032205251427,3.458213256484166,3.8982032205251427,6.411796779474858,5.7476732,0.6600000000000001,2.119999999999999
1985-08-01,10.33,10.56,7.9,7.14,11.05,12.5,4.7152609,50.38,107.9,7.1,,10.353678318215053,3.953059478477666,6.400618839737387,4.065107824506331,3.3524904214559337,4.065107824506331,6.264892175493669,5.6147391,0.7200000000000006,2.17
1985-09-01,10.37,10.61,7.92,7.1,11.07,12.48,4.6239161,50.484,108.1,7.1,,10.430429758445865,4.1368309197671955,6.293598838678669,4.12077713154313,3.2473734479465,4.12077713154313,6.24922286845687,5.7460838999999995,0.7000000000000011,2.110000000000001
1985-10-01,10.24,10.5,7.99,7.16,11.02,12.36,4.6152271,50.565,108.5,7.1,,10.150347162493235,3.9409745251903585,6.209372637302876,4.0539150118324985,3.2350142721217834,4.0539150118324985,6.186084988167502,5.6247729,0.7799999999999994,2.119999999999999
1985-11-01,9.78,10.06,8.05,7.24,10.55,11.99,4.4988455,50.689,109.0,7.0,,9.796956990454637,3.7362908336174927,6.0606661568371445,4.088463591933955,3.5137701804368593,4.088463591933955,5.691536408066044,5.2811544999999995,0.7700000000000014,2.210000000000001
1985-12-01,9.26,9.54,8.27,7.1,10.16,11.58,4.3655158,50.827,109.5,7.0,,9.175245609232894,3.3524758122177802,5.8227697970151135,3.959829007383764,3.791469194312791,3.959829007383764,5.300170992616236,4.8944842,0.9000000000000004,2.3200000000000003
1986-01-01,9.19,9.4,8.14,7.07,10.05,11.44,4.1387884,51.101,109.9,6.7,,9.30266395627752,3.5090939827612164,5.793569973516304,3.9377606020543077,3.9735099337748325,3.9377606020543077,5.252239397945692,5.051211599999999,0.8600000000000012,2.25
1986-02-01,8.7,8.93,7.86,7.06,9.67,11.11,4.1181726,51.233,109.7,7.2,,8.21618815599381,2.314265803237272,5.9019223527565385,3.668555240793192,3.19849482596426,3.668555240793192,5.031444759206807,4.581827399999999,0.9700000000000006,2.41
1986-03-01,7.78,7.96,7.48,6.56,9.0,10.5,3.7367611,51.389,109.1,7.2,,7.512974753122532,1.8958778039025166,5.617096949220016,3.6214788377392004,2.1535580524344455,3.6214788377392004,4.1585211622608,4.0432389,1.2199999999999998,2.7199999999999998
1986-04-01,7.3,7.39,6.99,6.06,8.79,10.19,3.5536733,51.482,108.7,7.1,,7.5638003972724555,2.0066786436212,5.557121753651256,3.6856521388866526,1.5887850467289688,3.6856521388866526,3.6143478611133473,3.7463267,1.4899999999999993,2.8899999999999997
1986-05-01,7.71,7.52,6.85,6.15,9.09,10.29,3.6077332,51.57,109.0,7.2,,8.286425779071255,2.4757030223034366,5.810722756767818,3.506412700961392,1.679104477611948,3.506412700961392,4.203587299038608,4.1022668,1.38,2.579999999999999
1986-06-01,7.8,7.57,6.92,6.21,9.13,10.34,3.9272729,51.725,109.4,7.2,,7.737602093772494,2.195718971224278,5.5418831225482155,3.4748339601504474,1.7674418604651132,3.4748339601504474,4.325166039849552,3.8727270999999996,1.330000000000001,2.54
1986-07-01,7.3,7.27,6.56,5.83,8.88,10.16,3.6712197,51.819,109.5,7.0,,7.824155835177908,2.601801683379274,5.222354151798634,3.360992539992824,1.671309192200554,3.360992539992824,3.9390074600071756,3.6287803,1.580000000000001,2.8600000000000003
1986-08-01,7.17,7.33,6.17,5.53,8.72,10.18,3.6324582,51.925,109.6,6.9,,7.3606854837170275,2.5848722484185584,4.775813235298469,3.0666931321952973,1.575532900834098,3.0666931321952973,4.103306867804703,3.5375418,1.5500000000000007,3.01
1986-09-01,7.45,7.62,5.89,5.21,8.89,10.2,3.4359002,52.096,110.0,7.0,,7.911925596960414,2.909829954256968,5.002095642703446,3.1930908802788815,1.757631822386685,3.1930908802788815,4.256909119721119,4.0140998,1.4400000000000004,2.749999999999999
1986-10-01,7.43,7.7,5.85,5.18,8.86,10.24,3.6344365,52.273,110.2,7.0,,7.706032117790007,2.864561008124128,4.8414711096658785,3.3778305151785037,1.5668202764977046,3.3778305151785037,4.052169484821496,3.7955634999999996,1.4299999999999997,2.8100000000000005
1986-11-01,7.25,7.52,6.04,5.35,8.68,10.07,3.5555861,52.384,110.4,6.9,,7.530416010355115,2.738378810760392,4.792037199594723,3.3439207717650854,1.2844036697247763,3.3439207717650854,3.9060792282349146,3.6944139,1.4299999999999997,2.8200000000000003
1986-12-01,7.11,7.37,6.91,5.53,8.49,9.97,3.4800833,52.452,110.8,6.6,,7.5605992710953895,2.6332736089860305,4.927325662109359,3.197119641135626,1.187214611872145,3.197119641135626,3.912880358864374,3.6299167000000003,1.38,2.8600000000000003
1987-01-01,7.08,7.39,6.43,5.43,8.36,9.72,3.5240979,52.578,111.4,6.6,,7.4594649529477275,2.5851005855953515,4.874364367352376,2.8903543961957823,1.364877161055511,2.8903543961957823,4.189645603804218,3.5559021,1.2799999999999994,2.6400000000000006
1987-02-01,7.25,7.54,6.1,5.59,8.38,9.65,3.5218239,52.685,111.8,6.6,,7.3863069198222675,2.4583624783114466,4.927944441510821,2.834110827006042,1.9143117593436676,2.834110827006042,4.415889172993958,3.7281761,1.1300000000000008,2.4000000000000004
1987-03-01,7.25,7.55,6.13,5.59,8.36,9.61,3.3855791,52.841,112.2,6.6,,7.664447609239523,2.6037670000489186,5.060680609190604,2.825507404308314,2.8414298808432603,2.825507404308314,4.424492595691686,3.8644209,1.1099999999999994,2.3599999999999994
1987-04-01,8.02,8.25,6.37,5.64,8.85,10.04,3.6251496,53.065,112.7,6.3,,8.395732372861668,2.952271019982386,5.4434613528792815,3.074861116506744,3.679852805887762,3.074861116506744,4.9451388834932555,4.394850399999999,0.8300000000000001,2.0199999999999996
1987-05-01,8.61,8.78,6.85,5.66,9.33,10.51,3.9809201,53.214,113.0,6.3,,8.5686614811519,2.9090591664418337,5.659602314710066,3.187899941826644,3.669724770642202,3.187899941826644,5.422100058173355,4.629079899999999,0.7200000000000006,1.9000000000000004
1987-06-01,8.4,8.57,6.73,5.67,9.32,10.52,3.9050188,53.36,113.5,6.2,,8.509410731836079,2.925529406711518,5.583881325124561,3.1609473175447045,3.7477148080438782,3.1609473175447045,5.239052682455296,4.4949812,0.9199999999999999,2.119999999999999
1987-07-01,8.45,8.64,6.58,5.69,9.42,10.61,3.9670631,53.498,113.8,6.1,,8.758909436580305,3.1857018531569112,5.573207583423394,3.2401242787394535,3.926940639269394,3.2401242787394535,5.209875721260546,4.4829368999999994,0.9700000000000006,2.16
1987-08-01,8.76,8.97,6.73,6.04,9.67,10.8,4.0511275,53.679,114.3,6.0,,9.034133925147701,3.2638978898382947,5.770236035309407,3.3779489648531724,4.2883211678832245,3.3779489648531724,5.382051035146827,4.7088725,0.9100000000000001,2.040000000000001
1987-09-01,9.42,9.59,7.22,6.4,10.18,11.31,4.1489692,53.892,114.7,5.9,,9.65504513255395,3.5445898361393864,6.110455296414563,3.447481572481581,4.2727272727272725,3.447481572481581,5.972518427518419,5.2710308,0.7599999999999998,1.8900000000000006
1987-10-01,9.52,9.61,7.29,6.13,10.52,11.62,4.2518415,54.122,115.0,6.0,,8.993371253660607,3.258107270354257,5.73526398330635,3.5371989363533585,4.355716878402904,3.5371989363533585,5.982801063646641,5.268158499999999,1.0,2.0999999999999996
1987-11-01,8.86,8.95,6.69,5.69,10.01,11.23,4.1747832,54.235,115.4,5.8,,9.083209343021931,3.398223407618427,5.684985935403504,3.5335216860109986,4.528985507246386,3.5335216860109986,5.326478313989001,4.685216799999999,1.1500000000000004,2.370000000000001
1987-12-01,8.99,9.12,6.77,5.77,10.11,11.29,4.2591451,54.349,115.6,5.7,,8.986858877992573,3.4029779701489637,5.583880907843609,3.616639975596736,4.332129963898912,3.616639975596736,5.373360024403264,4.730854900000001,1.1199999999999992,2.299999999999999
1988-01-01,8.67,8.83,6.83,5.81,9.88,11.07,4.2204345,54.606,116.0,5.7,,8.48611338182095,3.2563334992632775,5.229779882557672,3.8571265548328126,4.129263913824044,3.8571265548328126,4.812873445167187,4.4495655,1.2100000000000009,2.4000000000000004
1988-02-01,8.21,8.43,6.58,5.66,9.4,10.62,3.8472522,54.718,116.2,5.7,,8.360139532926027,3.213967126829825,5.146172406096202,3.8587833349150724,3.9355992844364973,3.8587833349150724,4.351216665084928,4.362747800000001,1.1899999999999995,2.4099999999999984
1988-03-01,8.37,8.63,6.58,5.7,9.39,10.57,3.8109943,54.952,116.5,5.7,,8.785397929433216,3.4900339233205617,5.295364006112655,3.9950038795632192,3.832442067736186,3.9950038795632192,4.37499612043678,4.559005699999999,1.0200000000000014,2.200000000000001
1988-04-01,8.72,8.95,6.87,5.91,9.67,10.9,4.0198724,55.219,117.2,5.4,,9.066260540873355,3.670693851113704,5.395566689759651,4.059172712710835,3.9929015084294583,4.059172712710835,4.660827287289166,4.700127600000001,0.9499999999999993,2.1799999999999997
1988-05-01,9.09,9.23,7.09,6.26,9.9,11.04,4.0553785,55.407,117.5,5.6,,9.305014675162292,3.5670764648348348,5.737938210327457,4.121095952193032,3.9823008849557473,4.121095952193032,4.9689040478069675,5.0346215,0.8100000000000005,1.9499999999999993
1988-06-01,8.92,9.0,7.51,6.46,9.86,11.0,4.1290591,55.641,118.0,5.4,,8.920475402517368,3.2474896763691437,5.672985726148225,4.2747376311844,3.96475770925111,4.2747376311844,4.6452623688156,4.7909409,0.9399999999999995,2.08
1988-07-01,9.06,9.14,7.75,6.73,9.96,11.11,4.0784464,55.868,118.5,5.4,,9.279135095215981,3.4944977959100454,5.784637299305936,4.430072152229991,4.130052724077338,4.430072152229991,4.629927847770009,4.981553600000001,0.9000000000000004,2.049999999999999
1988-08-01,9.26,9.32,8.01,7.06,10.11,11.21,4.0871682,56.007,119.0,5.6,,9.26097328460198,3.1142530105997555,6.146720274002224,4.336891521824171,4.111986001749779,4.336891521824171,4.923108478175829,5.1728318,0.8499999999999996,1.950000000000001
1988-09-01,8.98,9.06,8.19,7.24,9.82,10.9,4.1697337,56.307,119.5,5.4,,8.887927703048591,2.8244389345811616,6.06348876846743,4.48118459140503,4.184829991281602,4.48118459140503,4.498815408594971,4.8102663,0.8399999999999999,1.92
1988-10-01,8.8,8.89,8.3,7.35,9.51,10.41,4.0496883,56.521,119.9,5.4,,8.696393988125518,2.7977557123528873,5.898638275772631,4.432578249140828,4.260869565217407,4.432578249140828,4.367421750859172,4.750311700000001,0.7099999999999991,1.6099999999999994
1988-11-01,8.96,9.02,8.35,7.76,9.45,10.48,4.0008188,56.676,120.3,5.3,,9.021547319674378,2.6360336049600877,6.38551371471429,4.500783626809257,4.246100519930662,4.500783626809257,4.459216373190744,4.959181200000001,0.48999999999999844,1.5199999999999996
1988-12-01,9.11,9.01,8.76,8.07,9.57,10.65,4.1229057,56.864,120.7,5.3,,9.039908618138147,2.3070594358349235,6.732849182303224,4.627500045999011,4.4117647058823595,4.627500045999011,4.482499954000988,4.9870943,0.46000000000000085,1.540000000000001
1989-01-01,9.09,8.93,9.12,8.27,9.62,10.65,4.2885136,57.152,121.2,5.4,,8.852138886349682,2.0726566304780807,6.779482255871601,4.662491301322191,4.482758620689653,4.662491301322191,4.4275086986778085,4.8014864,0.5299999999999994,1.5600000000000005
1989-02-01,9.17,9.01,9.36,8.53,9.64,10.61,4.1899346,57.297,121.6,5.2,,9.177452916247312,2.160353160052656,7.017099756194655,4.713257063489151,4.647160068846801,4.713257063489151,4.456742936510849,4.9800654,0.47000000000000064,1.4399999999999995
1989-03-01,9.36,9.17,9.85,8.82,9.8,10.67,4.3288816,57.468,122.2,5.0,,9.100525913620535,1.890185849538458,7.210340064082077,4.578541272383174,4.892703862660941,4.578541272383174,4.781458727616825,5.0311183999999995,0.4400000000000013,1.3100000000000005
1989-04-01,9.18,9.03,9.84,8.65,9.79,10.61,4.2662182,57.661,123.1,5.2,,8.92871295198055,2.150001698072016,6.778711253908535,4.4223908437313275,5.034129692832767,4.4223908437313275,4.757609156268672,4.9137818,0.6099999999999994,1.4299999999999997
1989-05-01,8.86,8.83,9.81,8.43,9.57,10.46,4.0993473,57.833,123.7,5.2,,8.528895591202053,1.8618297443070668,6.667065846894986,4.37850813074161,5.276595744680845,4.37850813074161,4.48149186925839,4.7606527,0.7100000000000009,1.6000000000000014
1989-06-01,8.28,8.27,9.53,8.15,9.1,10.03,3.9601983,57.987,124.1,5.3,,8.10279975709712,1.8863170971896617,6.2164826599074585,4.21631530705775,5.1694915254237195,4.21631530705775,4.06368469294225,4.319801699999999,0.8200000000000003,1.75
1989-07-01,8.02,8.08,9.24,7.88,8.93,9.87,3.7419337,58.136,124.5,5.2,,7.79213982915013,1.9526700278130509,5.839469801337079,4.05956898403379,5.063291139240511,4.05956898403379,3.9604310159662095,4.278066299999999,0.9100000000000001,1.8499999999999996
1989-08-01,8.11,8.12,8.99,7.9,8.96,9.88,3.5784885,58.217,124.5,5.2,,8.204700887583577,1.8327133203211625,6.371987567262415,3.9459353295123734,4.621848739495804,3.9459353295123734,4.164064670487626,4.531511499999999,0.8500000000000014,1.7700000000000014
1989-09-01,8.19,8.15,9.02,7.75,9.01,9.91,3.797509,58.419,124.8,5.3,,8.264886872037078,1.8013031470264682,6.46358372501061,3.7508657893334574,4.435146443514637,3.7508657893334574,4.439134210666542,4.392491,0.8200000000000003,1.7200000000000006
1989-10-01,8.01,8.0,8.84,7.64,8.92,9.81,3.8261876,58.631,125.4,5.3,,7.917388514940572,1.7745374413829031,6.142851073557669,3.733125740875076,4.587155963302747,3.733125740875076,4.276874259124924,4.1838124,0.9100000000000001,1.8000000000000007
1989-11-01,7.87,7.9,8.55,7.69,8.89,9.81,3.6877522,58.787,125.9,5.4,,7.808683708431327,1.7156144448639896,6.093069263567338,3.7246806408356203,4.655029093931851,3.7246806408356203,4.14531935916438,4.182247800000001,1.0200000000000005,1.9400000000000004
1989-12-01,7.84,7.9,8.45,7.63,8.86,9.82,3.6632645,58.954,126.3,5.4,,7.9225831870974055,1.793856586093879,6.128726601003526,3.675436128306142,4.639602319801162,3.675436128306142,4.164563871693858,4.1767354999999995,1.0199999999999996,1.9800000000000004
1990-01-01,8.21,8.26,8.23,7.64,8.99,9.94,3.790805,59.181,127.5,5.4,1.9288857142857143,8.363502796958342,2.017408951704997,6.346093845253344,3.5501819708846583,5.198019801980203,3.5501819708846583,4.659818029115343,4.419195,0.7799999999999994,1.7299999999999986
1990-02-01,8.47,8.5,8.24,7.74,9.22,10.14,3.9721427,59.468,128.0,5.3,2.0523736842105262,8.468005501623695,2.0877123328505265,6.380293168773169,3.789029094018903,5.263157894736836,3.789029094018903,4.6809709059810976,4.497857300000001,0.75,1.67
1990-03-01,8.59,8.56,8.28,7.9,9.37,10.21,3.9572843,59.754,128.6,5.2,2.0876954545454542,8.569719389127014,2.046773657916442,6.522945731210572,3.97786594278553,5.237315875613735,3.97786594278553,4.61213405721447,4.6327157,0.7799999999999994,1.620000000000001
1990-04-01,8.79,8.76,8.26,7.77,9.46,10.3,3.9574181,59.932,128.9,5.4,2.1921399999999998,8.932147786048011,2.286096121370359,6.646051664677652,3.9385373129151358,4.711616571892785,3.9385373129151358,4.851462687084863,4.832581899999999,0.6700000000000017,1.5100000000000016
1990-05-01,8.76,8.73,8.18,7.74,9.47,10.41,4.1366521,60.115,129.1,5.4,2.1951454545454543,8.530453177594207,2.094605150035764,6.4358480275584435,3.945844068265525,4.365400161681476,3.945844068265525,4.814155931734475,4.6233479,0.7100000000000009,1.6500000000000004
1990-06-01,8.48,8.46,8.29,7.73,9.26,10.22,3.9542983,60.349,129.9,5.2,2.0704000000000002,8.399760067745348,2.1312961180075254,6.268463949737822,4.073326780140363,4.673650282030639,4.073326780140363,4.406673219859638,4.525701700000001,0.7799999999999994,1.7400000000000002
1990-07-01,8.47,8.5,8.15,7.62,9.24,10.2,3.8638041,60.501,130.5,5.5,2.0757238095238097,8.339710946505635,2.347929041508875,5.99178190499676,4.068047337278102,4.819277108433728,4.068047337278102,4.401952662721898,4.606195900000001,0.7699999999999996,1.7299999999999986
1990-08-01,8.75,8.86,8.13,7.45,9.41,10.41,3.8256958,60.753,131.6,5.7,2.237082608695652,8.89471646409604,2.8967646673987417,5.997951796697299,4.356115911159963,5.702811244979911,4.356115911159963,4.393884088840037,4.9243042,0.6600000000000001,1.6600000000000001
1990-09-01,8.89,9.03,8.2,7.36,9.56,10.64,4.0734267,60.965,132.5,5.9,2.342678947368421,8.874970825704805,2.958913004718097,5.916057820986708,4.358171142950074,6.169871794871806,4.358171142950074,4.531828857049927,4.816573300000001,0.6699999999999999,1.75
1990-10-01,8.72,8.86,8.11,7.17,9.53,10.74,3.9925768,61.172,133.4,5.9,2.2782863636363633,8.68330205754366,2.919976767360346,5.763325290183314,4.333884804966659,6.379585326953752,4.333884804966659,4.386115195033342,4.7274232000000005,0.8099999999999987,2.0199999999999996
1990-11-01,8.39,8.54,7.81,7.06,9.3,10.62,3.9799187,61.246,133.7,6.2,2.12765,8.297246966829892,2.5826054912964924,5.7146414755334,4.182897579396805,6.195393169181873,4.182897579396805,4.207102420603196,4.410081300000001,0.9100000000000001,2.2299999999999986
1990-12-01,8.08,8.24,7.31,6.74,9.05,10.43,3.8566272,61.331,134.2,6.3,2.037825,8.229373571377314,2.7635406071692072,5.465832964208107,4.031957119109819,6.254948535233562,4.031957119109819,4.048042880890181,4.2233728,0.9700000000000006,2.3499999999999996
1991-01-01,8.09,8.27,6.91,6.22,9.04,10.45,3.8045971,61.637,134.7,6.4,2.1786809523809523,8.150432956825183,2.7835879650620834,5.3668449917631,4.14998056808773,5.647058823529405,4.14998056808773,3.94001943191227,4.285402899999999,0.9499999999999993,2.3599999999999994
1991-02-01,7.85,8.03,6.25,5.94,8.83,10.07,3.7259127,61.807,134.8,6.6,2.1329000000000002,8.140569807345551,2.7651147865971035,5.375455020748448,3.9332077756104145,5.312500000000009,3.9332077756104145,3.916792224389585,4.124087299999999,0.9800000000000004,2.2200000000000006
1991-03-01,8.11,8.29,6.12,5.91,8.93,10.09,3.8681694,61.936,134.8,6.8,2.2841,8.177047517628349,2.7383425849247365,5.4387049327036125,3.6516383840412336,4.821150855365497,3.6516383840412336,4.458361615958766,4.241830599999999,0.8200000000000003,1.9800000000000004
1991-04-01,8.04,8.21,5.91,5.65,8.86,9.94,3.7655984,62.06,135.1,6.7,2.3031863636363634,8.18261250027856,2.922803240570481,5.25980925970808,3.550690782887278,4.809930178432875,3.550690782887278,4.489309217112721,4.274401599999999,0.8200000000000003,1.9000000000000004
1991-05-01,8.07,8.27,5.78,5.46,8.86,9.86,3.7827617,62.307,135.6,6.9,2.3662636363636365,8.260474503800173,3.0548057053168307,5.205668798483343,3.6463445063628086,5.034856700232382,3.6463445063628086,4.423655493637192,4.2872383,0.7899999999999991,1.7899999999999991
1991-06-01,8.28,8.47,5.9,5.57,9.01,9.96,3.865324,62.442,136.0,6.9,2.447785,8.457626506454393,3.1352938186510837,5.322332687803309,3.468160201494652,4.695919938414161,3.468160201494652,4.811839798505347,4.414675999999999,0.7300000000000004,1.6800000000000015
1991-07-01,8.27,8.45,5.82,5.58,9.0,9.89,3.8906803,62.632,136.2,6.8,2.4376136363636363,8.319815617278406,3.0468041939679056,5.273011423310501,3.522255830482135,4.367816091954024,3.522255830482135,4.747744169517865,4.3793197,0.7300000000000004,1.620000000000001
1991-08-01,7.9,8.14,5.66,5.33,8.75,9.65,3.8552348,62.804,136.6,6.9,2.301331818181818,8.085062726791959,3.178091697791487,4.906971029000472,3.37596497292314,3.7993920972644313,3.37596497292314,4.52403502707686,4.0447652000000005,0.8499999999999996,1.75
1991-09-01,7.65,7.95,5.45,5.22,8.61,9.51,3.6904141,63.055,137.0,6.9,2.200815,7.729683392125549,2.9958367466739153,4.733846645451633,3.4281965061920605,3.396226415094339,3.4281965061920605,4.22180349380794,3.9595859000000004,0.9599999999999991,1.8599999999999994
1991-10-01,7.53,7.93,5.21,4.99,8.55,9.49,3.589857,63.194,137.2,7.0,2.1464714285714286,7.790719144119682,3.388002953603209,4.402716190516473,3.3054338586281373,2.8485757121439192,3.3054338586281373,4.224566141371863,3.9401430000000004,1.0200000000000005,1.96
1991-11-01,7.42,7.92,4.81,4.56,8.48,9.45,3.5532004,63.312,137.8,7.0,2.2017684210526314,7.772882359501191,3.6188959100957154,4.153986449405475,3.3732815204258193,3.0665669409125185,3.3732815204258193,4.046718479574181,3.8667996,1.0600000000000005,2.0299999999999994
1991-12-01,7.09,7.7,4.43,4.07,8.31,9.26,3.4956178,63.468,138.2,7.3,2.1471714285714287,7.141608966289007,3.2330323522466182,3.9085766140423885,3.484371688053356,2.980625931445613,3.484371688053356,3.605628311946644,3.5943821999999996,1.2200000000000006,2.17
1992-01-01,7.03,7.58,4.03,3.8,8.2,9.13,3.3688217,63.641,138.3,7.3,2.2219190476190476,7.6894245724218875,3.555998634372929,4.133425938048958,3.2512938656975576,2.672605790645899,3.2512938656975576,3.7787061343024426,3.6611783000000004,1.169999999999999,2.1000000000000005
1992-02-01,7.34,7.85,4.06,3.84,8.29,9.23,3.5751286,63.814,138.6,7.4,2.3725894736842106,7.6551860463940775,3.3644220622439613,4.290763984150116,3.247205009141352,2.8189910979228294,3.247205009141352,4.092794990858648,3.7648713999999996,0.9499999999999993,1.8900000000000006
1992-03-01,7.54,7.97,3.98,4.04,8.35,9.25,3.6100297,63.973,139.1,7.4,2.4204409090909094,7.7853478440180055,3.1415854977805022,4.643762346237503,3.2888788426763016,3.189910979228472,3.2888788426763016,4.251121157323698,3.9299703,0.8099999999999996,1.71
1992-04-01,7.48,7.96,3.73,3.75,8.33,9.21,3.641295,64.183,139.4,7.4,2.4467714285714286,7.8791775554560655,3.470824556569668,4.408352998886397,3.420883016435705,3.1828275351591495,3.420883016435705,4.059116983564295,3.8387050000000005,0.8499999999999996,1.7300000000000004
1992-05-01,7.39,7.89,3.82,3.63,8.28,9.13,3.6711864,64.273,139.7,7.6,2.4277349999999998,7.646114169543715,3.4517821958866444,4.1943319736570706,3.1553437013497554,3.0235988200590036,3.1553437013497554,4.234656298650244,3.7188136,0.8899999999999997,1.740000000000001
1992-06-01,7.26,7.84,3.76,3.66,8.22,9.05,3.5871738,64.323,140.1,7.8,2.3322818181818183,7.599261147556665,3.781984841320268,3.817276306236397,3.012395503026788,3.0147058823529305,3.012395503026788,4.247604496973212,3.6728262,0.9600000000000009,1.790000000000001
1992-07-01,6.84,7.6,3.25,3.21,8.07,8.84,3.4468602,64.566,140.5,7.7,2.2078,7.16849006504798,3.585074495588036,3.5834155694599437,3.0878784008174787,3.1571218795888534,3.0878784008174787,3.752121599182521,3.3931397999999997,1.2300000000000004,2.0
1992-08-01,6.59,7.39,3.3,3.13,7.95,8.65,3.3154797,64.625,140.8,7.6,2.1023857142857145,7.198836979535388,3.925443061069184,3.273393918466204,2.8994968473345706,3.0746705710102518,2.8994968473345706,3.6905031526654293,3.2745203,1.3600000000000003,2.0600000000000005
1992-09-01,6.42,7.34,3.22,2.91,7.92,8.62,3.2081161,64.73,141.1,7.6,2.0639809523809527,7.004275598609473,4.0022173136818004,3.002058284927672,2.65641106970107,2.9927007299270114,2.65641106970107,3.76358893029893,3.2118839,1.5,2.1999999999999993
1992-10-01,6.59,7.53,3.1,2.86,7.99,8.84,3.0892278,64.979,141.7,7.3,2.164857142857143,7.2373817898272295,3.555471489055395,3.6819103007718343,2.8246352501819727,3.279883381924198,2.8246352501819727,3.765364749818027,3.5007721999999997,1.4000000000000004,2.25
1992-11-01,6.87,7.61,3.09,3.13,8.1,8.96,3.3433578,65.121,142.1,7.4,2.2609684210526315,7.318529366372184,3.268450807916998,4.050078558455186,2.857278241091743,3.1204644412191396,2.857278241091743,4.012721758908257,3.5266422,1.2299999999999995,2.0900000000000007
1992-12-01,6.77,7.44,2.92,3.22,7.98,8.81,3.4364061,65.242,142.3,7.4,2.2031473684210527,7.103212904462315,3.1926295350944898,3.910583369367825,2.7951093464422927,2.966714905933454,2.7951093464422927,3.974890653557707,3.3335938999999994,1.2100000000000009,2.040000000000001
1993-01-01,6.6,7.34,3.02,3.0,7.91,8.67,3.3294652,65.432,142.8,7.3,2.1495722222222224,6.824613642788436,3.271306073367569,3.553307569420867,2.814223535142446,3.2537960954446943,2.814223535142446,3.7857764648575536,3.2705347999999996,1.3100000000000005,2.0700000000000003
1993-02-01,6.26,7.09,3.03,2.93,7.71,8.39,3.1872819,65.557,143.1,7.1,1.9588421052631582,6.505935801661998,3.1318176774715183,3.37411812419048,2.7313755602218937,3.2467532467532534,2.7313755602218937,3.528624439778106,3.0727181,1.4500000000000002,2.130000000000001
1993-03-01,5.98,6.82,3.07,2.95,7.58,8.15,3.0120671,65.7,143.3,7.0,1.8203478260869566,6.541714283091333,3.1622058415470176,3.3795084415443157,2.699576383786906,3.0194104960460155,2.699576383786906,3.2804236162130946,2.9679329000000005,1.5999999999999996,2.17
1993-04-01,5.97,6.85,2.96,2.87,7.46,8.14,3.0608057,65.891,143.8,7.1,1.8179105263157895,6.459180662324685,3.186186439959373,3.2729942223653117,2.6611408005235093,3.1563845050215145,2.6611408005235093,3.3088591994764904,2.9091943,1.4900000000000002,2.170000000000001
1993-05-01,6.04,6.92,3.0,2.96,7.43,8.21,3.0064162,66.114,144.2,7.1,1.806625,6.464516137228832,2.910219611336538,3.5542965258922936,2.864344281424569,3.2211882605583497,2.864344281424569,3.175655718575431,3.0335838,1.3899999999999997,2.170000000000001
1993-06-01,5.96,6.81,3.04,3.07,7.33,8.07,2.9998339,66.177,144.3,7.0,1.7098954545454546,6.08623453127174,2.6004765079652494,3.48575802330649,2.8823282496152514,2.9978586723768963,2.8823282496152514,3.0776717503847486,2.9601661,1.37,2.1100000000000003
1993-07-01,5.81,6.63,3.06,3.04,7.17,7.93,2.946292,66.314,144.5,6.9,1.6239714285714286,6.07214564090492,2.4448900657114305,3.6272555751934896,2.707307251494573,2.8469750889679624,2.707307251494573,3.1026927485054268,2.8637079999999995,1.3600000000000003,2.12
1993-08-01,5.68,6.32,3.03,3.02,6.85,7.6,2.9933546,66.438,144.8,6.8,1.5907428571428572,5.730721710795623,2.2729102630244897,3.4578114477711335,2.8054158607350166,2.840909090909083,2.8054158607350166,2.874584139264983,2.6866453999999997,1.17,1.92
1993-09-01,5.36,6.0,3.09,2.95,6.66,7.34,2.8470506,66.538,145.0,6.7,1.4246666666666665,5.671208225228786,2.159467765679583,3.5117404595492028,2.793140738452027,2.7639971651311157,2.793140738452027,2.5668592615479735,2.5129494,1.2999999999999998,1.9799999999999995
1993-10-01,5.33,5.94,2.99,3.02,6.67,7.31,2.8473516,66.647,145.6,6.8,1.3877,5.702233917621183,2.133459979889679,3.568773937731504,2.5669831791809816,2.752293577981657,2.5669831791809816,2.7630168208190184,2.4826484,1.3399999999999999,1.9799999999999995
1993-11-01,5.72,6.21,3.02,3.1,6.93,7.66,2.9136774,66.819,146.0,6.6,1.571675,6.055983595448838,2.380603701888065,3.6753798935607733,2.6074538167411454,2.7445460942997935,2.6074538167411454,3.1125461832588543,2.8063225999999997,1.21,1.9400000000000004
1993-12-01,5.77,6.25,2.96,3.06,6.93,7.69,2.9813298,66.849,146.3,6.5,1.60225,6.070855580071822,2.3893131785505197,3.681542401521302,2.463137242880342,2.8109627547435068,2.463137242880342,3.3068627571196574,2.7886701999999994,1.1600000000000001,1.9200000000000008
1994-01-01,5.75,6.29,3.05,2.98,6.92,7.65,3.0223498,66.902,146.3,6.6,1.5983105263157895,5.857541879468365,2.2325265262799214,3.6250153531884437,2.246607164690051,2.450980392156854,2.246607164690051,3.503392835309949,2.7276502,1.17,1.9000000000000004
1994-02-01,5.97,6.49,3.25,3.25,7.08,7.76,2.9679993,67.047,146.7,6.6,1.6783157894736842,6.425185442477359,2.492394584212659,3.9327908582646995,2.2728312765989855,2.515723270440251,2.2728312765989855,3.697168723401014,3.0020007,1.1100000000000003,1.79
1994-03-01,6.48,6.91,3.34,3.5,7.48,8.13,3.2001088,67.275,147.1,6.5,1.901104347826087,6.996970002860834,2.69528122703084,4.301688775829994,2.397260273972601,2.6517794836008246,2.397260273972601,4.082739726027399,3.2798912000000002,1.0,1.6500000000000004
1994-04-01,6.97,7.27,3.56,3.68,7.88,8.52,3.4756939,67.376,147.2,6.4,2.1295894736842107,7.199030390397914,2.5832187185724305,4.615811671825483,2.2537220561229976,2.364394993045882,2.2537220561229976,4.716277943877002,3.4943060999999997,0.9100000000000001,1.5499999999999998
1994-05-01,7.18,7.41,4.01,4.14,7.99,8.62,3.4511028,67.526,147.5,6.1,2.112642857142857,7.287432704895052,2.5613813028019345,4.726051402093117,2.1357049944035866,2.288488210818307,2.1357049944035866,5.044295005596413,3.7288971999999996,0.8100000000000005,1.4399999999999995
1994-06-01,7.1,7.4,4.25,4.14,7.97,8.65,3.4930951,67.676,147.9,6.1,2.0610954545454545,7.531534742880128,2.766254339027423,4.765280403852705,2.265137434456066,2.494802494802495,2.265137434456066,4.834862565543934,3.6069048999999995,0.8700000000000001,1.5500000000000007
1994-07-01,7.3,7.58,4.26,4.33,8.11,8.8,3.6032277,67.818,148.4,6.1,2.1354,7.235069986054712,2.5086060456081754,4.7264639404465365,2.2679977078746694,2.69896193771626,2.2679977078746694,5.0320022921253305,3.6967722999999997,0.8099999999999996,1.5000000000000009
1994-08-01,7.24,7.49,4.47,4.48,8.07,8.74,3.4472497,67.894,149.0,6.0,2.0654608695652175,7.269469013724878,2.441448323157058,4.82802069056782,2.1915169029772086,2.900552486187835,2.1915169029772086,5.048483097022792,3.7927503000000002,0.8300000000000001,1.5
1994-09-01,7.46,7.71,4.73,4.62,8.34,8.98,3.4803927,67.997,149.3,5.9,2.146904761904762,7.681999085654514,2.5765261225336804,5.1054729631208335,2.192731972707329,2.965517241379323,2.192731972707329,5.267268027292671,3.9796073,0.8799999999999999,1.5200000000000005
1994-10-01,7.74,7.94,4.76,4.95,8.57,9.2,3.669374,68.157,149.4,5.8,2.2216,7.838853196210511,2.6010867776760334,5.237766418534478,2.2656683721697712,2.609890109890123,2.2656683721697712,5.474331627830229,4.070626000000001,0.8300000000000001,1.459999999999999
1994-11-01,7.96,8.08,5.29,5.29,8.68,9.32,3.7800547,68.282,149.8,5.6,2.26722,7.865044007611546,2.204490128402523,5.660553879209023,2.189496999356466,2.602739726027403,2.189496999356466,5.770503000643534,4.1799453,0.7199999999999998,1.3600000000000003
1994-12-01,7.81,7.87,5.45,5.6,8.46,9.1,3.8150244,68.305,150.1,5.5,2.1092095238095236,7.830717835988595,1.9764609406670797,5.854256895321515,2.1780430522520877,2.597402597402576,2.1780430522520877,5.631956947747912,3.9949755999999996,0.6500000000000012,1.29
1995-01-01,7.78,7.85,5.53,5.71,8.46,9.08,3.86664,68.475,150.5,5.6,2.090455,7.579724569083994,1.9181536744843486,5.661570894599645,2.3512002630713402,2.8708133971291794,2.3512002630713402,5.42879973692866,3.9133600000000004,0.6800000000000006,1.2999999999999998
1995-02-01,7.47,7.61,5.92,5.77,8.26,8.85,3.7690674,68.587,150.9,5.4,1.9184666666666668,7.275765636129643,1.9608528632508762,5.314912772878767,2.296896207138288,2.862985685071595,2.296896207138288,5.173103792861712,3.7009326,0.79,1.38
1995-03-01,7.2,7.45,5.98,5.73,8.12,8.7,3.5760654,68.755,151.2,5.4,1.79255,7.267722853498091,1.9343974082964976,5.333325445201593,2.199925678186543,2.7872195785180187,2.199925678186543,5.000074321813457,3.6239346,0.919999999999999,1.4999999999999991
1995-04-01,7.06,7.36,6.05,5.65,8.03,8.6,3.5231408,68.915,151.8,5.8,1.7260368421052632,7.072837353825778,1.8301200803219837,5.242717273503795,2.2841961529328048,3.125000000000022,2.2841961529328048,4.775803847067195,3.5368591999999994,0.9699999999999998,1.54
1995-05-01,6.63,6.95,6.01,5.67,7.65,8.2,3.3296496,69.032,152.1,5.6,1.497259090909091,6.3943717156771935,1.571079511817178,4.8232922038600154,2.2302520510618207,3.1186440677966054,2.2302520510618207,4.399747948938179,3.3003503999999997,1.0200000000000005,1.5699999999999994
1995-06-01,6.17,6.57,6.0,5.47,7.3,7.9,3.015143,69.092,152.4,5.6,1.29765,6.293254025415926,1.489013590306147,4.804240435109779,2.0923222412672082,3.0425963488843744,2.0923222412672082,4.077677758732792,3.154857,1.13,1.7300000000000004
1995-07-01,6.28,6.72,5.85,5.42,7.41,8.04,3.0816679,69.201,152.6,5.7,1.36727,6.527358057337236,1.6721865198876467,4.855171537449589,2.0392816066530983,2.8301886792452713,2.0392816066530983,4.240718393346902,3.1983321000000005,1.13,1.759999999999999
1995-08-01,6.49,6.86,5.74,5.4,7.57,8.19,3.1708179,69.367,152.9,5.7,1.4923913043478263,6.362175658027459,1.5182500989857752,4.843925559041684,2.169558429316276,2.6174496644295386,2.169558429316276,4.320441570683724,3.3191821000000004,1.08,1.6999999999999993
1995-09-01,6.2,6.55,5.8,5.28,7.32,7.93,3.1177132,69.458,153.1,5.6,1.3689149999999999,6.229941368036021,1.3517920228116989,4.8781493452243225,2.1486242040090087,2.54521098459477,2.1486242040090087,4.0513757959909915,3.0822868000000003,1.12,1.7299999999999995
1995-10-01,6.04,6.37,5.76,5.28,7.12,7.75,3.0711001,69.627,153.5,5.5,1.2661285714285715,6.079103848241313,1.3060996815810766,4.773004166660236,2.156785069765399,2.7443105756358666,2.156785069765399,3.883214930234601,2.9688999,1.08,1.71
1995-11-01,5.93,6.26,5.8,5.36,7.02,7.68,3.0207028,69.672,153.7,5.6,1.1944619047619047,5.8573130825927695,1.2288263424414838,4.628486740151286,2.0356755806801186,2.603471295060067,2.0356755806801186,3.894324419319881,2.9092971999999997,1.0899999999999999,1.75
1995-12-01,5.71,6.06,5.6,5.14,6.82,7.49,2.8370533,69.77,153.9,5.6,1.12256,5.676680338911295,1.1281922719963413,4.548488066914953,2.144791742917773,2.5316455696202667,2.144791742917773,3.5652082570822268,2.8729467,1.1100000000000003,1.7800000000000002
1996-01-01,5.65,6.05,5.56,5.0,6.81,7.47,2.8814735,69.849,154.7,5.6,1.1217285714285714,5.716273394718835,1.3538763837829029,4.362397010935932,2.006571741511509,2.7906976744185963,2.006571741511509,3.643428258488491,2.7685265000000006,1.1599999999999993,1.8199999999999994
1996-02-01,5.81,6.24,5.22,4.83,6.99,7.63,2.8671836,69.94,155.0,5.5,1.2238200000000001,6.225066874472001,1.7006438459798945,4.524423028492106,1.9726770379226322,2.717031146454607,1.9726770379226322,3.8373229620773674,2.9428163999999994,1.1800000000000006,1.8200000000000003
1996-03-01,6.27,6.6,5.31,4.96,7.35,8.03,2.9629321,70.102,155.5,5.5,1.4816238095238095,6.471081201603825,1.7297709366435061,4.741310264960319,1.959130245073104,2.8439153439153486,1.959130245073104,4.3108697549268955,3.3070678999999994,1.08,1.7599999999999998
1996-04-01,6.51,6.79,5.22,4.95,7.5,8.19,3.1097521,70.197,156.1,5.6,1.6205590909090908,6.733452765710914,1.851110887491343,4.882341878219571,1.8602626423855462,2.832674571805005,1.8602626423855462,4.649737357614454,3.4002478999999997,0.9900000000000002,1.6799999999999997
1996-05-01,6.74,6.93,5.24,5.02,7.62,8.3,3.2719934,70.319,156.4,5.6,1.7056727272727272,6.8799441578271185,1.8491556607485364,5.030788497078582,1.8643527639355728,2.827087442472065,1.8643527639355728,4.875647236064427,3.4680066000000003,0.8799999999999999,1.5600000000000005
1996-06-01,6.91,7.06,5.27,5.09,7.71,8.4,3.3646355,70.373,156.7,5.3,1.7717950000000002,6.735812845673371,1.7748653446397675,4.960947501033603,1.8540496728999045,2.8215223097112663,1.8540496728999045,5.055950327100096,3.5453645000000003,0.7999999999999998,1.4900000000000002
1996-07-01,6.87,7.03,5.4,5.15,7.65,8.35,3.2589758,70.505,157.0,5.5,1.714090909090909,6.7888833721673665,1.7392525166798851,5.049630855487481,1.884365832863688,2.8833551769331667,1.884365832863688,4.985634167136312,3.6110242,0.7800000000000002,1.4799999999999995
1996-08-01,6.64,6.84,5.22,5.05,7.46,8.18,3.2637507,70.566,157.2,5.1,1.6102904761904762,6.981754215356855,1.9458736001154326,5.035880615241422,1.728487609381979,2.8122956180510084,1.728487609381979,4.911512390618021,3.3762492999999996,0.8200000000000003,1.54
1996-09-01,6.83,7.03,5.3,5.09,7.66,8.35,3.3520617,70.78,157.7,5.2,1.722235,6.758738840073699,1.8120549308520628,4.946683909221636,1.9033084741858497,3.0045721750489918,1.9033084741858497,4.92669152581415,3.4779383,0.8300000000000001,1.5199999999999996
1996-10-01,6.53,6.81,5.24,4.99,7.39,8.07,3.2741396,70.948,158.2,5.2,1.5840227272727274,6.400648985738014,1.5915748118133468,4.809074173924667,1.8972525026211162,3.0618892508143203,1.8972525026211162,4.632747497378884,3.2558604000000004,0.8599999999999994,1.54
1996-11-01,6.2,6.48,5.31,5.03,7.1,7.79,3.1953407,71.041,158.7,5.4,1.4055,6.084740034175975,1.3573947118471947,4.72734532232878,1.964921345734294,3.2530904359141077,1.964921345734294,4.235078654265706,3.0046593,0.8999999999999995,1.5899999999999999
1996-12-01,6.3,6.55,5.29,4.91,7.2,7.89,3.040501,71.068,159.1,5.4,1.4599238095238096,6.4259811165335305,1.5005625978809336,4.925418518652597,1.8603984520567662,3.378817413905133,1.8603984520567662,4.439601547943234,3.259499,0.9000000000000004,1.5899999999999999
1997-01-01,6.58,6.83,5.25,5.03,7.42,8.09,3.2421093,71.144,159.4,5.3,1.5863095238095237,6.517156245515761,1.603978162723596,4.9131780827921645,1.8539993414365297,3.0381383322559907,1.8539993414365297,4.72600065856347,3.3378907,0.8399999999999999,1.5099999999999998
1997-02-01,6.42,6.69,5.19,5.01,7.31,7.94,3.2370082,71.29,159.7,5.2,1.52145,6.577462291566546,1.5606269449993606,5.016835346567185,1.9302259079210904,3.0322580645161246,1.9302259079210904,4.4897740920789095,3.1829918,0.8899999999999997,1.5200000000000005
1997-03-01,6.69,6.93,5.39,5.14,7.55,8.18,3.2576053,71.46,159.8,5.2,1.653705,6.94529035127133,1.7473590128771814,5.197931338394149,1.937177255998379,2.7652733118971096,1.937177255998379,4.752822744001621,3.4323947000000006,0.8599999999999994,1.4899999999999993
1997-04-01,6.89,7.09,5.51,5.16,7.73,8.34,3.3733109,71.6,159.9,5.1,1.747509090909091,6.7512435737480745,1.6482130384757623,5.103030535272312,1.9986609114349463,2.434336963484962,1.9986609114349463,4.891339088565053,3.5166891,0.8400000000000007,1.4500000000000002
1997-05-01,6.71,6.94,5.5,5.05,7.58,8.2,3.3054865,71.652,159.9,4.9,1.6606285714285713,6.695144309073232,1.654193860020591,5.040950449052641,1.8956469801902687,2.237851662404089,1.8956469801902687,4.814353019809731,3.4045134999999997,0.8700000000000001,1.4899999999999993
1997-06-01,6.49,6.77,5.56,4.93,7.41,8.02,3.2962754,71.758,160.2,5.0,1.587261904761905,6.558083427993779,1.5291839890652303,5.028899438928549,1.968084350532151,2.233567326100827,1.968084350532151,4.521915649467849,3.1937246000000004,0.9199999999999999,1.5299999999999994
1997-07-01,6.22,6.51,5.52,5.05,7.14,7.75,3.1968296,71.807,160.4,4.9,1.4304181818181818,6.06776547181803,1.2109844586787446,4.856781013139285,1.8466775405999725,2.165605095541401,1.8466775405999725,4.373322459400027,3.0231703999999997,0.9199999999999999,1.5300000000000002
1997-08-01,6.3,6.58,5.54,5.14,7.22,7.82,3.1381246,71.778,160.8,4.8,1.4547428571428571,6.417165613611174,1.4584071773577705,4.958758436253404,1.7175410254230083,2.2900763358778775,1.7175410254230083,4.5824589745769915,3.1618754,0.9199999999999999,1.5200000000000005
1997-09-01,6.21,6.5,5.54,4.95,7.15,7.7,3.1400638,71.927,161.2,4.9,1.4497619047619048,6.219072458889017,1.3345274874034585,4.884544971485559,1.6205142695676855,2.21940393151554,1.6205142695676855,4.5894857304323144,3.0699362,0.9400000000000004,1.4900000000000002
1997-10-01,6.03,6.33,5.5,4.97,7.0,7.57,3.1142757,72.036,161.5,4.7,1.357159090909091,5.926985005400526,1.0950240010765384,4.831961004323988,1.5335175057788808,2.0859671302149163,1.5335175057788808,4.4964824942211195,2.9157243000000004,0.9699999999999998,1.54
1997-11-01,5.88,6.11,5.52,5.14,6.87,7.42,3.0902691,72.058,161.7,4.6,1.2355833333333335,5.874599769874923,0.8934465955980864,4.9811531742768365,1.431567686265689,1.8903591682419618,1.431567686265689,4.448432313734311,2.7897309,0.9900000000000002,1.54
1997-12-01,5.81,5.99,5.5,5.16,6.76,7.32,2.9939903,72.1,161.8,4.7,1.177790909090909,5.770516462839215,0.8501080012406277,4.920408461598587,1.4521303540271147,1.6970458830924073,1.4521303540271147,4.357869645972885,2.8160096999999995,0.9500000000000002,1.5100000000000007
1998-01-01,5.54,5.81,5.56,5.04,6.61,7.19,2.9523563,72.21,162.0,4.6,1.06545,5.613842795791367,0.9628897769302345,4.6509530188611325,1.4983695041043354,1.6311166875784044,1.4983695041043354,4.041630495895665,2.5876437,1.0700000000000003,1.6500000000000004
1998-02-01,5.57,5.89,5.51,5.09,6.67,7.25,2.9135125,72.272,162.0,4.6,1.0937526315789474,5.719622268406472,0.9002910405802149,4.8193312278262574,1.3774722962547337,1.440200375704448,1.3774722962547337,4.192527703745267,2.6564875000000003,1.0999999999999996,1.6799999999999997
1998-03-01,5.65,5.95,5.49,5.03,6.72,7.32,2.9446482,72.349,162.0,4.7,1.1511681818181818,5.74880877183708,0.8860793226628534,4.862729449174227,1.24405261684859,1.3767209011263937,1.24405261684859,4.40594738315141,2.7053518000000003,1.0699999999999994,1.67
1998-04-01,5.64,5.92,5.45,4.95,6.69,7.33,2.9271605,72.482,162.2,4.3,1.1532,5.807690167073019,1.0291013954669141,4.778588771606105,1.2318435754190116,1.4383989993745905,1.2318435754190116,4.408156424580988,2.7128395,1.0500000000000007,1.6900000000000004
1998-05-01,5.65,5.93,5.49,5.0,6.69,7.3,2.9741111,72.552,162.6,4.4,1.156785,5.695416964264642,0.8841970196279272,4.811219944636715,1.256071009881099,1.6885553470919357,1.256071009881099,4.393928990118901,2.6758889000000003,1.04,1.6499999999999995
1998-06-01,5.5,5.7,5.56,4.98,6.53,7.13,2.9159772,72.461,162.8,4.5,1.0829727272727274,5.541396371406595,0.714707656682922,4.826688714723673,0.9796817079628761,1.6229712858926382,0.9796817079628761,4.520318292037124,2.5840228,1.0300000000000002,1.63
1998-07-01,5.46,5.68,5.54,4.96,6.55,7.15,2.9275565,72.665,163.2,4.5,1.062390909090909,5.573981113084772,0.7457458494040017,4.82823526368077,1.1948695809600896,1.74563591022443,1.1948695809600896,4.26513041903991,2.5324435,1.0899999999999999,1.6900000000000004
1998-08-01,5.34,5.54,5.55,4.9,6.52,7.14,2.9154367,72.807,163.4,4.5,0.9975190476190476,5.1690134220670085,0.6552452732865666,4.513768148780442,1.4335868929198359,1.6169154228855787,1.4335868929198359,3.906413107080164,2.4245633,1.1799999999999997,1.7999999999999998
1998-09-01,4.81,5.2,5.51,4.61,6.4,7.09,2.7392548,72.795,163.5,4.6,0.7861714285714285,4.667005521628622,0.6272211010423767,4.039784420586245,1.2067790954717994,1.4267990074441794,1.2067790954717994,3.6032209045282,2.0707451999999997,1.5900000000000007,2.2800000000000002
1998-10-01,4.53,5.01,5.07,3.96,6.37,7.18,2.407417,72.937,163.9,4.5,0.7921380952380953,4.8859858560913745,0.9921963021809606,3.893789553910414,1.2507635071353107,1.4860681114551078,1.2507635071353107,3.2792364928646895,2.122583,1.8399999999999999,2.6499999999999995
1998-11-01,4.83,5.25,4.83,4.41,6.41,7.34,2.5441109,72.95,164.1,4.4,0.869978947368421,4.9197032419332,0.6856914718364182,4.234011770096782,1.2378916983540877,1.4842300556586308,1.2378916983540877,3.5921083016459123,2.2858891,1.58,2.51
1998-12-01,4.65,5.06,4.68,4.39,6.22,7.23,2.5016398,73.076,164.4,4.4,0.7947409090909091,4.986417221066537,0.7789422155575814,4.207475005508956,1.3536754507628368,1.606922126081578,1.3536754507628368,3.2963245492371636,2.1483602000000004,1.5699999999999994,2.58
1999-01-01,4.72,5.16,4.63,4.34,6.24,7.29,2.5871265,73.18,164.7,4.3,0.8805368421052632,4.962722391620509,0.8246611879609729,4.138061203659536,1.3433042514887417,1.6666666666666607,1.3433042514887417,3.376695748511258,2.1328734999999996,1.5200000000000005,2.5700000000000003
1999-02-01,5.0,5.37,4.76,4.44,6.4,7.39,2.6252973,73.155,164.7,4.4,1.0104105263157894,5.5574568932224695,1.0790464049116624,4.478410488310807,1.2217733008633935,1.6666666666666607,1.2217733008633935,3.7782266991366065,2.3747027,1.4000000000000004,2.3899999999999997
1999-03-01,5.23,5.58,4.81,4.44,6.62,7.53,2.789154,73.177,164.8,4.2,1.1415565217391304,5.59295768567964,1.2496270885903797,4.343330597089261,1.1444525840025532,1.7283950617283939,1.1444525840025532,4.085547415997447,2.4408460000000005,1.3899999999999997,2.3
1999-04-01,5.18,5.55,4.74,4.29,6.64,7.48,2.7963377,73.365,165.9,4.3,1.1212190476190476,5.614060927298949,1.2350492706141898,4.379011656684759,1.2182334924532912,2.281134401972884,1.2182334924532912,3.9617665075467086,2.3836622999999997,1.46,2.3000000000000007
1999-05-01,5.54,5.81,4.74,4.5,6.93,7.72,2.8490328,73.435,166.0,4.2,1.2646,5.9093491632617,1.2484467529746004,4.6609024102870995,1.2170581100451994,2.091020910209096,1.2170581100451994,4.322941889954801,2.6909672000000002,1.3899999999999997,2.1799999999999997
1999-06-01,5.9,6.04,4.76,4.57,7.23,8.02,2.9371065,73.474,166.0,4.3,1.4365409090909091,6.0931882558544235,1.5129416967054103,4.580246559149013,1.397993403348008,1.9656019656019597,1.397993403348008,4.502006596651992,2.9628935000000003,1.33,2.119999999999999
1999-07-01,5.79,5.98,4.99,4.55,7.19,7.95,3.0105503,73.606,166.7,4.3,1.4023684210526315,6.201732529127734,1.4870784204967302,4.714654108631004,1.2949838299043392,2.1446078431372584,1.2949838299043392,4.495016170095661,2.7794497000000002,1.4000000000000004,2.16
1999-08-01,5.94,6.07,5.07,4.72,7.4,8.15,3.0557115,73.642,167.1,4.2,1.4597772727272726,6.323939572738618,1.6104230729572242,4.713516499781393,1.1468677462331822,2.2643818849449104,1.1468677462331822,4.793132253766818,2.8842885000000003,1.46,2.21
1999-09-01,5.92,6.07,5.22,4.68,7.39,8.2,3.0939121,73.837,167.8,4.2,1.4540523809523809,6.270556646563917,1.659399856935286,4.611156789628631,1.4314169929253495,2.629969418960254,1.4314169929253495,4.48858300707465,2.8260879,1.4699999999999998,2.2799999999999994
1999-10-01,6.11,6.26,5.2,4.86,7.55,8.38,3.134861,73.963,168.1,4.1,1.5405849999999999,6.336208654235076,1.6104213995402459,4.72578725469483,1.40669344776998,2.56253813300793,1.40669344776998,4.70330655223002,2.9751390000000004,1.4399999999999995,2.2700000000000005
1999-11-01,6.03,6.15,5.42,5.07,7.36,8.15,3.1492332,74.034,168.4,4.1,1.4047649999999998,6.451895544974577,1.6336983663720703,4.818197178602507,1.4859492803289909,2.6203534430225606,1.4859492803289909,4.544050719671009,2.8807668000000004,1.33,2.12
1999-12-01,6.28,6.35,5.3,5.2,7.55,8.19,3.2173645,74.128,168.8,4.0,1.480022727272727,6.724483728037842,1.7807930903733435,4.943690637664498,1.4395971317532563,2.676399026763998,1.4395971317532563,4.840402868246744,3.0626355000000003,1.2699999999999996,1.9099999999999993
2000-01-01,6.66,6.63,5.45,5.32,7.78,8.33,3.2743698,74.306,169.3,4.0,1.62455,6.702320932654465,1.3403409860173863,5.361979946637079,1.538671768242672,2.792956891317555,1.538671768242672,5.121328231757328,3.3856302,1.12,1.67
2000-02-01,6.52,6.23,5.73,5.55,7.68,8.29,3.3488244,74.415,170.0,4.1,1.5368249999999999,6.556151668091843,1.1321403944850035,5.4240112736068395,1.7223703096165721,3.2179720704310855,1.7223703096165721,4.7976296903834275,3.1711755999999998,1.1600000000000001,1.7699999999999996
2000-03-01,6.26,6.05,5.85,5.69,7.68,8.37,3.3286618,74.568,171.0,4.0,1.3972913043478261,6.181301519077624,0.8026412891059351,5.378660229971689,1.9008704920945085,3.762135922330101,1.9008704920945085,4.359129507905491,2.9313382,1.42,2.1099999999999994
2000-04-01,5.99,5.85,6.02,5.66,7.64,8.4,3.1782392,74.617,170.9,3.8,1.2580947368421054,6.334678462206149,0.8234420084826004,5.511236453723549,1.70653581408029,3.013863773357439,1.70653581408029,4.28346418591971,2.8117608,1.6499999999999995,2.41
2000-05-01,6.44,6.15,6.27,5.79,7.99,8.9,3.2724233,74.697,171.2,4.0,1.437259090909091,6.426500778597277,0.9490183623174993,5.477482416279778,1.7185265881391798,3.1325301204819134,1.7185265881391798,4.721473411860821,3.1675767000000006,1.5499999999999998,2.46
2000-06-01,6.1,5.93,6.53,5.69,7.67,8.48,3.3262841,74.754,172.2,4.0,1.2736590909090908,6.196214357589138,0.921205190105721,5.275009167483417,1.742112856248479,3.7349397590361377,1.742112856248479,4.357887143751521,2.7737158999999996,1.5700000000000003,2.380000000000001
2000-07-01,6.05,5.85,6.54,5.96,7.65,8.35,3.0885155,74.925,172.7,4.0,1.188555,6.107135019655021,0.7713923244422585,5.335742695212763,1.7919734804227927,3.5992801439711952,1.7919734804227927,4.258026519577207,2.9614844999999996,1.6000000000000005,2.3
2000-08-01,5.83,5.72,6.5,6.09,7.55,8.26,3.0654361,75.021,172.7,4.1,1.066495652173913,5.90875002758657,0.6655372480900521,5.243212779496518,1.8725727166562622,3.3512866546977715,1.8725727166562622,3.957427283343738,2.7645639,1.7199999999999998,2.4299999999999997
2000-09-01,5.8,5.83,6.52,6.0,7.62,8.35,2.9890166,75.203,173.6,3.9,1.06349,6.004878745538013,0.9969663824308226,5.007912363107191,1.850020992185497,3.45649582836709,1.850020992185497,3.9499790078145027,2.8109834,1.8200000000000003,2.55
2000-10-01,5.74,5.8,6.51,6.11,7.55,8.34,2.9611545,75.308,173.9,3.9,0.980847619047619,5.898145120118353,0.8274505716737535,5.0706945484445995,1.8184768059705814,3.4503271861986873,1.8184768059705814,3.921523194029419,2.7788455,1.8099999999999996,2.5999999999999996
2000-11-01,5.72,5.78,6.51,6.17,7.45,8.28,2.9558753,75.441,174.2,3.9,0.9406571428571427,5.596107418088015,0.7179946273683573,4.8781127907196575,1.9004781586838382,3.444180522565321,1.9004781586838382,3.8195218413161616,2.7641246999999995,1.7300000000000004,2.5599999999999996
2000-12-01,5.24,5.49,6.4,5.77,7.21,8.02,2.8761227,75.515,174.6,3.9,0.776215,5.34271648993012,0.7767451446199534,4.5659713453101665,1.8710878480466153,3.4360189573459543,1.8710878480466153,3.368912151953385,2.3638773000000004,1.9699999999999998,2.7799999999999994
2001-01-01,5.16,5.54,5.98,5.15,7.15,7.93,2.5332933,75.796,175.6,4.2,0.8730666666666667,5.374246635222435,1.1196746323560678,4.254572002866367,2.0052216510106913,3.7212049616065945,2.0052216510106913,3.154778348989309,2.6267067,1.9900000000000002,2.7699999999999996
2001-02-01,5.1,5.45,5.49,4.88,7.1,7.87,2.6418159,75.93,176.0,4.2,0.9314526315789474,5.2102795841338745,1.0817601210509498,4.128519463082925,2.035879862930856,3.529411764705892,2.035879862930856,3.0641201370691435,2.4581840999999995,2.0,2.7700000000000005
2001-03-01,4.89,5.34,5.31,4.42,6.98,7.84,2.4986875,76.009,176.1,4.3,0.9222,5.264005474328563,1.365051280924305,3.898954193404258,1.932464327861827,2.9824561403508643,1.932464327861827,2.9575356721381727,2.3913124999999997,2.0900000000000007,2.95
2001-04-01,5.14,5.65,4.8,3.87,7.2,8.07,2.586794,76.13,176.4,4.4,1.140895,5.616209514572675,1.6890887031833204,3.9271208113893543,2.0276880603615766,3.2182562902282053,2.0276880603615766,3.112311939638423,2.553206,2.0600000000000005,2.9300000000000006
2001-05-01,5.39,5.78,4.21,3.62,7.29,8.07,2.7619294,76.148,177.3,4.3,1.3281772727272727,5.689514891160769,1.8265868306769826,3.8629280604837866,1.94251442494342,3.5630841121495394,1.94251442494342,3.4474855750565796,2.6280705999999996,1.9000000000000004,2.6800000000000006
2001-06-01,5.28,5.67,3.97,3.49,7.18,7.97,2.8453051,76.318,177.7,4.5,1.3200904761904764,5.694005471508913,1.8058713204955454,3.888134151013367,2.092195735345248,3.193960511033689,2.092195735345248,3.187804264654752,2.4346949,1.8999999999999995,2.6899999999999995
2001-07-01,5.24,5.61,3.77,3.51,7.13,7.97,2.8069829,76.515,177.4,4.6,1.2849333333333333,5.313911330488963,1.6506593190005163,3.663252011488447,2.1221221221221276,2.7214823393167498,2.1221221221221276,3.1178778778778726,2.4330171000000003,1.8899999999999997,2.7299999999999995
2001-08-01,4.97,5.48,3.65,3.36,7.02,7.85,2.6864373,76.553,177.4,4.9,1.1985434782608697,5.1776334805164,1.5995292763688984,3.5781042041475017,2.0420948801002314,2.7214823393167498,2.0420948801002314,2.9279051198997683,2.2835626999999996,2.05,2.88
2001-09-01,4.73,5.48,3.07,2.64,7.17,8.03,2.7490267,76.118,178.1,5.0,1.2001588235294118,5.033311094271278,2.0700930223653016,2.9632180719059766,1.2167067803146026,2.5921658986175045,1.2167067803146026,3.513293219685398,1.9809733000000005,2.4399999999999995,3.299999999999999
2001-10-01,4.57,5.32,2.49,2.16,7.03,7.91,2.5279263,76.654,177.6,5.3,1.2220090909090908,4.688484902212046,1.900042344605449,2.788442557606597,1.7873267116375269,2.127659574468077,1.7873267116375269,2.7826732883624734,2.0420737000000004,2.46,3.34
2001-11-01,4.65,5.12,2.09,1.87,6.97,7.81,2.3965374,76.81,177.5,5.5,1.337185,5.238027793504629,2.3129685279367913,2.9250592655678376,1.8146631142217151,1.894374282433997,1.8146631142217151,2.8353368857782852,2.2534626,2.3199999999999994,3.1599999999999993
2001-12-01,5.09,5.48,1.82,1.69,6.77,8.05,2.6393462,76.828,177.4,5.7,1.6529250000000002,5.498172492985916,2.3942883075847736,3.1038841854011427,1.738727405151308,1.603665521191311,1.738727405151308,3.351272594848692,2.4506538,1.6799999999999997,2.960000000000001
2002-01-01,5.04,5.45,1.73,1.65,6.55,7.87,2.7899369,76.871,177.7,5.7,1.626047619047619,5.435997097468262,2.289270892463442,3.1467262050048204,1.4182806480552923,1.1958997722095743,1.4182806480552923,3.6217193519447077,2.2500631,1.5099999999999998,2.83
2002-02-01,4.91,5.45,1.74,1.72,6.51,7.89,2.7123769,77.018,178.0,5.7,1.5514368421052631,5.331120661942557,2.309320792794991,3.021799869147566,1.4328987225075585,1.1363636363636465,1.4328987225075585,3.4771012774924417,2.1976231,1.5999999999999996,2.9799999999999995
2002-03-01,5.28,5.81,1.73,1.79,6.81,8.11,2.7046551,77.11,178.5,5.7,1.73442,5.827136765734891,2.40278568130768,3.4243510844272107,1.4485126761304645,1.3628620102214661,1.4485126761304645,3.8314873238695357,2.5753449,1.5299999999999994,2.829999999999999
2002-04-01,5.21,5.79,1.75,1.71,6.76,8.03,2.9520356,77.325,179.3,5.9,1.6933272727272728,5.465050995846413,2.260219185709529,3.2048318101368842,1.5696834362275203,1.643990929705219,1.5696834362275203,3.6403165637724797,2.2579644,1.5499999999999998,2.8199999999999994
2002-05-01,5.16,5.76,1.75,1.73,6.75,8.09,2.7927848,77.411,179.5,5.8,1.6378545454545455,5.419299814916286,2.3963997145435854,3.0229001003727007,1.6586121762882877,1.2408347433727984,1.6586121762882877,3.5013878237117124,2.3672152,1.5899999999999999,2.9299999999999997
2002-06-01,4.93,5.68,1.75,1.7,6.63,7.95,2.7303686,77.534,179.6,5.8,1.49875,5.227740841020012,2.3540618016234163,2.8736790393965954,1.5933331586257538,1.0692177827799743,1.5933331586257538,3.336666841374246,2.1996314,1.7000000000000002,3.0200000000000005
2002-07-01,4.65,5.59,1.73,1.68,6.53,7.9,2.6473991,77.692,180.0,5.8,1.3467363636363636,4.8914757840945375,2.413783466472562,2.4776923176219756,1.5382604718028992,1.465614430665152,1.5382604718028992,3.111739528197101,2.0026009000000005,1.88,3.25
2002-08-01,4.26,5.28,1.74,1.62,6.37,7.58,2.3926105,77.845,180.5,5.7,1.1278000000000001,4.54610814007137,2.183645622957354,2.362462517114016,1.6877196190874244,1.747463359639223,1.6877196190874244,2.5722803809125754,1.8673894999999998,2.1100000000000003,3.3200000000000003
2002-09-01,3.87,4.96,1.75,1.63,6.15,7.4,2.2175256,77.972,180.8,5.7,0.905195,4.094604794812545,2.0372038677840107,2.0574009270285343,2.43569195196931,1.516002245929271,2.43569195196931,1.4343080480306902,1.6524744,2.2800000000000002,3.5300000000000002
2002-10-01,3.94,5.18,1.75,1.58,6.32,7.73,2.1200192,78.038,181.2,5.7,0.9420909090909091,4.377114426945063,2.39088573840562,1.9862286885394431,1.8055156938972639,2.0270270270270174,1.8055156938972639,2.134484306102736,1.8199807999999997,2.3800000000000003,3.7900000000000005
2002-11-01,4.05,5.18,1.34,1.23,6.31,7.62,2.1935127,78.114,181.5,5.9,1.070821052631579,4.6585912588173946,2.3748023393834714,2.283788919433923,1.6976956125504428,2.2535211267605604,1.6976956125504428,2.352304387449557,1.8564873,2.26,3.5700000000000003
2002-12-01,4.03,5.13,1.24,1.19,6.21,7.45,2.3274091,78.187,181.8,6.0,1.0772428571428572,4.231855898205026,2.238772753554569,1.9930831446504573,1.7688863435205926,2.4802705749718212,1.7688863435205926,2.2611136564794077,1.7025909000000001,2.1799999999999997,3.42
2003-01-01,4.05,5.14,1.24,1.17,6.17,7.35,2.2439394,78.24,182.6,5.8,1.073295238095238,4.3610130182040825,2.2077800744351026,2.15323294376898,1.7809056731407091,2.757456387169399,1.7809056731407091,2.2690943268592907,1.8060606,2.12,3.3
2003-02-01,3.9,5.02,1.26,1.17,5.95,7.06,2.2455641,78.348,183.6,5.9,0.9914736842105264,4.062938041462101,2.055753021317168,2.007185020144933,1.7268690436001988,3.146067415730336,1.7268690436001988,2.173130956399801,1.6544358999999997,2.0500000000000003,3.1599999999999997
2003-03-01,3.81,5.03,1.25,1.13,5.89,6.95,2.0783864,78.474,183.9,5.9,0.9308047619047619,4.197089632851545,2.1912800710850013,2.0058095617665432,1.768901569186876,3.025210084033625,1.768901569186876,2.041098430813124,1.7316136000000002,2.0799999999999996,3.14
2003-04-01,3.96,5.13,1.26,1.13,5.74,6.85,2.1166901,78.561,183.2,6.0,1.009742857142857,4.211294678741915,2.150482749603919,2.0608119291379956,1.598448108632411,2.175125488008911,1.598448108632411,2.361551891367589,1.8433099,1.7800000000000002,2.8899999999999997
2003-05-01,3.57,4.76,1.26,1.07,5.22,6.38,2.1170777,78.674,182.9,6.1,0.7824380952380953,3.65839976942023,1.8194006554835516,1.8389991139366784,1.63155107155315,1.8941504178273005,1.63155107155315,1.9384489284468498,1.4529223,1.65,2.81
2003-06-01,3.33,4.62,1.22,0.92,4.97,6.19,1.9788142,78.718,183.1,6.3,0.6613142857142856,3.8268278830845914,1.9637478801326147,1.8630800029519767,1.5270719942218847,1.948775055679297,1.5270719942218847,1.8029280057781154,1.3511858,1.6399999999999997,2.8600000000000003
2003-07-01,3.98,5.13,1.01,0.9,5.49,6.62,1.973451,78.915,183.7,6.2,1.0156181818181818,4.8587447226892255,2.7968928519899148,2.0618518706993108,1.5741646501570505,2.055555555555544,1.5741646501570505,2.4058353498429494,2.0065489999999997,1.5100000000000002,2.64
2003-08-01,4.45,5.45,1.03,0.95,5.88,7.01,2.2894709,79.004,184.5,6.1,1.3159142857142858,4.796046209108297,2.532500621557136,2.263545587551161,1.4888560601194811,2.216066481994461,1.4888560601194811,2.961143939880519,2.1605291,1.4299999999999997,2.5599999999999996
2003-09-01,4.27,5.28,1.01,0.94,5.72,6.79,2.3966164,79.114,185.1,6.1,1.209590476190476,4.263735586817714,2.3085606600800173,1.9551749267376966,1.4646283281178007,2.378318584070782,1.4646283281178007,2.805371671882199,1.8733835999999995,1.4500000000000002,2.5200000000000005
2003-10-01,4.29,5.3,1.01,0.92,5.7,6.73,2.1063259,79.26,184.9,6.0,1.203331818181818,4.623386802776191,2.453323188815719,2.170063613960472,1.565903790461065,2.041942604856528,1.565903790461065,2.724096209538935,2.1836741,1.4100000000000001,2.4400000000000004
2003-11-01,4.3,5.25,1.0,0.93,5.65,6.66,2.2911369,79.368,185.0,5.8,1.2233888888888889,4.630190501223857,2.3326244718326063,2.2975660293912505,1.6053460327213998,1.9283746556473913,1.6053460327213998,2.6946539672786,2.0088630999999997,1.3500000000000005,2.3600000000000003
2003-12-01,4.27,5.21,0.98,0.9,5.62,6.6,2.3653793,79.467,185.5,5.7,1.2104590909090909,4.537905612753989,2.343491767878412,2.194413844875577,1.6371007968076556,2.0352035203520247,1.6371007968076556,2.632899203192344,1.9046206999999997,1.3500000000000005,2.33
2004-01-01,4.15,5.13,1.0,0.88,5.54,6.44,2.3167501,79.671,186.3,5.7,1.135325,4.427877962590336,2.2073790393716792,2.2204989232186567,1.828987730061371,2.026286966046009,1.828987730061371,2.3210122699386293,1.8332499000000002,1.3899999999999997,2.29
2004-02-01,4.08,5.08,1.01,0.93,5.5,6.27,2.2754574,79.8,186.7,5.6,1.096536842105263,4.255765002246539,2.0908388455167675,2.1649261567297717,1.8532700260376789,1.688453159041381,1.8532700260376789,2.226729973962321,1.8045426,1.42,2.1899999999999995
2004-03-01,3.83,4.9,1.0,0.94,5.33,6.11,2.1716856,79.934,187.1,5.8,0.9400304347826086,4.117596638006177,2.0868620605104256,2.030734577495751,1.8604888243239692,1.7400761283306032,1.8604888243239692,1.9695111756760308,1.6583144,1.5,2.2800000000000002
2004-04-01,4.35,5.28,1.0,0.94,5.73,6.46,2.1480768,80.142,187.4,5.6,1.2434571428571428,4.808076198217615,2.3052979612834243,2.50277823693419,2.012448925039134,2.2925764192139875,2.012448925039134,2.3375510749608654,2.2019231999999995,1.3800000000000008,2.1100000000000003
2004-05-01,4.72,5.51,1.0,1.02,6.04,6.75,2.4546894,80.252,188.2,5.6,1.451995,4.945178633055619,2.3106245231434146,2.6345541099122043,2.0057452271398324,2.8977583378895444,2.0057452271398324,2.7142547728601674,2.2653106,1.3200000000000003,2.0300000000000002
2004-06-01,4.73,5.48,1.03,1.27,6.01,6.78,2.5673682,80.379,188.9,5.6,1.404404761904762,4.876609724993751,2.1397671662846878,2.736842558709063,2.110063771945425,3.1676679410158393,2.110063771945425,2.6199362280545753,2.1626318,1.2799999999999994,2.05
2004-07-01,4.5,5.31,1.26,1.33,5.82,6.62,2.501857,80.474,189.1,5.5,1.2448238095238096,4.746601960886954,2.0092259335743883,2.737376027312566,1.9755433060888228,2.939575394665228,1.9755433060888228,2.524456693911177,1.9981429999999998,1.3200000000000003,2.12
2004-08-01,4.28,5.15,1.43,1.48,5.65,6.46,2.4716518,80.505,189.2,5.4,1.1006545454545456,4.381662469964976,1.8114295152330846,2.570232954731891,1.899903802339109,2.5474254742547275,1.899903802339109,2.380096197660891,1.8083482000000002,1.37,2.1799999999999997
2004-09-01,4.13,4.98,1.61,1.65,5.46,6.27,2.3558656,80.656,189.8,5.4,0.9661238095238095,4.350241902524865,1.6363204636321078,2.7139214388927573,1.9490861288773198,2.5391680172879516,1.9490861288773198,2.18091387112268,1.7741344,1.33,2.1399999999999997
2004-10-01,4.1,4.94,1.76,1.76,5.47,6.21,2.3505515,80.831,190.8,5.5,0.9229900000000001,4.260697101582383,1.5547354098172113,2.7059616917651717,1.9820842795861715,3.1909140075716547,1.9820842795861715,2.117915720413828,1.7494484999999997,1.37,2.1100000000000003
2004-11-01,4.19,4.95,1.93,2.07,5.52,6.2,2.3070912,81.005,191.7,5.4,0.915705,4.550453841453304,1.5573800436186116,2.993073797834692,2.0625440983771837,3.621621621621607,2.0625440983771837,2.1274559016228167,1.8829088000000005,1.3299999999999992,2.01
2004-12-01,4.23,4.91,2.16,2.19,5.47,6.15,2.3469422,81.109,191.7,5.4,0.8993772727272727,4.390698873933362,1.335751548199101,3.0549473257342608,2.0662665005599656,3.3423180592991875,2.0662665005599656,2.163733499440035,1.8830578000000004,1.2399999999999993,1.92
2005-01-01,4.22,4.77,2.28,2.33,5.36,6.02,2.3687512,81.401,191.6,5.3,0.87218,4.255942286227112,0.9730722863980232,3.282869999829089,2.1714300058992553,2.8448738593666034,2.1714300058992553,2.0485699941007445,1.8512487999999996,1.1400000000000006,1.7999999999999998
2005-02-01,4.17,4.56,2.5,2.54,5.2,5.82,2.3706533,81.536,192.4,5.4,0.8067947368421052,4.457972300109519,0.9427619301749623,3.515210369934557,2.1754385964912304,3.0530262453133394,2.1754385964912304,1.9945614035087695,1.7993467,1.0300000000000002,1.6500000000000004
2005-03-01,4.5,4.77,2.63,2.74,5.4,6.06,2.474904,81.737,193.1,5.2,0.9567090909090908,4.588664048702333,0.959940924911757,3.6287231237905764,2.255610878975145,3.2068412613575736,2.255610878975145,2.244389121024855,2.025096,0.9000000000000004,1.5599999999999996
2005-04-01,4.34,4.65,2.79,2.78,5.33,6.05,2.5215946,81.831,193.7,5.2,0.8537809523809524,4.278916053332916,0.7143826826472699,3.5645333706856457,2.107509171221089,3.3617929562433257,2.107509171221089,2.2324908287789107,1.8184054,0.9900000000000002,1.71
2005-05-01,4.14,4.49,3.0,2.84,5.15,6.01,2.4035554,81.999,193.6,5.1,0.7342809523809524,4.072723340288111,0.5014090642554216,3.5713142760326897,2.176892787718687,2.869287991498415,2.176892787718687,1.9631072122813125,1.7364445999999996,1.0100000000000007,1.87
2005-06-01,4.0,4.28,3.04,2.97,4.96,5.86,2.2949612,82.056,193.7,5.0,0.6377636363636363,3.9923823148130055,0.3447625183527494,3.647619796460256,2.086365841824356,2.541026998411855,2.086365841824356,1.9136341581756442,1.7050388,0.96,1.8600000000000003
2005-07-01,4.18,4.38,3.26,3.22,5.06,5.95,2.359812,82.176,194.9,5.0,0.67903,4.322066359976065,0.41495299997380286,3.9071133600022625,2.1149688098019315,3.067160232681121,2.1149688098019315,2.0650311901980682,1.820188,0.8799999999999999,1.7700000000000005
2005-08-01,4.26,4.44,3.5,3.44,5.09,5.96,2.4709578,82.243,196.1,4.9,0.6846913043478261,4.070846938116636,0.25988252341676965,3.8109644146998667,2.158872119744104,3.6469344608879517,2.158872119744104,2.1011278802558957,1.7890422,0.8300000000000001,1.7000000000000002
2005-09-01,4.2,4.45,3.62,3.42,5.13,6.03,2.3536565,82.425,198.8,5.0,0.6395714285714286,4.425009592162441,0.43529537420003406,3.989714217962407,2.193265225153729,4.741833508956805,2.193265225153729,2.0067347748462714,1.8463435000000001,0.9299999999999997,1.83
2005-10-01,4.46,4.64,3.78,3.71,5.35,6.3,2.5492617,82.662,199.1,5.0,0.7350350000000001,4.638099040803819,0.5139855339828472,4.124113506820972,2.2652200269698497,4.350104821802936,2.2652200269698497,2.1947799730301503,1.9107382999999998,0.8899999999999997,1.8399999999999999
2005-11-01,4.54,4.7,4.0,3.88,5.42,6.39,2.5758744,82.873,198.1,5.0,0.75423,4.599421155039251,0.48602007706159966,4.1134010779776515,2.306030491944955,3.3385498174230532,2.306030491944955,2.2339695080550452,1.9641256,0.8799999999999999,1.8499999999999996
2005-12-01,4.47,4.62,4.16,3.89,5.37,6.32,2.5702512,82.959,198.1,4.9,0.7046095238095238,4.430682073381278,0.2260994454843388,4.204582627896939,2.280881283211489,3.3385498174230532,2.280881283211489,2.189118716788511,1.8997487999999998,0.9000000000000004,1.8500000000000005
2006-01-01,4.42,4.57,4.29,4.24,5.29,6.24,2.4488727,83.145,199.3,4.7,0.612595,4.571945147091281,0.2742808675941326,4.297664279497148,2.1424798221152175,4.018789144050117,2.1424798221152175,2.2775201778847824,1.9711273,0.8700000000000001,1.8200000000000003
2006-02-01,4.57,4.57,4.49,4.43,5.35,6.27,2.5135642,83.279,199.4,4.8,0.6686105263157894,4.591790849271171,0.13900727049878991,4.452783578772381,2.1377060439560447,3.63825363825363,2.1377060439560447,2.4322939560439556,2.0564358000000005,0.7799999999999994,1.6999999999999993
2006-03-01,4.72,4.73,4.59,4.51,5.53,6.41,2.4741254,83.509,199.7,4.7,0.7262434782608697,4.907820256789561,0.4711299278468388,4.436690328942722,2.167928844953937,3.4179181771103018,2.167928844953937,2.552071155046063,2.2458745999999996,0.8100000000000005,1.6900000000000004
2006-04-01,4.99,5.06,4.79,4.6,5.84,6.68,2.6257421,83.764,200.7,4.7,0.8296736842105263,5.106238861699439,0.7124342541231732,4.393804607576266,2.362185479830381,3.613835828600931,2.362185479830381,2.6278145201696193,2.3642579,0.8499999999999996,1.6899999999999995
2006-05-01,5.11,5.2,4.94,4.72,5.95,6.75,2.6635907,83.974,201.3,4.6,0.8665590909090909,5.162276691966172,0.6718403780229432,4.490436313943229,2.4085659581214447,3.9772727272727293,2.4085659581214447,2.7014340418785556,2.4464093000000005,0.8399999999999999,1.6399999999999997
2006-06-01,5.11,5.15,4.99,4.79,5.89,6.78,2.6658287,84.186,201.8,4.6,0.8448181818181818,5.168248528820093,0.584099744789671,4.584148784030422,2.595788242176078,4.1817243159525175,2.595788242176078,2.5142117578239223,2.4441713000000003,0.7799999999999994,1.67
2006-07-01,5.09,5.13,5.24,4.95,5.85,6.76,2.721923,84.268,202.9,4.7,0.798875,5.005518773912054,0.5130515292404274,4.4924672446716265,2.545755451713405,4.104669061056954,2.545755451713405,2.5442445482865947,2.368077,0.7599999999999998,1.67
2006-08-01,4.88,5.0,5.25,4.96,5.68,6.59,2.6194038,84.44,203.8,4.7,0.6892434782608696,4.785493764264837,0.3632388870728436,4.422254877191993,2.671351969164548,3.926568077511483,2.671351969164548,2.2086480308354517,2.2605961999999997,0.7999999999999998,1.71
2006-09-01,4.72,4.85,5.25,4.81,5.51,6.43,2.5174803,84.573,202.8,4.5,0.6345,4.675968896102946,0.29868146740674906,4.377287428696197,2.6060054595086424,2.012072434607637,2.6060054595086424,2.1139945404913574,2.2025197,0.79,1.71
2006-10-01,4.73,4.85,5.25,4.92,5.51,6.42,2.485753,84.726,201.9,4.4,0.6239285714285714,4.641200973494472,0.2576436754782172,4.383557298016255,2.4969151484357965,1.4063284781516971,2.4969151484357965,2.233084851564204,2.2442470000000005,0.7799999999999994,1.6899999999999995
2006-11-01,4.6,4.69,5.25,4.94,5.33,6.2,2.3789791,84.766,202.0,4.5,0.5441,4.494011089696689,0.1550279115291815,4.338983178167507,2.284218020344375,1.9687026754164672,2.284218020344375,2.3157819796556245,2.2210208999999996,0.7300000000000004,1.6000000000000005
2006-12-01,4.56,4.68,5.24,4.85,5.32,6.22,2.3467956,84.88,203.1,4.4,0.53929,4.7384821765513925,0.2989609210762012,4.439521255475191,2.31560168275895,2.5239777889954462,2.31560168275895,2.2443983172410498,2.2132043999999995,0.7600000000000007,1.6600000000000001
2007-01-01,4.76,4.85,5.25,4.98,5.4,6.34,2.5293118,85.224,203.437,4.6,0.6331095238095238,4.841074242626755,0.3268769904577038,4.514197252169051,2.500451019303629,2.075765178123423,2.500451019303629,2.259548980696371,2.2306882,0.6400000000000006,1.58
2007-02-01,4.72,4.82,5.26,5.03,5.39,6.28,2.5756304,85.408,204.226,4.5,0.6105947368421053,4.608259887480676,0.27569809304500925,4.332561794435667,2.556466816364278,2.420260782347028,2.556466816364278,2.163533183635722,2.1443695999999997,0.6699999999999999,1.5600000000000005
2007-03-01,4.56,4.72,5.26,4.94,5.3,6.27,2.4594415,85.494,205.288,4.4,0.5261454545454546,4.716369391861172,0.4399914831195195,4.276377908741653,2.376989306541799,2.798197295943927,2.376989306541799,2.1830106934582005,2.1005584999999996,0.7400000000000002,1.71
2007-04-01,4.69,4.87,5.25,4.87,5.47,6.39,2.4786022,85.616,205.904,4.5,0.6040571428571428,4.678500345498609,0.39622812380098527,4.282272221697624,2.210973687980511,2.5929247633283525,2.210973687980511,2.4790263120194895,2.2113978000000003,0.7799999999999994,1.6999999999999993
2007-05-01,4.75,4.9,5.25,4.73,5.47,6.39,2.524481,85.717,206.755,4.4,0.6542545454545454,4.9199751241690475,0.45020578786275145,4.469769336306296,2.075642460761662,2.709885742672613,2.075642460761662,2.674357539238338,2.225519,0.7199999999999998,1.6399999999999997
2007-06-01,5.1,5.2,5.25,4.61,5.79,6.7,2.6718196,85.859,207.234,4.6,0.8777285714285715,5.067333752684782,0.6337347893643202,4.4335989633204616,1.9872662913073214,2.692765113974227,1.9872662913073214,3.1127337086926783,2.4281803999999996,0.6900000000000004,1.6000000000000005
2007-07-01,5.0,5.11,5.26,4.82,5.73,6.65,2.6399293,85.988,207.603,4.7,0.7921047619047619,4.862390987704723,0.6224467222490251,4.239944265455698,2.0411069445103625,2.3178905864958077,2.0411069445103625,2.9588930554896375,2.3600707,0.7300000000000004,1.6500000000000004
2007-08-01,4.67,4.93,5.02,4.2,5.79,6.65,2.4898174,86.116,207.667,4.6,0.7278608695652174,4.663909580069892,0.7724825314551715,3.8914270486147204,1.984841307437235,1.897448478900876,1.984841307437235,2.685158692562765,2.1801825999999997,1.12,1.9800000000000004
2007-09-01,4.52,4.79,4.94,3.89,5.74,6.59,2.4115217,86.351,208.547,4.7,0.6957684210526316,4.719228536959431,0.9706412702121954,3.7485872667472355,2.1023258013787016,2.8338264299802685,2.1023258013787016,2.417674198621298,2.1084782999999994,1.2200000000000006,2.0700000000000003
2007-10-01,4.53,4.77,4.76,3.9,5.66,6.48,2.4520543,86.576,209.19,4.7,0.7072409090909091,4.612572597738734,0.8723338829812297,3.7402387147575045,2.183509194344113,3.610698365527476,2.183509194344113,2.346490805655887,2.0779457000000003,1.13,1.9500000000000002
2007-11-01,4.15,4.52,4.49,3.27,5.44,6.4,2.3840553,86.746,210.834,4.7,0.62758,4.234034276185213,1.110867137720331,3.123167138464882,2.33584220088241,4.373267326732666,2.33584220088241,1.8141577991175906,1.7659447000000004,1.29,2.25
2007-12-01,4.1,4.53,4.24,3.0,5.49,6.65,2.1470427,86.92,211.445,5.0,0.6524300000000001,4.308141662427531,1.2388593186725254,3.069282343755005,2.4033930254476976,4.108813392417532,2.4033930254476976,1.696606974552302,1.9529572999999996,1.3900000000000006,2.5500000000000007
2008-01-01,3.74,4.33,3.94,2.75,5.33,6.54,2.174666,87.093,212.174,5.0,0.5028095238095238,3.9647151797509697,1.5558346849598186,2.408880494791151,2.1930442128977656,4.294695655165981,2.1930442128977656,1.5469557871022346,1.565334,1.5899999999999999,2.8
2008-02-01,3.74,4.52,2.98,2.12,5.53,6.82,2.0725733,87.178,212.687,4.9,0.6597649999999999,3.8848662566903522,1.8035758638689967,2.0812903928213555,2.072405395279131,4.142959270611968,2.072405395279131,1.6675946047208692,1.6674267,1.79,3.08
2008-03-01,3.51,4.39,2.61,1.26,5.51,6.89,1.9412978,87.349,213.448,5.1,0.67604,3.8132022236363827,1.9281662865101024,1.8850359371262804,2.169742905934924,3.9749035501344343,2.169742905934924,1.340257094065076,1.5687021999999997,2.0,3.38
2008-04-01,3.68,4.44,2.28,1.29,5.55,6.97,2.0011092,87.4,213.942,5.0,0.7917636363636364,4.065296992785998,1.5678248013536908,2.4974721914323075,2.0837226686600596,3.9037609759888126,2.0837226686600596,1.5962773313399405,1.6788908,1.8699999999999997,3.2899999999999996
2008-05-01,3.88,4.6,1.98,1.73,5.57,6.93,2.2201559,87.559,215.208,5.4,0.8623047619047619,4.370835105321886,1.575979469610679,2.794855635711207,2.148931950488242,4.088413823123993,2.148931950488242,1.7310680495117579,1.6598441,1.6900000000000004,3.05
2008-06-01,4.1,4.69,2.0,1.86,5.68,7.07,2.3034655,87.76,217.463,5.6,0.9536095238095238,4.250681289442742,1.4406492718302437,2.810032017612498,2.2140952025996308,4.935966105947864,2.2140952025996308,1.8859047974003689,1.7965344999999995,1.58,2.9700000000000006
2008-07-01,4.01,4.57,2.01,1.63,5.67,7.16,2.343078,87.918,219.016,5.8,0.9157,4.242436736659981,1.5802465027740205,2.66219023388596,2.244499232451047,5.497512078341837,2.244499232451047,1.7655007675489527,1.6669219999999996,1.6600000000000001,3.1500000000000004
2008-08-01,3.89,4.5,2.0,1.72,5.64,7.15,2.3471243,88.026,218.69,6.1,0.8290095238095238,4.101678146974016,1.550936237417658,2.5507419095563577,2.217938594453983,5.308017162091239,2.217938594453983,1.672061405546017,1.5428757000000002,1.7499999999999996,3.2600000000000002
2008-09-01,3.69,4.27,1.81,1.13,5.65,7.31,2.2096956,88.116,218.877,6.1,0.8034952380952382,4.262650807622728,2.0300852304719075,2.23256557715082,2.0439832775532407,4.953319875136075,2.0439832775532407,1.6460167224467592,1.4803044,1.9600000000000004,3.6199999999999997
2008-10-01,3.81,4.17,0.97,0.67,6.28,8.88,2.1066821,87.991,216.995,6.5,1.0291863636363636,4.904023543407579,3.4370134226238735,1.4670101207837054,1.6344021437811884,3.7310578899565128,1.6344021437811884,2.1755978562188116,1.7033179,2.47,5.07
2008-11-01,3.53,4.0,0.39,0.19,6.12,9.21,2.0072092,87.952,213.153,6.8,0.9979722222222223,3.6828857464248164,2.3907241532025454,1.2921615932222712,1.3902658335831042,1.0999174706166848,1.3902658335831042,2.1397341664168956,1.5227907999999997,2.5900000000000003,5.6800000000000015
2008-12-01,2.42,2.87,0.16,0.03,5.05,8.43,1.5806981,87.909,211.398,7.3,0.4959863636363636,2.899218399152421,1.4682291257024827,1.4309892734499385,1.137827887712839,-0.02222800255385904,1.137827887712839,1.282172112287161,0.8393018999999999,2.63,6.01
2009-01-01,2.52,3.13,0.15,0.13,5.05,8.14,1.621304,87.882,211.933,7.8,0.533605,3.5909494530322914,2.227577280061703,1.3633721729705883,0.9059281457752144,-0.11358601902212717,0.9059281457752144,1.6140718542247856,0.8986959999999999,2.53,5.620000000000001
2009-02-01,2.87,3.59,0.22,0.3,5.27,8.08,1.6701025,87.952,212.705,8.3,0.6957894736842105,3.7126829946348363,2.2544096111612664,1.45827338347357,0.8878386748950362,0.008463140671510772,0.8878386748950362,1.982161325104964,1.1998975,2.3999999999999995,5.21
2009-03-01,2.82,3.64,0.18,0.21,5.5,8.42,1.6327655,88.015,212.495,8.7,0.6441636363636364,3.1539702596573487,1.7014885125397077,1.452481747117641,0.762458642915198,-0.4464787676623838,0.762458642915198,2.057541357084802,1.1872344999999997,2.68,5.6
2009-04-01,2.93,3.76,0.15,0.16,5.39,8.39,1.6962653,88.211,212.709,9.0,0.6535619047619048,3.6212689612193016,2.1512575926339417,1.47001136858536,0.9279176201372863,-0.5763244243767063,0.9279176201372863,2.002082379862714,1.2337347,2.4599999999999995,5.460000000000001
2009-05-01,3.29,4.23,0.18,0.18,5.54,8.06,1.8570946,88.279,213.022,9.4,0.8528800000000001,4.017089075902763,2.6068083033097817,1.4102807725929811,0.8223026759099472,-1.015761495855172,0.8223026759099472,2.467697324090053,1.4329054,2.25,4.7700000000000005
2009-06-01,3.72,4.52,0.21,0.18,5.61,7.5,2.0073266,88.392,214.79,9.5,1.1385772727272727,4.043298419173508,2.367173264421159,1.6761251547523492,0.7201458523245163,-1.2291746182109153,0.7201458523245163,2.999854147675484,1.7126734000000003,1.8900000000000001,3.78
2009-07-01,3.56,4.41,0.16,0.18,5.41,7.09,2.0420241,88.468,214.726,9.5,1.0273999999999999,3.9769264908194035,2.2800415594344337,1.6968849313849699,0.6255829295479742,-1.9587610037622771,0.6255829295479742,2.934417070452026,1.5179759000000002,1.85,3.53
2009-08-01,3.59,4.37,0.16,0.17,5.26,6.58,2.0934921,88.599,215.445,9.6,1.0585761904761906,3.883133859783826,2.266293025340079,1.6168408344437468,0.6509440392611365,-1.4838355663267633,0.6509440392611365,2.9390559607388633,1.4965078999999997,1.67,2.99
2009-09-01,3.4,4.19,0.15,0.12,5.13,6.31,2.0688171,88.755,215.861,9.8,0.9523,3.737006590411862,2.1064480222771307,1.6305585681347312,0.7251804439602383,-1.377942862886472,0.7251804439602383,2.6748195560397616,1.3311829,1.73,2.9099999999999997
2009-10-01,3.39,4.19,0.12,0.07,5.15,6.29,1.9561555,89.082,216.509,10.0,0.9301714285714285,3.812143047002583,2.2497414780528366,1.5624015689497466,1.2398995351797337,-0.22396829420033848,1.2398995351797337,2.1501004648202664,1.4338445000000002,1.7600000000000002,2.9
2009-11-01,3.4,4.31,0.12,0.05,5.19,6.32,2.0233626,89.16,217.234,9.9,0.919457894736842,3.5906886551422823,2.232097970871126,1.3585906842711564,1.373476441695476,1.9145871744709275,1.373476441695476,2.026523558304524,1.3766374,1.7900000000000005,2.9200000000000004
2009-12-01,3.59,4.49,0.12,0.05,5.26,6.37,1.9064085,89.236,217.347,9.9,0.981240909090909,4.198041849897768,2.549366179261578,1.6486756706361898,1.5095155217327072,2.8141231232083674,1.5095155217327072,2.0804844782672927,1.6835915,1.67,2.7800000000000002
2010-01-01,3.73,4.6,0.11,0.06,5.26,6.25,2.0911325,89.368,217.488,9.8,1.0680631578947368,3.9824708192009237,2.5287396183511976,1.453731200849726,1.690903711795344,2.6211113889767157,1.690903711795344,2.039096288204656,1.6388675,1.5299999999999998,2.52
2010-02-01,3.69,4.62,0.13,0.11,5.35,6.34,2.0165529,89.446,217.281,9.8,1.0207368421052632,3.97807245375543,2.5711068940238846,1.4069655597315456,1.698653811169737,2.151336357866529,1.698653811169737,1.991346188830263,1.6734470999999997,1.6599999999999997,2.65
2010-03-01,3.73,4.64,0.16,0.15,5.27,6.27,2.0067599,89.579,217.353,9.9,1.0244478260869565,4.13694451755451,2.53349472351972,1.6034497940347903,1.7769698346872698,2.2861714393279886,1.7769698346872698,1.9530301653127302,1.7232401,1.5399999999999996,2.5399999999999996
2010-04-01,3.85,4.69,0.2,0.16,5.29,6.25,2.0631275,89.625,217.403,9.9,1.0861545454545454,3.952348326078304,2.326225374248077,1.6261229518302271,1.6029746856967897,2.2067707525304403,1.6029746856967897,2.2470253143032104,1.7868725000000003,1.44,2.4
2010-05-01,3.42,4.29,0.2,0.16,4.96,6.05,2.0234055,89.724,217.29,9.6,0.867125,3.618547728775614,2.0494363134676927,1.569111415307921,1.636855877388732,2.003548929218568,1.636855877388732,1.7831441226112679,1.3965945,1.54,2.63
2010-06-01,3.2,4.13,0.18,0.12,4.88,6.23,1.8811319,89.767,217.199,9.4,0.7559227272727272,3.250962449604958,1.7878104693669736,1.4631519802379844,1.555570639876902,1.1215605940686268,1.555570639876902,1.6444293601230981,1.3188681000000002,1.6799999999999997,3.0300000000000002
2010-07-01,3.01,3.99,0.18,0.16,4.72,6.01,1.7304709,89.769,217.605,9.4,0.6146666666666667,3.1862970612502974,1.9119150351231649,1.2743820261271326,1.4705882352941124,1.3407784804821077,1.4705882352941124,1.5394117647058874,1.2795290999999998,1.71,3.0
2010-08-01,2.7,3.8,0.19,0.16,4.49,5.66,1.7086811,89.855,217.923,9.5,0.42250454545454547,2.6669226602220473,1.2652216258286384,1.4017010343934089,1.4176232237384179,1.1501775395112546,1.4176232237384179,1.2823767762615823,0.9913189000000002,1.79,2.96
2010-09-01,2.65,3.77,0.19,0.15,4.53,5.66,1.580762,89.906,218.275,9.5,0.39389047619047624,2.734305550019472,1.4646349844166326,1.2696705656028395,1.2968283476987308,1.1183122472331775,1.2968283476987308,1.3531716523012691,1.069238,1.8800000000000003,3.0100000000000002
2010-10-01,2.54,3.87,0.19,0.13,4.68,5.72,1.5742367,90.043,219.035,9.4,0.298595,2.842060095199489,1.7894636945152451,1.052596400684244,1.0787813475225283,1.1666951489314625,1.0787813475225283,1.4612186524774717,0.9657633000000001,2.1399999999999997,3.1799999999999997
2010-11-01,2.76,4.19,0.19,0.14,4.87,5.92,1.5460638,90.16,219.59,9.8,0.397195,3.029018213501778,1.8303655951778612,1.1986526183239166,1.1215791834903621,1.084544776600338,1.1215791834903621,1.6384208165096377,1.2139361999999998,2.1100000000000003,3.16
2010-12-01,3.29,4.42,0.18,0.14,5.02,6.1,1.6945193,90.179,220.472,9.3,0.7313636363636363,3.552919045606653,2.1421056580925617,1.410813387514091,1.056748397507734,1.437793022217937,1.056748397507734,2.233251602492266,1.5954807,1.7299999999999995,2.8099999999999996
2011-01-01,3.39,4.52,0.17,0.15,5.04,6.09,1.9670054,90.372,221.187,9.1,0.78068,3.65715190995432,2.421973421075837,1.2351784888784834,1.1234446334258408,1.7007834915029774,1.1234446334258408,2.2665553665741593,1.4229946000000002,1.65,2.6999999999999997
2011-02-01,3.58,4.65,0.16,0.13,5.22,6.15,1.9901515,90.53,221.898,9.0,0.9066052631578948,3.6422328275030167,2.1607047602873757,1.481528067215641,1.2119043892404369,2.124898173333145,1.2119043892404369,2.368095610759563,1.5898485,1.6399999999999997,2.5700000000000003
2011-03-01,3.41,4.51,0.14,0.1,5.13,6.03,2.048335,90.667,223.046,9.0,0.8248652173913044,3.698529446191716,2.134566211130098,1.5639632350616184,1.2145703792183493,2.619241510354109,1.2145703792183493,2.195429620781651,1.3616650000000003,1.7199999999999998,2.62
2011-04-01,3.46,4.5,0.1,0.06,5.16,6.02,2.099215,90.875,224.093,9.1,0.8658300000000001,3.5629154202722635,2.2353115716052474,1.327603848667016,1.3947001394700065,3.0772344447868694,1.3947001394700065,2.0652998605299935,1.360785,1.7000000000000002,2.5599999999999996
2011-05-01,3.17,4.29,0.09,0.04,4.96,5.78,2.032293,91.091,224.806,9.0,0.6911857142857143,3.2786273171342875,2.086681448505696,1.1919458686285915,1.5235611430609364,3.4589718808964998,1.5235611430609364,1.6464388569390636,1.1377069999999998,1.79,2.6100000000000003
2011-06-01,3.0,4.23,0.09,0.04,4.99,5.75,1.894122,91.191,224.806,9.1,0.5592909090909091,3.4368185824665187,2.2922103498080775,1.144608232658441,1.5863290518787654,3.5023181506360412,1.5863290518787654,1.4136709481212346,1.105878,1.9900000000000002,2.75
2011-07-01,3.0,4.27,0.07,0.04,4.93,5.76,1.9889734,91.326,225.395,9.0,0.5622849999999999,3.011810825148208,1.9860969555983112,1.0257138695498969,1.7344517595160758,3.5798809769996165,1.7344517595160758,1.2655482404839242,1.0110266,1.9299999999999997,2.76
2011-08-01,2.3,3.65,0.1,0.02,4.37,5.36,1.7313642,91.508,226.106,9.0,0.18979565217391306,2.3771940325040295,1.2648177492833566,1.112376283220673,1.8396305158310478,3.75499603070808,1.8396305158310478,0.46036948416895207,0.5686357999999998,2.0700000000000003,3.0600000000000005
2011-09-01,1.98,3.18,0.08,0.01,4.09,5.27,1.5583105,91.57,226.597,9.0,0.04284761904761905,2.0460988866614005,0.648322122794674,1.3977767638667264,1.8508219696126815,3.812621692818685,1.8508219696126815,0.12917803038731845,0.42168950000000005,2.11,3.2899999999999996
2011-10-01,2.15,3.13,0.07,0.02,3.98,5.37,1.5883361,91.614,226.75,8.8,0.13705,2.299583712577689,1.0436535442412813,1.2559301683364077,1.744721966171725,3.5222681306640524,1.744721966171725,0.4052780338282749,0.5616638999999999,1.83,3.22
2011-11-01,2.01,3.02,0.08,0.01,3.87,5.14,1.6085842,91.808,227.169,8.6,0.054135,2.1979880960530056,0.8944699345089147,1.303518161544091,1.8278615794143915,3.451432214581729,1.8278615794143915,0.18213842058560825,0.4014157999999999,1.8600000000000003,3.13
2011-12-01,1.98,2.98,0.07,0.01,3.93,5.25,1.6422125,91.96,227.223,8.5,0.03229047619047619,1.9675163633175068,0.5956683211394043,1.3718480421781025,1.9749609110768507,3.062066838419386,1.9749609110768507,0.005039088923149304,0.3377874999999999,1.9500000000000002,3.27
2012-01-01,1.97,3.03,0.08,0.03,3.85,5.23,1.6011744,92.235,227.842,8.3,0.0091,1.8752773572394887,0.5892919266436787,1.28598543059581,2.0614792192271914,3.0087663379855023,2.0614792192271914,-0.09147921922719138,0.36882559999999986,1.8800000000000001,3.2600000000000007
2012-02-01,1.97,3.11,0.1,0.09,3.85,5.14,1.5458862,92.364,228.329,8.3,-0.013485,2.0327336750677047,0.6798282486642302,1.3529054264034746,2.0258477852645562,2.8981784423473878,2.0258477852645562,-0.05584778526455625,0.4241138,1.8800000000000001,3.17
2012-03-01,2.17,3.28,0.13,0.08,3.99,5.23,1.5801475,92.521,228.807,8.2,0.10551818181818183,2.3262914116813693,1.0115222805082769,1.3147691311730925,2.044845423362407,2.5828752813320977,2.044845423362407,0.125154576637593,0.5898524999999999,1.8200000000000003,3.0600000000000005
2012-04-01,2.05,3.18,0.14,0.08,3.96,5.19,1.6497201,92.661,229.187,8.2,0.03772857142857143,2.0024437787965814,0.6828909725589682,1.3195528062376132,1.9653370013755112,2.2731633741348567,1.9653370013755112,0.08466299862448867,0.4002798999999999,1.9100000000000001,3.1400000000000006
2012-05-01,1.8,2.93,0.16,0.09,3.8,5.07,1.5553438,92.755,228.713,8.2,-0.09000909090909091,1.5854497543906432,0.07086773288172865,1.5145820215089145,1.826744683887549,1.7379429374660749,1.826744683887549,-0.026744683887548915,0.2446562000000001,1.9999999999999998,3.2700000000000005
2012-06-01,1.62,2.7,0.16,0.09,3.64,5.02,1.4156358,92.85,228.524,8.2,-0.17118571428571427,1.6755956058506771,0.15830354031202765,1.5172920655386495,1.8192584794552102,1.653870448297634,1.8192584794552102,-0.19925847945521014,0.2043642000000001,2.02,3.3999999999999995
2012-07-01,1.53,2.59,0.16,0.1,3.4,4.87,1.4852789,92.946,228.59,8.2,-0.22776190476190478,1.5235567148524847,0.05582560373719958,1.467731111115285,1.7738650548584145,1.4175114798464783,1.7738650548584145,-0.24386505485841448,0.04472110000000007,1.8699999999999999,3.34
2012-08-01,1.68,2.77,0.13,0.1,3.48,4.91,1.480409,93.005,229.918,8.1,-0.14846521739130433,1.5795921950974345,0.1528372981373427,1.4267548969600918,1.6359225422913903,1.6859349154821235,1.6359225422913903,0.0440774577086096,0.19959099999999985,1.8,3.2300000000000004
2012-09-01,1.72,2.88,0.14,0.11,3.49,4.84,1.5292492,93.119,231.015,7.8,-0.14943684210526317,1.640894525155775,0.2507005363446264,1.3901939888111485,1.6916020530741482,1.9497168982819613,1.6916020530741482,0.028397946925851736,0.1907508,1.7700000000000002,3.12
2012-10-01,1.75,2.9,0.16,0.1,3.47,4.58,1.5026504,93.345,231.638,7.8,-0.1380142857142857,1.7208769524513572,0.2714732873050767,1.4494036651462805,1.889449210819305,2.1556780595369363,1.889449210819305,-0.13944921081930506,0.24734959999999995,1.7200000000000002,2.83
2012-11-01,1.65,2.8,0.16,0.09,3.5,4.51,1.5179508,93.445,231.249,7.7,-0.175315,1.6123430997209176,0.18263377837832118,1.4297093213425964,1.7830690135935745,1.7960197033926262,1.7830690135935745,-0.1330690135935746,0.13204919999999998,1.85,2.86
2012-12-01,1.72,2.88,0.16,0.07,3.65,4.63,1.5262619,93.514,231.221,7.9,-0.14553,1.7823340776635992,0.39557714658192467,1.3867569310816745,1.6898651587646807,1.7595049796895523,1.6898651587646807,0.030134841235319287,0.19373810000000002,1.93,2.91
2013-01-01,1.91,3.08,0.14,0.07,3.8,4.73,1.4890559,93.703,231.679,8.0,-0.04867619047619048,2.0520494501489566,0.7343165550472668,1.3177328951016898,1.5915867078657886,1.684061762098299,1.5915867078657886,0.3184132921342113,0.4209440999999998,1.89,2.8200000000000003
2013-02-01,1.98,3.17,0.15,0.1,3.9,4.85,1.5381946,93.805,232.937,7.7,-0.010978947368421053,1.9218622353335717,0.6203736894403078,1.301488545893264,1.5601316530249987,2.0181404902574807,1.5601316530249987,0.4198683469750013,0.4418054,1.92,2.8699999999999997
2013-03-01,1.96,3.16,0.14,0.09,3.93,4.85,1.4118858,93.891,232.282,7.5,-0.026495,1.8850576924167861,0.559483209583765,1.3255744828330212,1.4807449119659477,1.5187472411246183,1.4807449119659477,0.47925508803405226,0.5481141999999999,1.9700000000000002,2.8899999999999997
2013-04-01,1.76,2.93,0.15,0.06,3.73,4.59,1.4618435,93.937,231.797,7.6,-0.12271363636363636,1.7025702717212847,0.3341276818175942,1.3684425899036905,1.3770626261318197,1.138808047576867,1.3770626261318197,0.3829373738681803,0.29815649999999994,1.97,2.83
2013-05-01,1.93,3.11,0.11,0.04,3.89,4.73,1.4138488,94.047,231.893,7.5,-0.03299090909090909,2.2255442880009557,0.8751901618131981,1.3503541261877576,1.3929168238908884,1.3903888279197085,1.3929168238908884,0.5370831761091115,0.5161511999999999,1.9600000000000002,2.8000000000000007
2013-06-01,2.3,3.4,0.09,0.05,4.27,5.19,1.5503442,94.209,232.445,7.5,0.195125,2.6348602881698926,1.167665246762423,1.4671950414074697,1.4636510500807942,1.7157935271568725,1.4636510500807942,0.8363489499192056,0.7496557999999998,1.9699999999999998,2.8900000000000006
2013-07-01,2.58,3.61,0.09,0.04,4.34,5.32,1.634568,94.329,232.9,7.3,0.3588772727272727,2.749865243793528,1.4297658137433251,1.3200994300502027,1.4879607514040272,1.885471805415806,1.4879607514040272,1.092039248595973,0.945432,1.7599999999999998,2.74
2013-08-01,2.74,3.76,0.08,0.04,4.54,5.42,1.7580797,94.431,233.456,7.2,0.4489318181818182,2.944952238741383,1.4759460212304716,1.4690062175109113,1.5332509004892136,1.538809488600279,1.5332509004892136,1.2067490995107866,0.9819203000000003,1.7999999999999998,2.6799999999999997
2013-09-01,2.81,3.79,0.08,0.02,4.64,5.47,1.8688006,94.543,233.544,7.2,0.501565,2.7845087146068996,1.4687205913976669,1.3157881232092328,1.529226044094134,1.0947341081747997,1.529226044094134,1.280773955905866,0.9411994000000001,1.8299999999999996,2.6599999999999997
2013-10-01,2.62,3.68,0.09,0.05,4.53,5.31,1.7246934,94.703,233.669,7.2,0.36906818181818185,2.7126965156778553,1.4325282544839724,1.280168261193883,1.4548181477315403,0.8767991434911471,1.4548181477315403,1.1651818522684598,0.8953066000000001,1.9100000000000001,2.6899999999999995
2013-11-01,2.72,3.8,0.08,0.07,4.63,5.38,1.7163045,94.86,234.1,6.9,0.4011105263157895,2.9382543667694163,1.7738860556234861,1.1643683111459302,1.5142597249719225,1.2328701961954458,1.5142597249719225,1.2057402750280777,1.0036955000000003,1.9099999999999997,2.6599999999999997
2013-12-01,2.9,3.89,0.09,0.07,4.62,5.38,1.7851389,94.961,234.719,6.7,0.5150380952380952,3.234925185082376,1.8636722839957576,1.3712529010866186,1.5473618923369736,1.5128383667573297,1.5473618923369736,1.3526381076630263,1.1148611,1.7200000000000002,2.48
2014-01-01,2.86,3.77,0.07,0.04,4.49,5.19,1.8490071,95.064,235.288,6.6,0.5288380952380953,2.834812605466686,1.4018101360705293,1.4330024693961567,1.4524615006989983,1.557758795574915,1.4524615006989983,1.4075384993010016,1.0109929,1.6300000000000003,2.3300000000000005
2014-02-01,2.71,3.66,0.07,0.05,4.45,5.1,1.7690838,95.109,235.547,6.7,0.4405842105263158,2.809215012288571,1.3353621334801717,1.4738528788083993,1.3901177975587542,1.1204746347724948,1.3901177975587542,1.3198822024412458,0.9409162,1.7400000000000002,2.3899999999999997
2014-03-01,2.72,3.62,0.08,0.05,4.38,5.06,1.7451938,95.25,236.028,6.7,0.47112857142857145,2.866355311795173,1.1492281336407777,1.7171271781543955,1.447423075694143,1.6126949139408042,1.447423075694143,1.2725769243058571,0.9748062000000002,1.6599999999999997,2.3399999999999994
2014-04-01,2.71,3.52,0.09,0.03,4.24,4.9,1.87485,95.413,236.468,6.2,0.489,2.7975885254539525,1.0817494996354318,1.7158390258185208,1.5712658483877373,2.015125303606169,1.5712658483877373,1.1387341516122627,0.8351500000000001,1.5300000000000002,2.1900000000000004
2014-05-01,2.56,3.39,0.09,0.03,4.16,4.76,1.8687902,95.574,236.918,6.3,0.4079,2.5860875516369917,0.874448558957071,1.7116389926799207,1.62365625697789,2.166947687079812,1.62365625697789,0.93634374302211,0.6912098,1.6,2.1999999999999997
2014-06-01,2.6,3.42,0.1,0.04,4.25,4.8,1.8300901,95.682,237.231,6.1,0.4373904761904762,2.634594067114621,0.8633571521374792,1.7712369149771416,1.5635448842467259,2.0589816945944195,1.5635448842467259,1.0364551157532742,0.7699099,1.65,2.1999999999999997
2014-07-01,2.54,3.33,0.09,0.03,4.16,4.73,1.8823807,95.848,237.498,6.2,0.42405000000000004,2.664250295892847,0.7113677007780606,1.9528825951147866,1.6103213221808854,1.9742378703305974,1.6103213221808854,0.9296786778191146,0.6576193000000001,1.62,2.1900000000000004
2014-08-01,2.42,3.2,0.09,0.03,4.08,4.69,1.8790741,95.885,237.46,6.1,0.37417142857142854,2.4297882565540623,0.4406847120298576,1.9891035445242047,1.5397485995065185,1.7150983482969062,1.5397485995065185,0.8802514004934814,0.5409259,1.6600000000000001,2.2700000000000005
2014-09-01,2.53,3.26,0.09,0.02,4.11,4.8,1.9131183,96.013,237.477,5.9,0.4463857142857143,2.6016679249889,0.5686487193834049,2.033019205605495,1.5548480585553692,1.6840509711232077,1.5548480585553692,0.9751519414446306,0.6168816999999998,1.5800000000000005,2.27
2014-10-01,2.3,3.04,0.09,0.02,3.92,4.69,1.8727096,96.096,237.43,5.7,0.3189090909090909,2.453088539794015,0.4825166361142079,1.970571903679807,1.4709143321753215,1.6095417021513292,1.4709143321753215,0.8290856678246783,0.42729039999999974,1.62,2.3900000000000006
2014-11-01,2.33,3.04,0.09,0.02,3.92,4.79,1.8157437,96.181,236.983,5.8,0.3402666666666667,2.2610527477000875,0.27078812313639244,1.990264624563695,1.392578536791067,1.231524989320798,1.392578536791067,0.937421463208933,0.5142563,1.5899999999999999,2.46
2014-12-01,2.21,2.83,0.12,0.03,3.79,4.74,1.8521375,96.249,236.252,5.6,0.2889909090909091,2.2413008249215363,0.03915919269923096,2.2021416322223053,1.3563462895293865,0.6531213919623191,1.3563462895293865,0.8536537104706134,0.3578625,1.58,2.5300000000000002
2015-01-01,1.88,2.46,0.11,0.03,3.46,4.45,1.6943704,96.214,234.747,5.7,0.12114,1.7627809809267785,-0.26828680232528135,2.03106778325206,1.2097113523521053,-0.22993097820542818,1.2097113523521053,0.6702886476478946,0.18562959999999995,1.58,2.5700000000000003
2015-02-01,1.98,2.57,0.11,0.02,3.61,4.51,1.5339526,96.324,235.342,5.5,0.17510526315789474,2.0869485569755946,-0.05866336846107778,2.1456119254366723,1.2774816263445121,-0.08703146293520536,1.2774816263445121,0.7025183736554879,0.44604739999999987,1.63,2.53
2015-03-01,2.04,2.63,0.11,0.03,3.64,4.54,1.7034873,96.47,235.976,5.4,0.20422727272727273,2.018151439869474,-0.03703760454852567,2.055189044418,1.2808398950131306,-0.022031284423873476,1.2808398950131306,0.7591601049868695,0.3365127000000001,1.6,2.5
2015-04-01,1.94,2.59,0.12,0.02,3.52,4.48,1.7122854,96.648,236.222,5.4,0.12494090909090909,2.1410071837857423,0.14564491459145446,1.9953622691942878,1.2943728841981805,-0.10403098939391064,1.2943728841981805,0.6456271158018194,0.22771459999999988,1.58,2.5400000000000005
2015-05-01,2.2,2.96,0.12,0.02,3.98,4.89,1.793767,96.766,237.001,5.6,0.26869,2.230539567344344,0.246844005744298,1.9836955616000462,1.2472011216439594,0.03503321824429584,1.2472011216439594,0.9527988783560408,0.4062330000000003,1.7799999999999998,2.6899999999999995
2015-06-01,2.36,3.11,0.13,0.02,4.19,5.13,1.8240356,96.882,237.657,5.3,0.35670454545454544,2.463642619438915,0.4864227915929482,1.9772198278459667,1.254154386404971,0.1795718097550525,1.254154386404971,1.105845613595029,0.5359643999999999,1.8300000000000005,2.77
2015-07-01,2.32,3.07,0.13,0.03,4.15,5.2,1.8829511,96.978,238.034,5.2,0.32376363636363636,2.278667778790328,0.24735787661761588,2.031309902172712,1.1789500041732737,0.22568611104094582,1.1789500041732737,1.1410499958267262,0.43704889999999974,1.8300000000000005,2.8800000000000003
2015-08-01,2.17,2.86,0.14,0.07,4.04,5.19,1.817785,97.056,238.033,5.1,0.23001904761904762,2.307652954207596,0.26239537167870575,2.0452575825288903,1.2212546279397163,0.2413037985344868,1.2212546279397163,0.9487453720602836,0.35221499999999994,1.87,3.0200000000000005
2015-09-01,2.17,2.95,0.14,0.02,4.07,5.34,1.83859304,97.196,237.498,5.0,0.23213333333333336,2.1375122799467414,0.2011855510130307,1.9363267289337107,1.2321248164310905,0.008842961634170088,1.2321248164310905,0.9378751835689094,0.33140696000000003,1.9000000000000004,3.17
2015-10-01,2.07,2.89,0.12,0.02,3.95,5.34,1.7425951,97.228,237.733,5.0,0.17631904761904763,2.245275036472697,0.18018630083022735,2.06508873564247,1.1779886779886617,0.12761656067050708,1.1779886779886617,0.8920113220113381,0.3274048999999999,1.8800000000000003,3.27
2015-11-01,2.26,3.03,0.12,0.12,4.06,5.46,1.802926,97.332,238.017,5.1,0.28039473684210525,2.319664179687109,0.12863228876317123,2.191031890923938,1.1967020513407034,0.4363182169185187,1.1967020513407034,1.0632979486592964,0.45707399999999976,1.7999999999999998,3.2
2015-12-01,2.24,2.97,0.24,0.23,3.97,5.46,1.81273123,97.396,237.761,5.0,0.24322272727272728,2.384148354658756,0.1088375365987444,2.2753108180600115,1.191700692994213,0.6387247515364791,1.191700692994213,1.048299307005787,0.4272687700000002,1.73,3.2199999999999998
2016-01-01,2.09,2.86,0.34,0.26,4.0,5.45,1.85042813,97.567,237.652,4.8,0.1490578947368421,2.0237218088107727,-0.024016760456450292,2.047738569267223,1.4062402560957699,1.2375025026943876,1.4062402560957699,0.68375974390423,0.2395718699999998,1.9100000000000001,3.3600000000000003
2016-02-01,1.78,2.62,0.38,0.31,3.96,5.34,1.7071694,97.736,237.336,4.9,-0.030940000000000002,1.8408408543112953,-0.24942475623499027,2.0902656105462856,1.4658859681907055,0.8472775790126619,1.4658859681907055,0.31411403180929454,0.07283060000000008,2.1799999999999997,3.5599999999999996
2016-03-01,1.89,2.68,0.36,0.29,3.82,5.13,1.64890624,97.876,238.08,5.0,0.03745909090909091,1.8600128301479557,-0.17368516533093126,2.033697995478887,1.4574479112677619,0.8916160965521946,1.4574479112677619,0.43255208873223805,0.24109375999999982,1.93,3.24
2016-04-01,1.81,2.62,0.37,0.23,3.62,4.79,1.71603963,98.117,238.992,5.1,-0.010442857142857143,1.8933099273219416,-0.19023669832390833,2.08354662564585,1.5199486797450534,1.1726257503534843,1.5199486797450534,0.2900513202549466,0.09396037000000002,1.81,2.98
2016-05-01,1.81,2.63,0.37,0.27,3.65,4.68,1.74893221,98.284,239.557,4.8,-0.006352380952380952,1.9157008605604047,-0.29137837529974475,2.2070792358601494,1.5687328193787042,1.0784764621246223,1.5687328193787042,0.24126718062129582,0.061067790000000066,1.8399999999999999,2.8699999999999997
2016-06-01,1.64,2.45,0.38,0.27,3.5,4.53,1.72374515,98.386,240.222,4.9,-0.09436363636363637,1.5372480307301395,-0.5183525300222522,2.0556005607523917,1.5524039553270974,1.0792865347959424,1.5524039553270974,0.0875960446729025,-0.08374515000000016,1.86,2.8900000000000006
2016-07-01,1.5,2.23,0.39,0.3,3.28,4.22,1.63004592,98.529,240.101,4.8,-0.17414000000000002,1.5007632013658816,-0.6210242027415898,2.1217874041074714,1.5993318072140106,0.8683633430518256,1.5993318072140106,-0.09933180721401058,-0.13004591999999993,1.7799999999999998,2.7199999999999998
2016-08-01,1.56,2.26,0.4,0.3,3.32,4.24,1.64768851,98.703,240.545,4.9,-0.14408260869565218,1.624701636500746,-0.6226821725967471,2.247383809097493,1.6969584569733076,1.0553158595656864,1.6969584569733076,-0.13695845697330755,-0.08768851,1.7599999999999998,2.68
2016-09-01,1.63,2.35,0.4,0.29,3.41,4.31,1.72789683,98.834,241.176,5.0,-0.10748095238095237,1.6455861474373017,-0.5282793747958592,2.173865522233161,1.6852545372237682,1.5486446201652182,1.6852545372237682,-0.055254537223768274,-0.09789683000000005,1.7800000000000002,2.6799999999999997
2016-10-01,1.76,2.5,0.4,0.33,3.51,4.38,1.70459005,98.961,241.741,4.9,-0.047635,1.8903307012756831,-0.28128247251058247,2.1716131737862656,1.7824083597317797,1.685924966243646,1.7824083597317797,-0.02240835973177968,0.05540995000000004,1.7499999999999998,2.62
2016-11-01,2.14,2.86,0.41,0.45,3.86,4.71,1.75829573,99.005,242.026,4.7,0.14154,2.477734344572554,0.13238209284881686,2.345352251723737,1.7188591624542893,1.6843334719788938,1.7188591624542893,0.42114083754571086,0.3817042700000002,1.7199999999999998,2.57
2016-12-01,2.49,3.11,0.54,0.51,4.06,4.83,1.95369171,99.12,242.637,4.7,0.34254285714285715,2.5564184326999264,0.18362566428868243,2.372792768411244,1.770093227647962,2.0507989115119862,1.770093227647962,0.7199067723520383,0.5363082900000002,1.5699999999999994,2.34
2017-01-01,2.43,3.02,0.65,0.51,3.92,4.66,1.92241681,99.385,243.618,4.7,0.306725,2.5327613077837854,0.17638832885400246,2.356372978929783,1.863334939067518,2.5103933482571117,1.863334939067518,0.5666650609324821,0.5075831900000001,1.4899999999999998,2.23
2017-02-01,2.42,3.03,0.66,0.52,3.95,4.64,1.92235723,99.561,244.006,4.6,0.2960894736842105,2.440556482901292,0.014822364345309147,2.4257341185559826,1.867275108455435,2.8103616813294208,1.867275108455435,0.5527248915445648,0.4976427699999999,1.5300000000000002,2.2199999999999998
2017-03-01,2.48,3.08,0.79,0.74,4.01,4.68,1.88654098,99.519,243.892,4.4,0.28672608695652174,2.473507912771643,-0.004893638882947027,2.47840155165459,1.6786546242183897,2.44119623655914,1.6786546242183897,0.8013453757816102,0.5934590200000001,1.5299999999999998,2.1999999999999997
2017-04-01,2.3,2.94,0.9,0.8,3.87,4.57,1.85758237,99.723,244.193,4.4,0.15942105263157894,2.354743133387396,-0.08993193016751233,2.444675063554908,1.6368213459441172,2.176223471915395,1.6368213459441172,0.6631786540558826,0.4424176299999998,1.5700000000000003,2.2700000000000005
2017-05-01,2.3,2.96,0.91,0.89,3.85,4.55,1.84054543,99.803,244.004,4.4,0.14254999999999998,2.2669606671040032,-0.20754875009862062,2.474509417202624,1.545521142810613,1.8563431667619756,1.545521142810613,0.7544788571893868,0.4594545699999999,1.5500000000000003,2.25
2017-06-01,2.19,2.8,1.04,0.98,3.68,4.37,1.73020088,99.937,244.163,4.3,0.0562,2.3616516996079033,-0.17140359293885066,2.533055292546754,1.5764438029800987,1.640565809959127,1.5764438029800987,0.6135561970199013,0.45979912,1.4900000000000002,2.18
2017-07-01,2.32,2.88,1.15,1.07,3.7,4.39,1.84955694,100.01,244.243,4.3,0.11113500000000001,2.3509080914620903,-0.12805337009209028,2.4789614615541806,1.5031107592688553,1.7251073506566073,1.5031107592688553,0.8168892407311446,0.4704430599999998,1.3800000000000003,2.07
2017-08-01,2.21,2.8,1.16,1.01,3.63,4.31,1.8153385,100.118,245.183,4.4,0.05980869565217391,2.1600156562567707,-0.32902147337971055,2.4890371296364813,1.433593710424197,1.92812155729698,1.433593710424197,0.776406289575803,0.3946615,1.42,2.0999999999999996
2017-09-01,2.2,2.78,1.15,1.03,3.63,4.3,1.84386995,100.24,246.435,4.3,0.04881,2.367119932472882,-0.2139308261377666,2.581050758610649,1.4225873687192525,2.1805652303711787,1.4225873687192525,0.7774126312807477,0.3561300500000002,1.4299999999999997,2.0999999999999996
2017-10-01,2.36,2.88,1.15,1.07,3.6,4.32,1.89298914,100.486,246.626,4.2,0.12635238095238094,2.4033914358043056,-0.2642638911972224,2.667655327001528,1.5410111053849596,2.020757753132485,1.5410111053849596,0.8189888946150403,0.4670108599999998,1.2400000000000002,1.9600000000000004
2017-11-01,2.35,2.8,1.16,1.23,3.57,4.27,1.92496508,100.535,247.284,4.2,0.1068095238095238,2.4533151000052786,-0.35646770271172246,2.809782802717001,1.5453764961365524,2.172493864295566,1.5453764961365524,0.8046235038634477,0.4250349200000001,1.2199999999999998,1.9199999999999995
2017-12-01,2.4,2.77,1.3,1.32,3.51,4.22,2.01118703,100.683,247.805,4.1,0.126465,2.436424803076297,-0.4748034623046391,2.9112282653809363,1.5768765133171936,2.129930719552253,1.5768765133171936,0.8231234866828063,0.38881297000000004,1.1099999999999999,1.8199999999999998
2018-01-01,2.58,2.88,1.41,1.41,3.55,4.26,1.95641907,101.007,248.859,4.0,0.20057142857142857,2.7316304285455955,-0.3455049491062949,3.0771353776518904,1.6320370277204788,2.151318868063945,1.6320370277204788,0.9479629722795213,0.6235809300000001,0.9699999999999998,1.6799999999999997
2018-02-01,2.86,3.13,1.42,1.57,3.82,4.51,2.07333165,101.198,249.529,4.1,0.321,2.9032548394914723,-0.20717042304903366,3.110425262540506,1.6442181175359671,2.263468931091861,1.6442181175359671,1.2157818824640327,0.7866683499999998,0.96,1.65
2018-03-01,2.84,3.09,1.51,1.7,3.87,4.64,1.97024161,101.419,249.577,4.0,0.2882619047619047,2.7447295476754934,-0.41063098587345737,3.1553605335489507,1.909183171052753,2.3309497646499366,1.909183171052753,0.9308168289472469,0.8697583899999999,1.0300000000000002,1.7999999999999998
2018-04-01,2.87,3.07,1.69,1.76,3.85,4.67,1.98436343,101.602,250.227,4.0,0.28833333333333333,2.9411109495219843,-0.34466332612052364,3.285774275642508,1.8842192874261698,2.4709963021052994,1.8842192874261698,0.9857807125738303,0.8856365700000002,0.98,1.7999999999999998
2018-05-01,2.98,3.13,1.7,1.86,4.0,4.83,2.09161804,101.78,250.792,3.8,0.33442727272727274,2.833427392769477,-0.4175915291889636,3.2510189219584404,1.9809023776840462,2.781921607842497,1.9809023776840462,0.9990976223159538,0.8883819599999998,1.02,1.85
2018-06-01,2.91,3.05,1.82,1.9,3.96,4.83,2.04590296,101.872,251.018,4.0,0.2913,2.874388340128179,-0.3834832193477751,3.257871559475954,1.9362198184856405,2.8075506935940187,1.9362198184856405,0.9737801815143596,0.8640970400000003,1.0499999999999998,1.92
2018-07-01,2.89,3.01,1.91,1.96,3.87,4.79,2.09571821,102.006,251.214,3.8,0.26717142857142856,2.957759261806996,-0.3727420305809064,3.3305012923879023,1.9958004199579937,2.854124785561929,1.9958004199579937,0.8941995800420064,0.7942817900000003,0.98,1.9
2018-08-01,2.89,3.04,1.91,2.03,3.88,4.77,2.14036185,102.016,251.663,3.8,0.24713913043478258,2.857482275248518,-0.45599588382931655,3.3134781590778344,1.8957629996604108,2.6429238568742575,1.8957629996604108,0.9942370003395893,0.74963815,0.9899999999999998,1.8799999999999994
2018-09-01,3.0,3.15,1.95,2.13,3.98,4.88,2.13615266,102.205,252.182,3.7,0.28568421052631576,3.05095107044949,-0.34865446233853614,3.3996055327880264,1.9602952913008842,2.332055105808828,1.9602952913008842,1.0397047086991158,0.86384734,0.98,1.88
2018-10-01,3.15,3.34,2.19,2.25,4.14,5.07,2.16677604,102.366,252.772,3.8,0.33627727272727276,3.155241840792009,-0.22198461182723284,3.377226452619242,1.8709073900841755,2.492032470218053,1.8709073900841755,1.2790926099158244,0.9832239600000001,0.9899999999999998,1.9200000000000004
2018-11-01,3.12,3.36,2.2,2.33,4.22,5.22,2.15417847,102.556,252.594,3.8,0.296625,2.9987256397185735,-0.378351725817069,3.3770773655356425,2.0102451882429095,2.147328577667773,2.0102451882429095,1.1097548117570906,0.9658215299999999,1.0999999999999996,2.0999999999999996
2018-12-01,2.83,3.1,2.27,2.37,4.02,5.13,2.09134924,102.735,252.767,3.9,0.13123157894736842,2.699978569953877,-0.5342895348759376,3.2342681048298147,2.0380799141860972,2.0023809043401064,2.0380799141860972,0.7919200858139028,0.7386507600000001,1.1899999999999995,2.3
2019-01-01,2.71,3.04,2.4,2.37,3.93,5.12,1.95832446,102.87,252.561,4.0,0.054747619047619045,2.614856368414412,-0.5933064489179576,3.2081628173323695,1.844426623897344,1.4875893578291333,1.844426623897344,0.8655733761026561,0.7516755399999999,1.2200000000000002,2.41
2019-02-01,2.68,3.02,2.4,2.39,3.79,4.95,1.97069441,102.963,253.319,3.8,0.03477368421052631,2.721440747672293,-0.5215203556378563,3.242961103310149,1.7441056147354805,1.5188615351321877,1.7441056147354805,0.9358943852645196,0.7093055900000003,1.1099999999999999,2.27
2019-03-01,2.57,2.98,2.41,2.4,3.77,4.84,1.69207771,103.058,254.277,3.8,-0.02322857142857143,2.411226066675461,-0.7122676161052706,3.1234936827807314,1.61606799514884,1.8831863513063984,1.61606799514884,0.9539320048511599,0.8779222899999999,1.2000000000000002,2.27
2019-04-01,2.53,2.94,2.42,2.38,3.69,4.7,1.74737586,103.265,255.233,3.7,-0.041223809523809524,2.521665153650998,-0.5607175640916862,3.0823827177426844,1.6367788035668518,2.000583470209061,1.6367788035668518,0.893221196433148,0.7826241399999998,1.1600000000000001,2.1700000000000004
2019-05-01,2.4,2.82,2.39,2.35,3.67,4.63,1.80265678,103.371,255.296,3.6,-0.10613636363636364,2.1609171310936963,-0.8184275912230592,2.9793447223167555,1.563175476517964,1.7959105553606136,1.563175476517964,0.836824523482036,0.59734322,1.27,2.23
2019-06-01,2.07,2.57,2.38,2.17,3.42,4.46,1.63705342,103.56,255.213,3.6,-0.24891999999999997,2.0157389638954,-0.8146717236022707,2.830410687497671,1.6569813098790576,1.671194894390049,1.6569813098790576,0.4130186901209423,0.43294657999999986,1.35,2.39
2019-07-01,2.06,2.57,2.4,2.1,3.29,4.28,1.67609847,103.678,255.802,3.7,-0.23975,2.0138527611764125,-0.9235299067677185,2.937382667944131,1.6391192674940713,1.826331335037068,1.6391192674940713,0.4208807325059287,0.38390153000000016,1.23,2.22
2019-08-01,1.63,2.12,2.13,1.95,2.98,3.87,1.65909585,103.797,256.036,3.6,-0.4218318181818182,1.5151276593913887,-1.2825435249686539,2.7976711843600426,1.745804579673771,1.7376412106666406,1.745804579673771,-0.115804579673771,-0.029095850000000034,1.35,2.24
2019-09-01,1.7,2.16,2.04,1.89,3.03,3.91,1.56044845,103.873,256.43,3.5,-0.37432,1.6872541485233299,-1.1499520192612107,2.8372061677845406,1.6320140893302693,1.6844977040391562,1.6320140893302693,0.0679859106697307,0.13955154999999997,1.3299999999999998,2.21
2019-10-01,1.71,2.19,1.83,1.65,3.01,3.92,1.64198724,104.028,257.155,3.6,-0.32750454545454544,1.6919276284448503,-1.0424958598746803,2.7344234883195306,1.6235859562745425,1.7339736996186295,1.6235859562745425,0.08641404372545747,0.06801276,1.2999999999999998,2.21
2019-11-01,1.81,2.28,1.55,1.54,3.06,3.94,1.67935282,104.092,257.879,3.6,-0.23682631578947366,1.7985367846419158,-1.0005674273449445,2.7991042119868603,1.4977183197472543,2.092290394862917,1.4977183197472543,0.3122816802527457,0.13064717999999997,1.25,2.13
2019-12-01,1.86,2.3,1.55,1.54,3.01,3.88,1.7145255,104.322,258.63,3.6,-0.20764285714285716,1.954156588401487,-0.7789052390907025,2.7330618274921896,1.544751058548699,2.3195274699624457,1.544751058548699,0.3152489414513011,0.14547450000000017,1.1499999999999997,2.0199999999999996
2020-01-01,1.76,2.22,1.55,1.52,2.94,3.77,1.7346773,104.507,259.127,3.6,-0.26535238095238095,1.5196375808820617,-1.1123337650579461,2.631971345940008,1.5913288616700605,2.599767976845202,1.5913288616700605,0.16867113832993952,0.02532270000000003,1.18,2.01
2020-02-01,1.5,1.97,1.58,1.52,2.78,3.61,1.61900368,104.711,259.25,3.5,-0.40367368421052635,1.138533218206642,-1.2755309039600762,2.4140641221667183,1.6976972310441596,2.3413166797595197,1.6976972310441596,-0.1976972310441596,-0.11900368000000006,1.2799999999999998,2.11
2020-03-01,0.87,1.46,0.65,0.29,3.02,4.29,1.26977517,104.632,258.076,4.4,-0.47294545454545456,0.773943467954088,-1.189659808965247,1.963603276919335,1.5272953094374042,1.4940399642909163,1.5272953094374042,-0.6572953094374042,-0.39977516999999996,2.15,3.42
2020-04-01,0.66,1.27,0.05,0.14,2.43,4.13,1.15834975,104.293,256.032,14.8,-0.559052380952381,0.6843538415397543,-1.283078097376202,1.9674319389159562,0.9954970222243897,0.3130472940411133,0.9954970222243897,-0.3354970222243897,-0.4983497499999999,1.77,3.4699999999999998
2020-05-01,0.67,1.38,0.05,0.13,2.5,3.95,1.16234276,104.402,255.802,13.2,-0.573475,0.6700283986734201,-1.2393599562352422,1.9093883549086623,0.9973783749794407,0.1982013035848551,0.9973783749794407,-0.32737837497944067,-0.49234276,1.83,3.2800000000000002
2020-06-01,0.73,1.49,0.08,0.16,2.44,3.64,1.23186673,104.565,257.042,11.0,-0.5665818181818182,0.6690020916680972,-1.2168049944853399,1.885807086153437,0.9704519119350996,0.7166562831830481,0.9704519119350996,-0.24045191193509963,-0.5018667299999999,1.71,2.91
2020-07-01,0.62,1.31,0.09,0.13,2.14,3.31,1.34690049,104.937,258.352,10.2,-0.6144318181818181,0.5409949080244913,-1.3605565569097922,1.9015514649342835,1.2143366963097257,0.9968647625897997,1.2143366963097257,-0.5943366963097257,-0.7269004899999999,1.52,2.69
2020-08-01,0.65,1.36,0.1,0.1,2.25,3.27,1.34095578,105.243,259.316,8.4,-0.6078047619047618,0.7169570494858346,-1.0997024151252437,1.8166594646110783,1.3931038469319867,1.2810698495523853,1.3931038469319867,-0.7431038469319867,-0.69095578,1.6,2.62
2020-09-01,0.68,1.42,0.09,0.11,2.31,3.36,1.35099923,105.41,259.997,7.8,-0.5978619047619047,0.674083992856287,-1.1660571205275587,1.8401411133838457,1.4796915464076354,1.3910228912373812,1.4796915464076354,-0.7996915464076354,-0.67099923,1.63,2.6799999999999997
2020-10-01,0.79,1.57,0.09,0.1,2.35,3.44,1.33753773,105.507,260.319,6.9,-0.5468380952380952,0.8886890375260875,-0.9051347773092505,1.793823814835338,1.4217326104510208,1.2303863428671624,1.4217326104510208,-0.6317326104510208,-0.54753773,1.56,2.65
2020-11-01,0.87,1.62,0.09,0.09,2.3,3.3,1.37663264,105.605,260.911,6.7,-0.49895263157894737,0.8463450160365138,-0.9575769890071917,1.8039220050437055,1.453521884486797,1.1757452138405844,1.453521884486797,-0.583521884486797,-0.50663264,1.4299999999999997,2.4299999999999997
2020-12-01,0.93,1.67,0.09,0.09,2.26,3.16,1.41717038,105.896,262.045,6.7,-0.4784818181818182,0.9246693401596445,-0.8027205820064819,1.7273899221661264,1.508790092214496,1.3204191315779434,1.508790092214496,-0.5787900922144958,-0.4871703799999999,1.3299999999999996,2.23
2021-01-01,1.08,1.82,0.09,0.08,2.45,3.24,1.37942385,106.281,262.687,6.4,-0.41485263157894736,1.1268103640273897,-0.5229286140047356,1.6497389780321252,1.6974939477738316,1.3738437137002402,1.6974939477738316,-0.6174939477738315,-0.29942384999999994,1.37,2.16
2021-02-01,1.26,2.04,0.08,0.04,2.7,3.42,1.42757598,106.501,263.579,6.2,-0.32094736842105265,1.543856737797276,-0.10409795397050337,1.6479546917677794,1.7094670091967412,1.6698167791706853,1.7094670091967412,-0.4494670091967412,-0.16757598000000007,1.4400000000000002,2.16
2021-03-01,1.61,2.34,0.07,0.03,3.04,3.74,1.4974036,106.933,264.961,6.1,-0.10919130434782609,1.867343998808512,0.2989816470700484,1.5683623517384637,2.1991360195733556,2.6678187820641908,2.1991360195733556,-0.5891360195733555,0.11259640000000015,1.43,2.13
2021-04-01,1.64,2.3,0.07,0.02,2.9,3.6,1.58314707,107.558,266.614,6.1,-0.08434090909090909,1.7540489218850446,0.16675425831590873,1.5872946635691358,3.1306032044336574,4.133077115360573,3.1306032044336574,-1.4906032044336575,0.0568529299999998,1.26,1.9600000000000002
2021-05-01,1.62,2.32,0.06,0.02,2.96,3.62,1.57835302,108.099,268.383,5.8,-0.09831999999999999,1.6892532111297647,0.13789672232882633,1.5513564888009383,3.5411199019175887,4.918257089467626,3.5411199019175887,-1.9211199019175886,0.04164698000000011,1.3399999999999999,2.0
2021-06-01,1.52,2.16,0.08,0.04,2.79,3.44,1.59628851,108.603,270.654,5.9,-0.1325318181818182,1.5319911189540074,-0.2647928999021849,1.7967840188561923,3.8617128102137466,5.295632620349999,3.8617128102137466,-2.3417128102137466,-0.07628850999999992,1.27,1.92
2021-07-01,1.32,1.94,0.1,0.05,2.57,3.24,1.62481074,109.058,271.903,5.4,-0.22696666666666668,1.3008000365456884,-0.4847458939721998,1.7855459305178882,3.92711817566731,5.245169381309234,3.92711817566731,-2.60711817566731,-0.30481073999999997,1.2499999999999998,1.9200000000000002
2021-08-01,1.28,1.92,0.09,0.05,2.55,3.24,1.58016294,109.409,272.676,5.1,-0.24381818181818182,1.3572063753174213,-0.4801027950098702,1.8373091703272915,3.9584580447155737,5.152015301793966,3.9584580447155737,-2.6784580447155735,-0.3001629399999999,1.2699999999999998,1.9600000000000002
2021-09-01,1.37,1.94,0.08,0.04,2.53,3.23,1.64278592,109.641,273.91,4.7,-0.19274761904761903,1.5923177779680642,-0.3047974370347495,1.8971152150028137,4.013850678303776,5.351215590949132,4.013850678303776,-2.6438506783037763,-0.2727859199999998,1.1599999999999997,1.8599999999999999
2021-10-01,1.58,2.06,0.08,0.05,2.68,3.35,1.61273952,110.188,276.55,4.5,-0.059550000000000006,1.6294263534951186,-0.47223058894649217,2.1016569424416107,4.436672448273571,6.235042390298062,4.436672448273571,-2.856672448273571,-0.03273952000000002,1.1,1.77
2021-11-01,1.56,1.94,0.08,0.05,2.62,3.28,1.75849648,110.77,278.919,4.1,-0.04061,1.4924073630912094,-0.7134089229847473,2.2058162860759567,4.8908669097107005,6.901970403700863,4.8908669097107005,-3.3308669097107004,-0.19849647999999998,1.06,1.7199999999999998
2021-12-01,1.47,1.85,0.08,0.06,2.65,3.3,1.75897506,111.418,280.845,3.9,-0.0761090909090909,1.585233702492273,-0.6704269320543084,2.2556606345465813,5.2145501246505965,7.174340285065539,5.2145501246505965,-3.744550124650597,-0.28897506000000006,1.18,1.8299999999999998
2022-01-01,1.76,2.1,0.08,0.15,2.93,3.58,1.7965635,111.976,282.543,4.0,0.066815,1.8629694818798852,-0.6493954110431621,2.5123648929230473,5.35843659732218,7.558805726967832,5.35843659732218,-3.5984365973221806,-0.03656349999999997,1.1700000000000002,1.82
2022-02-01,1.93,2.25,0.08,0.33,3.25,3.97,1.92112169,112.468,284.5,3.9,0.12541578947368423,1.88075522519256,-0.7840587271660981,2.6648139523586583,5.602764293293028,7.937278766517819,5.602764293293028,-3.672764293293028,0.008878309999999834,1.32,2.04
2022-03-01,2.13,2.41,0.2,0.44,3.43,4.29,1.94721641,112.914,287.674,3.7,0.20977391304347826,2.3404361523308186,-0.8502619208807367,3.1906980732115553,5.593221924008485,8.572204966013853,5.593221924008485,-3.4632219240084847,0.18278358999999988,1.3000000000000003,2.16
2022-04-01,2.75,2.81,0.33,0.76,3.76,4.66,2.21125412,113.307,288.561,3.7,0.480945,2.9421424142684915,-0.38463116513790974,3.3267735794064013,5.345023150300299,8.231750770777225,5.345023150300299,-2.5950231503002987,0.53874588,1.0099999999999998,1.9100000000000001
2022-05-01,2.9,3.07,0.77,0.98,4.13,5.12,2.37039462,113.703,291.298,3.6,0.5111238095238095,2.901275397817618,-0.37674159333928436,3.2780169911569024,5.184136763522318,8.538171195642065,5.184136763522318,-2.284136763522318,0.52960538,1.23,2.22
2022-06-01,3.14,3.25,1.21,1.49,4.24,5.27,2.40126382,114.376,294.957,3.6,0.5320904761904762,3.103024005377135,-0.33786233448428593,3.440886339861421,5.31569109508947,8.979361103105798,5.31569109508947,-2.1756910950894697,0.7387361800000001,1.1,2.1299999999999994
2022-07-01,2.9,3.1,1.68,2.23,4.06,5.21,2.22257318,114.628,294.913,3.5,0.227425,2.682386218615334,-0.8671265301320097,3.5495127487473437,5.107374057840786,8.462576727730099,5.107374057840786,-2.2073740578407857,0.67742682,1.1599999999999997,2.31
2022-08-01,2.9,3.13,2.33,2.63,4.07,5.15,2.09959153,115.276,295.097,3.6,0.14206086956521738,3.177089150937218,-0.7485482028612269,3.925637353798445,5.362447330658338,8.222579178218826,5.362447330658338,-2.4624473306583377,0.8004084699999998,1.1700000000000004,2.2500000000000004
2022-09-01,3.52,3.56,2.56,3.13,4.59,5.69,2.36598926,115.788,296.349,3.5,0.3781047619047619,3.8619367807856784,-0.5059141372545857,4.367850918040264,5.606479327988612,8.192106896425821,5.606479327988612,-2.0864793279886116,1.15401074,1.0699999999999998,2.1700000000000004
2022-10-01,3.98,4.04,3.08,3.72,5.1,6.26,2.37080895,116.204,298.007,3.6,0.515035,4.188771129736328,-0.19650267840420188,4.38527380814053,5.459759683450094,7.758813957693,5.459759683450094,-1.479759683450094,1.6091910500000002,1.1199999999999997,2.28
2022-11-01,3.89,4.0,3.78,4.15,4.9,6.07,2.45466999,116.539,298.786,3.6,0.36660499999999996,3.65726477864157,-0.7425711743186887,4.399835952960259,5.20808883271644,7.122856456533988,5.20808883271644,-1.3180888327164397,1.43533001,1.0100000000000002,2.18
2022-12-01,3.62,3.66,4.1,4.25,4.43,5.59,2.21937769,116.952,298.832,3.5,0.15212857142857145,3.8531274668837687,-0.5728022275751501,4.425929694458919,4.9668814733705435,6.404600402357152,4.9668814733705435,-1.3468814733705434,1.4006223100000001,0.8099999999999996,1.9699999999999998
2023-01-01,3.53,3.66,4.33,4.54,4.4,5.5,2.28560928,117.505,300.42,3.5,0.04865,3.4878388236506894,-0.7932453416700924,4.281084165320782,4.937665213974429,6.327178517960097,4.937665213974429,-1.4076652139744295,1.2443907199999997,0.8700000000000006,1.9700000000000002
2023-02-01,3.75,3.8,4.57,4.65,4.56,5.59,2.10573941,117.929,301.45,3.6,0.14619473684210527,3.9915833543724344,-0.48777716127760984,4.479360515650044,4.855603371625716,5.957820738137087,4.855603371625716,-1.1056033716257163,1.64426059,0.8099999999999996,1.8399999999999999
2023-03-01,3.66,3.77,4.65,4.69,4.6,5.71,2.25862414,118.315,301.821,3.5,0.11905217391304347,3.5151781298684273,-0.723723720975856,4.238901850844283,4.783286394955444,4.917719362889961,4.783286394955444,-1.1232863949554437,1.4013758600000004,0.9399999999999995,2.05
2023-04-01,3.46,3.68,4.83,4.92,4.47,5.53,2.10348814,118.734,302.845,3.4,-0.047209999999999995,3.4694653372363438,-0.7351654202757971,4.204630757512141,4.789642299240104,4.950079879124369,4.789642299240104,-1.3296422992401045,1.35651186,1.0099999999999998,2.0700000000000003
2023-05-01,3.57,3.86,5.06,5.14,4.67,5.77,2.16281462,119.083,303.334,3.6,-0.050695454545454544,3.677695621713558,-0.6829062377194344,4.360601859432992,4.731625374880166,4.131851231385042,4.731625374880166,-1.1616253748801664,1.40718538,1.1,2.1999999999999997
2023-06-01,3.75,3.87,5.08,5.16,4.65,5.75,1.75489679,119.39,304.014,3.6,0.04671904761904762,3.849941319698729,-0.7612561159781883,4.611197435676917,4.383786808421353,3.070617072997095,4.383786808421353,-0.6337868084213527,1.99510321,0.9000000000000004,2.0
2023-07-01,3.9,3.96,5.12,5.25,4.66,5.74,2.06401319,119.556,304.609,3.5,0.11385,3.9715965658166854,-0.6267195047928937,4.598316070609579,4.299124123250864,3.287749268428297,4.299124123250864,-0.39912412325086377,1.83598681,0.7600000000000002,1.8400000000000003
2023-08-01,4.17,4.28,5.33,5.3,4.95,6.02,2.13876555,119.689,306.082,3.7,0.23707391304347827,4.087760549838528,-0.5120337734138012,4.599794323252329,3.8282036156702226,3.722504803505289,3.8282036156702226,0.3417963843297773,2.03123445,0.7800000000000002,1.8499999999999996
2023-09-01,4.38,4.47,5.33,5.32,5.13,6.16,2.22221813,120.058,307.276,3.7,0.35145,4.671979777079797,0.1493151490774025,4.522664628002395,3.687774208035388,3.687206638119256,3.687774208035388,0.6922257919646118,2.15778187,0.75,1.7800000000000002
2023-10-01,4.8,4.95,5.33,5.34,5.61,6.63,2.36266313,120.241,307.696,3.9,0.5765,4.952755978490779,0.40370422990722865,4.54905174858355,3.4740628549791763,3.2512659098611785,3.4740628549791763,1.3259371450208235,2.4373368699999998,0.8100000000000005,1.83
2023-11-01,4.5,4.66,5.33,5.27,5.28,6.29,2.38411387,120.374,308.148,3.7,0.43838571428571427,4.429580898766953,0.05431303918284858,4.375267859584104,3.2907438711504255,3.1333462745911866,3.2907438711504255,1.2092561288495745,2.11588613,0.7800000000000002,1.79
2023-12-01,4.02,4.14,5.33,5.24,4.74,5.64,2.27841034,120.592,308.741,3.8,0.17982,3.9050568494235383,-0.3374773340795021,4.24253418350304,3.1123879882344996,3.3159099427102934,3.1123879882344996,0.9076120117655,1.7415896599999994,0.7200000000000006,1.62
2024-01-01,4.06,4.26,5.33,5.22,4.87,5.68,2.16450727,121.217,309.698,3.7,0.1909809523809524,4.002123376677922,-0.2065582058945976,4.2086815825725195,3.159014510020852,3.0883429864855705,3.159014510020852,0.9009854899791474,1.8954927299999995,0.8100000000000005,1.62
2024-02-01,4.21,4.38,5.33,5.24,5.03,5.77,2.14620097,121.537,310.967,3.9,0.27992,4.25903156609498,-0.15977852954008842,4.418810095635068,3.059467984974007,3.157074141648697,3.059467984974007,1.150532015025993,2.0637990299999998,0.8200000000000003,1.5599999999999996
2024-03-01,4.21,4.36,5.33,5.24,5.01,5.75,2.21875271,122.009,312.345,3.9,0.27413,4.173903466258945,-0.2657952316822243,4.43969869794117,3.122173857921662,3.4868349120836584,3.122173857921662,1.0878261420783382,1.99124729,0.7999999999999998,1.54
2024-04-01,4.54,4.66,5.33,5.24,5.28,6.0,2.34296136,122.304,313.023,3.9,0.44745454545454544,4.628152290329286,-0.03700974729872897,4.665162037628015,3.006720905553606,3.3607951262196734,3.006720905553606,1.533279094446394,2.19703864,0.7400000000000002,1.46
2024-05-01,4.48,4.62,5.33,5.25,5.25,5.95,2.45150113,122.383,313.175,3.9,0.41604545454545455,4.5088344573264205,0.003616543429621366,4.505217913896799,2.7711764063720334,3.244278584003113,2.7711764063720334,1.708823593627967,2.0284988700000004,0.7699999999999996,1.4699999999999998
2024-06-01,4.31,4.44,5.33,5.24,5.13,5.82,2.36706367,122.677,313.044,4.1,0.31675789473684207,4.328201388467359,-0.12561196454316903,4.453813353010528,2.7531619063573265,2.9702579486470926,2.7531619063573265,1.5568380936426731,1.9429363299999998,0.8200000000000003,1.5100000000000007
2024-07-01,4.25,4.46,5.33,5.2,5.12,5.84,2.36818604,122.911,313.569,4.2,0.2892363636363636,4.071787743485967,-0.11576558555775751,4.187553329043724,2.8062163337682744,2.9414757935583014,2.8062163337682744,1.4437836662317256,1.8818139600000001,0.8700000000000001,1.5899999999999999
2024-08-01,3.87,4.15,5.33,5.05,4.87,5.6,2.16406862,123.128,314.062,4.2,0.11992727272727272,3.903169439525845,-0.12867776433735933,4.0318472038632045,2.873279917118543,2.607144490692037,2.873279917118543,0.9967200828814571,1.70593138,1.0,1.7299999999999995
2024-09-01,3.72,4.04,5.13,4.72,4.68,5.42,2.12450669,123.466,314.732,4.1,0.100675,3.783841451296626,-0.1133305374332414,3.8971719887298675,2.838627996468368,2.4264830315416708,2.838627996468368,0.8813720035316321,1.5954933100000002,0.9599999999999995,1.6999999999999997
2024-10-01,4.1,4.38,4.83,4.51,4.95,5.63,2.11629084,123.832,315.631,4.1,0.36074999999999996,4.29661254884815,0.16136677641683583,4.135245772431314,2.9865021082658982,2.578844053871343,2.9865021082658982,1.1134978917341014,1.9837091599999996,0.8500000000000005,1.5300000000000002
2024-11-01,4.36,4.54,4.64,4.42,5.14,5.78,2.3321638,123.962,316.528,4.2,0.535778947368421,4.1860785421518605,0.08126448412764287,4.104814058024218,2.980710120125618,2.719472461284833,2.980710120125618,1.3792898798743822,2.0278362000000003,0.7799999999999994,1.42
2024-12-01,4.39,4.58,4.48,4.27,5.2,5.8,2.32446872,124.196,317.604,4.1,0.575852380952381,4.586563886193372,0.47860069722854437,4.107963188964828,2.9885896245190446,2.870690967509981,2.9885896245190446,1.401410375480955,2.0655312799999996,0.8100000000000005,1.4100000000000001
2025-01-01,4.63,4.85,4.33,4.21,5.46,6.08,2.4442605,124.587,318.961,4.0,0.7229666666666666,4.594718847488179,0.4881837086553311,4.1065351388328475,2.7801380994415092,2.9909783078999608,2.7801380994415092,1.8498619005584906,2.1857395,0.8300000000000001,1.4500000000000002
2025-02-01,4.45,4.68,4.33,4.22,5.32,5.92,2.46766707,125.145,319.679,4.2,0.6215947368421052,4.255175017312108,0.2590502597725819,3.996124757539526,2.9686432938117457,2.8015834477613355,2.9686432938117457,1.4813567061882544,1.98233293,0.8700000000000001,1.4699999999999998
2025-03-01,4.28,4.6,4.33,4.2,5.29,5.93,2.29565598,125.267,319.785,4.2,0.5254142857142857,4.25137234495187,0.3687406145089174,3.8826317304429523,2.670294814316976,2.381981462805549,2.670294814316976,1.6097051856830245,1.9843440200000004,1.0099999999999998,1.6499999999999995
2025-04-01,4.28,4.71,4.33,4.21,5.45,6.18,2.35127536,125.502,320.302,4.2,0.5087714285714287,4.218418734964797,0.5917044723972782,3.626714262567519,2.614795918367352,2.32538823025783,2.614795918367352,1.6652040816326483,1.9287246400000004,1.17,1.8999999999999995
2025-05-01,4.42,4.9,4.33,4.25,5.54,6.29,2.30900499,125.79,320.62,4.3,0.5682619047619047,4.465783098860814,0.7378299693916119,3.727953129469202,2.783883382495933,2.3772651073680873,2.783883382495933,1.636116617504067,2.11099501,1.12,1.87
2025-06-01,4.38,4.89,4.33,4.23,5.46,6.15,2.34697544,126.121,321.435,4.1,0.538,4.280867063766406,0.6222613146137288,3.6586057491526773,2.8073722050588,2.680453865910226,2.8073722050588,1.5726277949411998,2.03302456,1.08,1.7700000000000005
2025-07-01,4.39,4.92,4.33,4.25,5.45,6.1,2.33880069,126.43,322.169,4.3,0.5327909090909091,4.398212790591842,0.631535189933337,3.7666776006585048,2.86304724556794,2.742618052167134,2.86304724556794,1.5269527544320596,2.05119931,1.0600000000000005,1.71
2025-08-01,4.26,4.87,4.33,4.12,5.35,6.0,2.27835771,126.714,323.291,4.3,0.4890285714285715,4.273507562341996,0.7737631341340925,3.499744428207903,2.912416347215907,2.9385917430316155,2.912416347215907,1.3475836527840928,1.98164229,1.0899999999999999,1.7400000000000002
2025-09-01,4.12,4.74,4.22,3.92,5.21,5.83,2.29884242,126.954,324.245,4.4,0.46152380952380956,4.19873883743195,0.6122208621621361,3.586517975269814,2.825069249833967,3.0225715847133294,2.825069249833967,1.2949307501660332,1.82115758,1.0899999999999999,1.71
2025-10-01,4.06,4.64,4.09,3.82,5.13,5.74,2.29642109,127.243,,,0.46419090909090904,4.153634967280359,0.5641778901187768,3.5894570771615824,2.75453840687383,,2.75453840687383,1.3054615931261697,1.7635789099999997,1.0700000000000003,1.6800000000000006
2025-11-01,4.09,4.7,3.88,3.78,5.26,5.86,2.30712971,127.469,325.063,4.5,0.4849722222222222,4.08327546885282,0.5838603825158448,3.4994150863369753,2.8290927864990767,2.6964439164939513,2.8290927864990767,1.2609072135009232,1.78287029,1.17,1.7700000000000005
2025-12-01,4.14,4.8,3.72,3.59,5.31,5.9,2.347133,127.886,326.031,4.4,0.5498227272727273,4.244752562677549,0.7524320817205608,3.4923204809569883,2.971110180682146,2.653304114557753,2.971110180682146,1.1688898193178536,1.7928669999999998,1.17,1.7600000000000007
2026-01-01,4.21,4.84,3.64,3.57,5.34,5.88,2.33188071,128.455,326.588,4.3,0.601145,4.313853451631777,0.7662795072623085,3.5475739443694687,3.104657789335974,2.391201432150014,3.104657789335974,1.105342210664026,1.8781192899999999,1.13,1.67
2026-02-01,4.13,4.76,3.64,3.6,5.3,5.81,2.37049821,128.961,327.46,4.4,0.5497736842105263,4.030717929138998,0.5971382885267493,3.4335796406122485,3.0492628550881085,2.4340041103732224,3.0492628550881085,1.0807371449118914,1.7595017899999998,1.17,1.6799999999999997
2026-03-01,4.25,4.85,3.64,3.61,5.48,6.04,2.19472618,129.343,330.293,4.3,0.6098727272727273,4.346798255812253,0.6539226834941174,3.6928755723181355,3.253849776876594,3.2859577528651984,3.253849776876594,0.9961502231234061,2.05527382,1.2300000000000004,1.79
2026-04-01,4.32,4.91,3.64,3.61,5.42,6.03,2.41878465,129.681,332.407,4.3,0.6520045454545454,4.447571843124193,0.7188690339958068,3.728702809128386,3.3298274131089656,3.7792458367415627,3.3298274131089656,0.9901725868910347,1.9012153500000002,1.0999999999999996,1.71
2026-05-01,4.48,5.03,3.63,3.6,5.56,6.1,2.4874849,130.147,333.979,4.3,0.765515,4.5127858742537885,0.6648066493890821,3.8479792248647064,3.463709356864597,4.166614684049641,3.463709356864597,1.0162906431354033,1.9925151000000003,1.0799999999999992,1.6199999999999992
2026-06-01,4.47,4.95,3.63,3.66,5.52,6.0,2.46542426,130.338,332.568,4.2,0.7529238095238096,4.477172290819595,0.5107896670684884,3.966382623751106,3.343614465473621,3.463530729385411,3.343614465473621,1.1263855345263787,2.00457574,1.0499999999999998,1.5300000000000002
2026-07-01,4.6,5.1,3.63,3.73,5.76,6.19,2.43582047,130.658,332.813,4.1,0.792490909090909,4.823032091367971,0.8363484212290779,3.9866836701388935,3.3441430040338282,3.303856050706311,3.3441430040338282,1.2558569959661714,2.1641795299999997,1.1600000000000001,1.5900000000000007
2026-08-01,4.68,5.22,3.63,3.72,5.88,6.32,2.4985705,,334.131,4.1,0.8454857142857142,4.817096041484916,0.7625129457707631,4.054583095714153,,3.353016322755642,3.353016322755642,1.3269836772443577,2.1814294999999997,1.2000000000000002,1.6400000000000006
2026-09-01,,,,,,,2.57264358,,,,0.9280461538461539,,,,,,,,,,
