quarter,GS10,GS30,FEDFUNDS,TB3MS,AAA,BAA,EXPINF10YR,PCEPILFE,CPIAUCSL,UNRATE,KWTP10,acm_y10,acm_tp10,acm_rn10,core_pce_yoy,cpi_yoy,infl_yoy,real10_ex_post,real10_ex_ante,aaa_spread,baa_spread,GDP,PNFI,nonres_share,real_nonres_qoq_saar,info_equip_sw,ipp,NROU,hlw_rstar,nfc_net_lending,nfc_financing_gap,nfc_capex,nfc_debtsec_flow,nfc_bond_flow,nfc_loan_flow,nfc_debtsec_level,nfc_bond_level,nfc_loan_level,ust_flow,ust_level,nfc_net_lending_gdp,nfc_financing_gap_gdp,nfc_capex_gdp,nfc_debtsec_flow_gdp,nfc_bond_flow_gdp,nfc_loan_flow_gdp,ust_flow_gdp,nfc_debtsec_level_gdp,nfc_bond_level_gdp,nfc_loan_level_gdp,ust_level_gdp,info_share,ipp_share,unemp_gap
1919Q1,,,,,5.363333333333333,7.156666666666666,,,,,,,,,,,,,,,,,,,,,,,,,,,,,,,,,,,,,,,,,,,,,,,,
1919Q2,,,,,5.41,7.12,,,,,,,,,,,,,,,,,,,,,,,,,,,,,,,,,,,,,,,,,,,,,,,,
1919Q3,,,,,5.533333333333334,7.153333333333333,,,,,,,,,,,,,,,,,,,,,,,,,,,,,,,,,,,,,,,,,,,,,,,,
1919Q4,,,,,5.6433333333333335,7.55,,,,,,,,,,,,,,,,,,,,,,,,,,,,,,,,,,,,,,,,,,,,,,,,
1920Q1,,,,,5.843333333333334,7.896666666666667,,,,,,,,,,,,,,,,,,,,,,,,,,,,,,,,,,,,,,,,,,,,,,,,
1920Q2,,,,,6.223333333333334,8.316666666666668,,,,,,,,,,,,,,,,,,,,,,,,,,,,,,,,,,,,,,,,,,,,,,,,
1920Q3,,,,,6.286666666666666,8.35,,,,,,,,,,,,,,,,,,,,,,,,,,,,,,,,,,,,,,,,,,,,,,,,
1920Q4,,,,,6.13,8.253333333333334,,,,,,,,,,,,,,,,,,,,,,,,,,,,,,,,,,,,,,,,,,,,,,,,
1921Q1,,,,,6.1000000000000005,8.49,,,,,,,,,,,,,,,,,,,,,,,,,,,,,,,,,,,,,,,,,,,,,,,,
1921Q2,,,,,6.116666666666667,8.536666666666667,,,,,,,,,,,,,,,,,,,,,,,,,,,,,,,,,,,,,,,,,,,,,,,,
1921Q3,,,,,6.013333333333333,8.443333333333333,,,,,,,,,,,,,,,,,,,,,,,,,,,,,,,,,,,,,,,,,,,,,,,,
1921Q4,,,,,5.646666666666666,7.9433333333333325,,,,,,,,,,,,,,,,,,,,,,,,,,,,,,,,,,,,,,,,,,,,,,,,
1922Q1,,,,,5.286666666666666,7.566666666666666,,,,,,,,,,,,,,,,,,,,,,,,,,,,,,,,,,,,,,,,,,,,,,,,
1922Q2,,,,,5.12,7.0,,,,,,,,,,,,,,,,,,,,,,,,,,,,,,,,,,,,,,,,,,,,,,,,
1922Q3,,,,,4.963333333333334,6.829999999999999,,,,,,,,,,,,,,,,,,,,,,,,,,,,,,,,,,,,,,,,,,,,,,,,
1922Q4,,,,,5.046666666666667,6.926666666666667,,,,,,,,,,,,,,,,,,,,,,,,,,,,,,,,,,,,,,,,,,,,,,,,
1923Q1,,,,,5.08,7.013333333333333,,,,,,,,,,,,,,,,,,,,,,,,,,,,,,,,,,,,,,,,,,,,,,,,
1923Q2,,,,,5.176666666666667,7.183333333333334,,,,,,,,,,,,,,,,,,,,,,,,,,,,,,,,,,,,,,,,,,,,,,,,
1923Q3,,,,,5.113333333333333,7.366666666666667,,,,,,,,,,,,,,,,,,,,,,,,,,,,,,,,,,,,,,,,,,,,,,,,
1923Q4,,,,,5.096666666666667,7.413333333333334,,,,,,,,,,,,,,,,,,,,,,,,,,,,,,,,,,,,,,,,,,,,,,,,
1924Q1,,,,,5.093333333333333,7.153333333333333,,,,,,,,,,,,,,,,,,,,,,,,,,,,,,,,,,,,,,,,,,,,,,,,
1924Q2,,,,,5.036666666666666,6.94,,,,,,,,,,,,,,,,,,,,,,,,,,,,,,,,,,,,,,,,,,,,,,,,
1924Q3,,,,,4.95,6.696666666666666,,,,,,,,,,,,,,,,,,,,,,,,,,,,,,,,,,,,,,,,,,,,,,,,
1924Q4,,,,,4.9366666666666665,6.54,,,,,,,,,,,,,,,,,,,,,,,,,,,,,,,,,,,,,,,,,,,,,,,,
1925Q1,,,,,4.9366666666666665,6.386666666666667,,,,,,,,,,,,,,,,,,,,,,,,,,,,,,,,,,,,,,,,,,,,,,,,
1925Q2,,,,,4.843333333333334,6.296666666666667,,,,,,,,,,,,,,,,,,,,,,,,,,,,,,,,,,,,,,,,,,,,,,,,
1925Q3,,,,,4.88,6.213333333333334,,,,,,,,,,,,,,,,,,,,,,,,,,,,,,,,,,,,,,,,,,,,,,,,
1925Q4,,,,,4.846666666666667,6.163333333333334,,,,,,,,,,,,,,,,,,,,,,,,,,,,,,,,,,,,,,,,,,,,,,,,
1926Q1,,,,,4.793333333333333,6.053333333333334,,,,,,,,,,,,,,,,,,,,,,,,,,,,,,,,,,,,,,,,,,,,,,,,
1926Q2,,,,,4.723333333333334,5.88,,,,,,,,,,,,,,,,,,,,,,,,,,,,,,,,,,,,,,,,,,,,,,,,
1926Q3,,,,,4.716666666666666,5.796666666666667,,,,,,,,,,,,,,,,,,,,,,,,,,,,,,,,,,,,,,,,,,,,,,,,
1926Q4,,,,,4.69,5.753333333333333,,,,,,,,,,,,,,,,,,,,,,,,,,,,,,,,,,,,,,,,,,,,,,,,
1927Q1,,,,,4.6499999999999995,5.580000000000001,,,,,,,,,,,,,,,,,,,,,,,,,,,,,,,,,,,,,,,,,,,,,,,,
1927Q2,,,,,4.576666666666667,5.510000000000001,,,,,,,,,,,,,,,,,,,,,,,,,,,,,,,,,,,,,,,,,,,,,,,,
1927Q3,,,,,4.566666666666666,5.483333333333333,,,,,,,,,,,,,,,,,,,,,,,,,,,,,,,,,,,,,,,,,,,,,,,,
1927Q4,,,,,4.486666666666667,5.3500000000000005,,,,,,,,,,,,,,,,,,,,,,,,,,,,,,,,,,,,,,,,,,,,,,,,
1928Q1,,,,,4.46,5.333333333333333,,,,,,,,,,,,,,,,,,,,,,,,,,,,,,,,,,,,,,,,,,,,,,,,
1928Q2,,,,,4.506666666666667,5.433333333333334,,,,,,,,,,,,,,,,,,,,,,,,,,,,,,,,,,,,,,,,,,,,,,,,
1928Q3,,,,,4.62,5.593333333333334,,,,,,,,,,,,,,,,,,,,,,,,,,,,,,,,,,,,,,,,,,,,,,,,
1928Q4,,,,,4.6000000000000005,5.576666666666667,,,,,,,,,,,,,,,,,,,,,,,,,,,,,,,,,,,,,,,,,,,,,,,,
1929Q1,,,,,4.66,5.6933333333333325,,,,,,,,,,,,,,,,,,,,,,,,,,,,,,,,,,,,,,,,,,,,,,,,
1929Q2,,,,,4.72,5.846666666666667,,,,,,,,,,,,,,,,,,,,,,,,,,,,,,,,,,,,,,,,,,,,,,,,
1929Q3,,,,,4.786666666666666,6.036666666666666,,,,,,,,,,,,,,,,,,,,,,,,,,,,,,,,,,,,,,,,,,,,,,,,
1929Q4,,,,,4.733333333333333,6.03,,,,,,,,,,,,,,,,,,,,,,,,,,,,,,,,,,,,,,,,,,,,,,,,
1930Q1,,,,,4.656666666666667,5.846666666666667,,,,,,,,,,,,,,,,,,,,,,,,,,,,,,,,,,,,,,,,,,,,,,,,
1930Q2,,,,,4.59,5.733333333333333,,,,,,,,,,,,,,,,,,,,,,,,,,,,,,,,,,,,,,,,,,,,,,,,
1930Q3,,,,,4.47,5.716666666666666,,,,,,,,,,,,,,,,,,,,,,,,,,,,,,,,,,,,,,,,,,,,,,,,
1930Q4,,,,,4.47,6.3,,,,,,,,,,,,,,,,,,,,,,,,,,,,,,,,,,,,,,,,,,,,,,,,
1931Q1,,,,,4.413333333333333,6.41,,,,,,,,,,,,,,,,,,,,,,,,,,,,,,,,,,,,,,,,,,,,,,,,
1931Q2,,,,,4.376666666666667,7.076666666666667,,,,,,,,,,,,,,,,,,,,,,,,,,,,,,,,,,,,,,,,,,,,,,,,
1931Q3,,,,,4.4366666666666665,7.54,,,,,,,,,,,,,,,,,,,,,,,,,,,,,,,,,,,,,,,,,,,,,,,,
1931Q4,,,,,5.083333333333333,9.463333333333333,,,,,,,,,,,,,,,,,,,,,,,,,,,,,,,,,,,,,,,,,,,,,,,,
1932Q1,,,,,5.136666666666667,8.943333333333333,,,,,,,,,,,,,,,,,,,,,,,,,,,,,,,,,,,,,,,,,,,,,,,,
1932Q2,,,,,5.3133333333333335,10.82,,,,,,,,,,,,,,,,,,,,,,,,,,,,,,,,,,,,,,,,,,,,,,,,
1932Q3,,,,,4.956666666666667,8.873333333333333,,,,,,,,,,,,,,,,,,,,,,,,,,,,,,,,,,,,,,,,,,,,,,,,
1932Q4,,,,,4.62,8.176666666666668,,,,,,,,,,,,,,,,,,,,,,,,,,,,,,,,,,,,,,,,,,,,,,,,
1933Q1,,,,,4.533333333333334,8.43,,,,,,,,,,,,,,,,,,,,,,,,,,,,,,,,,,,,,,,,,,,,,,,,
1933Q2,,,,,4.623333333333334,7.976666666666667,,,,,,,,,,,,,,,,,,,,,,,,,,,,,,,,,,,,,,,,,,,,,,,,
1933Q3,,,,,4.34,6.886666666666667,,,,,,,,,,,,,,,,,,,,,,,,,,,,,,,,,,,,,,,,,,,,,,,,
1933Q4,,,,,4.46,7.739999999999999,,,,,,,,,,,,,,,,,,,,,,,,,,,,,,,,,,,,,,,,,,,,,,,,
1934Q1,,,,0.5266666666666667,4.226666666666667,6.513333333333333,,,,,,,,,,,,,,,,,,,,,,,,,,,,,,,,,,,,,,,,,,,,,,,,
1934Q2,,,,0.15333333333333332,4.003333333333333,6.039999999999999,,,,,,,,,,,,,,,,,,,,,,,,,,,,,,,,,,,,,,,,,,,,,,,,
1934Q3,,,,0.18333333333333335,3.926666666666667,6.396666666666667,,,,,,,,,,,,,,,,,,,,,,,,,,,,,,,,,,,,,,,,,,,,,,,,
1934Q4,,,,0.25,3.856666666666667,6.333333333333333,,,,,,,,,,,,,,,,,,,,,,,,,,,,,,,,,,,,,,,,,,,,,,,,
1935Q1,,,,0.18000000000000002,3.7099999999999995,6.043333333333334,,,,,,,,,,,,,,,,,,,,,,,,,,,,,,,,,,,,,,,,,,,,,,,,
1935Q2,,,,0.15,3.64,5.946666666666666,,,,,,,,,,,,,,,,,,,,,,,,,,,,,,,,,,,,,,,,,,,,,,,,
1935Q3,,,,0.17,3.5833333333333335,5.593333333333334,,,,,,,,,,,,,,,,,,,,,,,,,,,,,,,,,,,,,,,,,,,,,,,,
1935Q4,,,,0.17,3.4766666666666666,5.423333333333333,,,,,,,,,,,,,,,,,,,,,,,,,,,,,,,,,,,,,,,,,,,,,,,,
1936Q1,,,,0.20000000000000004,3.3266666666666667,4.886666666666667,,,,,,,,,,,,,,,,,,,,,,,,,,,,,,,,,,,,,,,,,,,,,,,,
1936Q2,,,,0.20000000000000004,3.266666666666667,4.916666666666667,,,,,,,,,,,,,,,,,,,,,,,,,,,,,,,,,,,,,,,,,,,,,,,,
1936Q3,,,,0.17,3.206666666666667,4.733333333333333,,,,,,,,,,,,,,,,,,,,,,,,,,,,,,,,,,,,,,,,,,,,,,,,
1936Q4,,,,0.12,3.143333333333333,4.53,,,,,,,,,,,,,,,,,,,,,,,,,,,,,,,,,,,,,,,,,,,,,,,,
1937Q1,,,,0.2333333333333333,3.2133333333333334,4.566666666666666,,,,,,,,,,,,,,,,,,,,,,,,,,,,,,,,,,,,,,,,,,,,,,,,
1937Q2,,,,0.44333333333333336,3.3433333333333333,4.87,,,,,,,,,,,,,,,,,,,,,,,,,,,,,,,,,,,,,,,,,,,,,,,,
1937Q3,,,,0.29333333333333333,3.2566666666666664,4.996666666666667,,,,,,,,,,,,,,,,,,,,,,,,,,,,,,,,,,,,,,,,,,,,,,,,
1937Q4,,,,0.13333333333333333,3.24,5.69,,,,,,,,,,,,,,,,,,,,,,,,,,,,,,,,,,,,,,,,,,,,,,,,
1938Q1,,,,0.08666666666666667,3.1966666666666668,6.053333333333334,,,,,,,,,,,,,,,,,,,,,,,,,,,,,,,,,,,,,,,,,,,,,,,,
1938Q2,,,,0.06333333333333334,3.26,6.260000000000001,,,,,,,,,,,,,,,,,,,,,,,,,,,,,,,,,,,,,,,,,,,,,,,,
1938Q3,,,,0.07,3.203333333333333,5.59,,,,,,,,,,,,,,,,,,,,,,,,,,,,,,,,,,,,,,,,,,,,,,,,
1938Q4,,,,0.04,3.11,5.286666666666666,,,,,,,,,,,,,,,,,,,,,,,,,,,,,,,,,,,,,,,,,,,,,,,,
1939Q1,,,,0.03,3.0,5.02,,,,,,,,,,,,,,,,,,,,,,,,,,,,,,,,,,,,,,,,,,,,,,,,
1939Q2,,,,0.03,2.97,5.043333333333334,,,,,,,,,,,,,,,,,,,,,,,,,,,,,,,,,,,,,,,,,,,,,,,,
1939Q3,,,,0.07666666666666667,3.0233333333333334,4.8966666666666665,,,,,,,,,,,,,,,,,,,,,,,,,,,,,,,,,,,,,,,,,,,,,,,,
1939Q4,,,,0.04666666666666667,3.03,4.883333333333333,,,,,,,,,,,,,,,,,,,,,,,,,,,,,,,,,,,,,,,,,,,,,,,,
1940Q1,,,,0.016666666666666666,2.86,4.83,,,,,,,,,,,,,,,,,,,,,,,,,,,,,,,,,,,,,,,,,,,,,,,,
1940Q2,,,,0.06,2.9033333333333338,4.930000000000001,,,,,,,,,,,,,,,,,,,,,,,,,,,,,,,,,,,,,,,,,,,,,,,,
1940Q3,,,,0.04666666666666667,2.85,4.739999999999999,,,,,,,,,,,,,,,,,,,,,,,,,,,,,,,,,,,,,,,,,,,,,,,,
1940Q4,,,,0.02,2.75,4.496666666666667,,,,,,,,,,,,,,,,,,,,,,,,,,,,,,,,,,,,,,,,,,,,,,,,
1941Q1,,,,0.05666666666666667,2.776666666666667,4.3933333333333335,,,,,,,,,,,,,,,,,,,,,,,,,,,,,,,,,,,,,,,,,,,,,,,,
1941Q2,,,,0.11,2.8000000000000003,4.32,,,,,,,,,,,,,,,,,,,,,,,,,,,,,,,,,,,,,,,,,,,,,,,,
1941Q3,,,,0.11666666666666665,2.7433333333333336,4.283333333333333,,,,,,,,,,,,,,,,,,,,,,,,,,,,,,,,,,,,,,,,,,,,,,,,
1941Q4,,,,0.2333333333333333,2.75,4.3133333333333335,,,,,,,,,,,,,,,,,,,,,,,,,,,,,,,,,,,,,,,,,,,,,,,,
1942Q1,,,,0.25666666666666665,2.8466666666666662,4.293333333333333,,,,,,,,,,,,,,,,,,,,,,,,,,,,,,,,,,,,,,,,,,,,,,,,
1942Q2,,,,0.35333333333333333,2.8433333333333337,4.286666666666666,,,,,,,,,,,,,,,,,,,,,,,,,,,,,,,,,,,,,,,,,,,,,,,,
1942Q3,,,,0.38000000000000006,2.813333333333333,4.28,,,,,,,,,,,,,,,,,,,,,,,,,,,,,,,,,,,,,,,,,,,,,,,,
1942Q4,,,,0.38000000000000006,2.8000000000000003,4.256666666666667,,,,,,,,,,,,,,,,,,,,,,,,,,,,,,,,,,,,,,,,,,,,,,,,
1943Q1,,,,0.38000000000000006,2.7733333333333334,4.083333333333333,,,,,,,,,,,,,,,,,,,,,,,,,,,,,,,,,,,,,,,,,,,,,,,,
1943Q2,,,,0.38000000000000006,2.74,3.9166666666666665,,,,,,,,,,,,,,,,,,,,,,,,,,,,,,,,,,,,,,,,,,,,,,,,
1943Q3,,,,0.38000000000000006,2.69,3.8166666666666664,,,,,,,,,,,,,,,,,,,,,,,,,,,,,,,,,,,,,,,,,,,,,,,,
1943Q4,,,,0.38000000000000006,2.716666666666667,3.823333333333333,,,,,,,,,,,,,,,,,,,,,,,,,,,,,,,,,,,,,,,,,,,,,,,,
1944Q1,,,,0.38000000000000006,2.733333333333334,3.7266666666666666,,,,,,,,,,,,,,,,,,,,,,,,,,,,,,,,,,,,,,,,,,,,,,,,
1944Q2,,,,0.38000000000000006,2.733333333333333,3.6333333333333333,,,,,,,,,,,,,,,,,,,,,,,,,,,,,,,,,,,,,,,,,,,,,,,,
1944Q3,,,,0.38000000000000006,2.716666666666667,3.56,,,,,,,,,,,,,,,,,,,,,,,,,,,,,,,,,,,,,,,,,,,,,,,,
1944Q4,,,,0.38000000000000006,2.7133333333333334,3.5233333333333334,,,,,,,,,,,,,,,,,,,,,,,,,,,,,,,,,,,,,,,,,,,,,,,,
1945Q1,,,,0.38000000000000006,2.6533333333333333,3.4166666666666665,,,,,,,,,,,,,,,,,,,,,,,,,,,,,,,,,,,,,,,,,,,,,,,,
1945Q2,,,,0.38000000000000006,2.6133333333333333,3.323333333333333,,,,,,,,,,,,,,,,,,,,,,,,,,,,,,,,,,,,,,,,,,,,,,,,
1945Q3,,,,0.38000000000000006,2.61,3.2533333333333334,,,,,,,,,,,,,,,,,,,,,,,,,,,,,,,,,,,,,,,,,,,,,,,,
1945Q4,,,,0.38000000000000006,2.6166666666666667,3.15,,,,,,,,,,,,,,,,,,,,,,,,,,,,,,24000.0,23905.0,20653.0,,208239.0,,,,,,,,,,,,,,
1946Q1,,,,0.38000000000000006,2.4966666666666666,2.966666666666667,,,,,,,,,,,,,,,,,,,,,,,,,,,,,,,,,,,,,,,,,,,,,,,,
1946Q2,,,,0.38000000000000006,2.486666666666667,3.0033333333333334,,,,,,,,,,,,,,,,,,,,,,,,,,,,,,,,,,,,,,,,,,,,,,,,
1946Q3,,,,0.38000000000000006,2.5233333333333334,3.0533333333333332,,,,,,,,,,,,,,,,,,,,,,,,,,,,,,,,,,,,,,,,,,,,,,,,
1946Q4,,,,0.38000000000000006,2.6,3.1633333333333336,,,,,,,,,,,,,,,,,,,,,,,,-14920.0,9353.0,19182.0,995.0,953.0,4306.0,24995.0,24858.0,24894.0,-24462.0,183777.0,,,,,,,,,,,,,,
1947Q1,,,,0.38000000000000006,2.5566666666666666,3.1333333333333333,,,21.7,,,,,,,,,,,,,243.164,24.818,10.2,,1.709,2.002,,,,,,,,,,,,,,,,,,,,,,,,,0.7028178513266767,0.8233126614136961,
1947Q2,,,,0.38000000000000006,2.5366666666666666,3.1799999999999997,,,22.01,,,,,,,,,,,,,245.968,25.171,10.2,-6.1,1.664,1.998,,,,,,,,,,,,,,,,,,,,,,,,,0.6765107656280492,0.8123007870942562,
1947Q3,,,,0.7366666666666667,2.5733333333333333,3.1933333333333334,,,22.49,,,,,,,,,,,,,249.585,25.361,10.2,-7.2,1.77,2.037,,,,,,,,,,,,,,,,,,,,,,,,,0.7091772342087865,0.8161548169962136,
1947Q4,,,,0.9066666666666666,2.776666666666667,3.436666666666667,,,23.126666666666665,,,,,,,,,,,,,259.745,26.54,10.2,11.6,1.749,2.041,,,-7477.0,3566.0,18347.0,2848.0,2813.0,4067.0,27843.0,27671.0,28938.0,-9279.0,174498.0,-2.8785924656875013,1.3728849448497564,7.063466091743825,1.0964599896051899,1.0829852355194518,1.5657664247627479,-3.5723498046160658,10.719359371691468,10.653140580184411,11.140926678088125,67.1805039558028,0.6733527113130185,0.7857706596854607,
1948Q1,,,,0.9899999999999999,2.8466666666666662,3.526666666666667,,,23.616666666666664,3.733333333333333,,,,,,8.847409542115972,8.847409542115972,,,,,265.742,28.231,10.6,25.3,1.831,2.064,,,,,,,,,,,,,,,,,,,,,,,,,0.6890141565879687,0.7766931836141822,
1948Q2,,,,1.0,2.766666666666666,3.3966666666666665,,,23.993333333333336,3.6666666666666665,,,,,,9.010897701387455,9.010897701387455,,,,,272.567,28.05,10.3,-12.7,1.759,2.065,,,,,,,,,,,,,,,,,,,,,,,,,0.6453459149493518,0.7576118899206433,
1948Q3,,,,1.05,2.83,3.42,,,24.396666666666665,3.766666666666667,,,,,,8.49302489640884,8.49302489640884,,,,,279.196,29.081,10.4,1.0,1.738,2.097,,,,,,,,,,,,,,,,,,,,,,,,,0.6225017550394704,0.7510852591011332,
1948Q4,,,,1.14,2.823333333333333,3.5199999999999996,,,24.173333333333332,3.8333333333333335,,,,,,4.538302605493254,4.538302605493254,,,,,280.366,30.16,10.8,9.6,1.909,2.072,,,-6542.0,709.0,21885.0,4294.0,4300.0,1797.0,32137.0,31971.0,30674.0,-8157.0,166341.0,-2.333378512373112,0.25288373055220675,7.805868043914027,1.531569448506595,1.533709508285598,0.6409479038114465,-2.9094112695547962,11.46251685297076,11.40330853241834,10.940698943523824,59.32994728319411,0.6808956863528388,0.739033977015758,
1949Q1,,,,1.17,2.706666666666667,3.4600000000000004,,,23.94333333333333,4.666666666666667,,,,,,1.3840678768324215,1.3840678768324215,,,,,275.034,28.583,10.4,-17.2,1.809,2.021,5.25505256652832,,,,,,,,,,,,,,,,,,,,,,,,0.6577368616243809,0.7348182406538828,-0.5883858998616533
1949Q2,,,,1.17,2.706666666666667,3.456666666666667,,,23.916666666666668,5.866666666666667,,,,,,-0.3163529329893648,-0.3163529329893648,,,,,271.351,27.476,10.1,-14.0,1.634,2.008,5.2615156173706055,,,,,,,,,,,,,,,,,,,,,,,,0.602172094445939,0.7400009581685714,0.6051510492960617
1949Q3,,,,1.0433333333333332,2.6300000000000003,3.41,,,23.71666666666667,6.7,,,,,,-2.7870289661630814,-2.7870289661630814,,,,,272.889,26.112,9.6,-17.1,1.544,2.021,5.268013,,,,,,,,,,,,,,,,,,,,,,,,0.5657978152289026,0.7405941609958627,1.4319870000000003
1949Q4,,,,1.0766666666666669,2.5966666666666667,3.34,,,23.66,6.966666666666666,,,,,,-2.122052265215487,-2.122052265215487,,,,,270.627,25.628,9.5,-4.9,1.525,2.108,5.274564,,1110.0,-6472.0,15074.0,2899.0,2903.0,-1316.0,35036.0,34874.0,29359.0,1025.0,167366.0,0.4101586316221219,-2.3914834809534895,5.570028119884564,1.0712161018671456,1.0726941509901082,-0.48627816145469593,0.3787500877591667,12.946232268029428,12.886371278549444,10.848511050264756,61.8437923784397,0.5635062281294918,0.7789318878012911,1.692102666666666
1950Q1,,,,1.1033333333333335,2.5766666666666667,3.24,,,23.58666666666667,6.3999999999999995,,,,,,-1.4888018044900104,-1.4888018044900104,,,,,280.828,26.386,9.4,12.1,1.607,2.181,5.281182,,,,,,,,,,,,,,,,,,,,,,,,0.5722363866850884,0.7766319597760908,1.1188179999999992
1950Q2,,,,1.1533333333333333,2.61,3.2533333333333334,,,23.766666666666666,5.566666666666666,,,,,,-0.6271718964698136,-0.6271718964698136,,,,,290.383,28.855,9.9,37.7,1.822,2.239,5.287866,,,,,,,,,,,,,,,,,,,,,,,,0.6274471990440212,0.771050646904261,0.27880066666666625
1950Q3,,,,1.22,2.6333333333333333,3.2533333333333334,,,24.203333333333333,4.633333333333334,,,,,,2.0516988674217216,2.0516988674217216,,,,,308.153,31.91,10.4,37.6,1.878,2.298,5.294604,,,,,,,,,,,,,,,,,,,,,,,,0.6094375196736685,0.7457334505911024,-0.6612706666666659
1950Q4,,,,1.3366666666666667,2.67,3.2133333333333334,,,24.69333333333333,4.233333333333333,,,,,,4.368880911276192,4.368880911276192,,,,,319.945,32.919,10.3,-0.6,2.056,2.328,5.301367,,-9309.0,3808.0,24252.0,1669.0,1624.0,4379.0,36705.0,36498.0,33734.0,-809.0,166557.0,-2.9095625810686214,1.1902045664098517,7.580052821578709,0.5216521589648221,0.5075872415571426,1.3686727406272954,-0.25285595961805934,11.472284298863867,11.407585678788541,10.543687196236853,52.05800997046367,0.6426104486708654,0.7276250605572833,-1.0680336666666665
1951Q1,,,,1.3666666666666665,2.6999999999999997,3.186666666666667,,,25.69666666666667,3.5,,,,,,8.944107613309784,8.944107613309784,,,,,336.0,33.139,9.9,-10.0,1.979,2.289,5.308113,,,,,,,,,,,,,,,,,,,,,,,,0.5889880952380953,0.6812500000000001,-1.8081129999999996
1951Q2,,,,1.49,2.9,3.4133333333333336,,,25.94666666666667,3.1,,,,,,9.174133952917515,9.174133952917515,,,,,344.09,34.124,9.9,4.9,2.106,2.301,5.314789,,,,,,,,,,,,,,,,,,,,,,,,0.612049173181435,0.6687203929204569,-2.214789
1951Q3,,,,1.6033333333333335,2.8866666666666667,3.4966666666666666,,,25.933333333333334,3.1666666666666665,,,,,,7.149059307541439,7.149059307541439,,,,,351.385,34.843,9.9,4.8,2.251,2.365,5.321333408355713,,,,,,,,,,,,,,,,,,,,,,,,0.640607880245315,0.673050927045833,-2.1546667416890464
1951Q4,,,,1.61,2.953333333333333,3.5566666666666666,,,26.316666666666666,3.3666666666666667,,,,,,6.577383980078255,6.577383980078255,,,,,356.178,34.642,9.7,-6.4,2.261,2.482,5.327682495117188,,-29515.0,8492.0,30993.0,3356.0,3294.0,5073.0,40061.0,39792.0,38806.0,170.0,166727.0,-8.286587043556873,2.384201157848042,8.701548102353318,0.9422255164552554,0.9248184896315887,1.424287856071964,0.04772894451650579,11.247466154563169,11.171942118828227,10.895114240632493,46.81002195531448,0.634794962069527,0.6968425899409847,-1.9610158284505217
1952Q1,,,,1.5666666666666667,2.956666666666667,3.543333333333333,,,26.416666666666668,3.0666666666666664,,,,,,2.8106675885387697,2.8106675885387697,,,,,359.82,35.131,9.8,3.9,2.399,2.684,5.333774,,-32723.0,2812.0,27563.0,4404.0,4324.0,54.0,41201.0,40873.0,38566.0,10780.0,165360.0,-9.094269356900671,0.7815018620421322,7.660218998388083,1.2239453059863266,1.2017119670946586,0.015007503751875937,2.9959424156522707,11.450447445945194,11.359290756489356,10.718136846200878,45.95631148907787,0.6667222500138958,0.7459285198154634,-2.2671073333333336
1952Q2,,,,1.6466666666666665,2.9333333333333336,3.4966666666666666,,,26.486666666666668,2.966666666666667,,,,,,2.0813732032731957,2.0813732032731957,,,,,361.03,35.765,9.9,6.5,2.641,2.869,5.339555,,-23115.0,-1916.0,21547.0,6036.0,5880.0,-326.0,42647.0,42343.0,38124.0,2188.0,165031.0,-6.402515026452095,-0.5307038196271778,5.968202088469102,1.671883223000859,1.628673517436224,-0.09029720521840291,0.6060438190732073,11.812591751378001,11.728388222585382,10.559787275295681,45.711159737417944,0.731518156385896,0.7946708029803619,-2.372888333333333
1952Q3,,,,1.7833333333333332,2.9466666666666668,3.51,,,26.666666666666668,3.233333333333333,,,,,,2.8288161017171167,2.8288161017171167,,,,,367.701,32.892,8.9,-27.7,2.241,3.071,5.344985485076904,,12620.0,2510.0,26192.0,4536.0,4508.0,2585.0,43816.0,43470.0,38711.0,1864.0,167863.0,3.432136436941972,0.6826198460161925,7.123178887193671,1.2336110045934061,1.2259961218490023,0.7030168533672739,0.5069336226988777,11.916203654599796,11.822105460686808,10.527847354236187,45.652037932994475,0.6094625796503137,0.8351894610022818,-2.1116521517435713
1952Q4,,,,1.8933333333333333,2.986666666666667,3.526666666666667,,,26.69666666666667,2.8333333333333335,,,,,,1.4461519250141535,1.4461519250141535,,,,,380.812,35.816,9.4,40.5,2.439,3.307,5.350040435791016,,39876.0,3312.0,29432.0,4092.0,4108.0,3529.0,44828.0,44497.0,40270.0,4736.0,171619.0,10.471308677247567,0.8697204920013024,7.728748043654086,1.074545970190015,1.0787475184605526,0.92670399042047,1.2436582880791571,11.771687866978981,11.684768337132233,10.574771803409556,45.066594540088026,0.6404735144900896,0.8684075081667594,-2.516707102457682
1953Q1,,,,1.9799999999999998,3.0700000000000003,3.5366666666666666,,,26.62,2.6999999999999997,,,,,,0.7697772970905866,0.7697772970905866,,,,,387.98,37.791,9.7,23.5,2.625,3.486,5.354713,,-5430.0,2297.0,29051.0,3052.0,3040.0,3402.0,45627.0,45257.0,40878.0,2204.0,168191.0,-1.3995566781792876,0.5920408268467446,7.487757100881488,0.7866384865199237,0.7835455435847208,0.8768493221300068,0.5680705190989227,11.76014227537502,11.664776534872932,10.536110108768494,43.35043043455848,0.6765812670756224,0.8984999226764265,-2.6547130000000005
1953Q2,2.9966666666666666,,,2.1533333333333333,3.323333333333333,3.763333333333333,,,26.72,2.566666666666667,,,,,,0.8809270141063438,0.8809270141063438,2.115739652560323,,0.32666666666666666,0.7666666666666666,391.749,38.465,9.8,4.0,2.681,3.66,5.359011650085449,,26322.0,4992.0,30460.0,4012.0,4052.0,-217.0,46567.0,46270.0,40787.0,5392.0,168581.0,6.719098198080914,1.2742853204475315,7.7753867910320125,1.0241251413532646,1.0343357609081325,-0.05539261108515912,1.376391515996212,11.886948020288502,11.811134170093606,10.41151349461007,43.032911379480225,0.6843667756650303,0.9342716892704257,-2.7923449834187823
1953Q3,2.9166666666666665,,,1.9566666666666668,3.27,3.8633333333333333,,,26.843333333333334,2.733333333333333,,,,,,0.6627039276481191,0.6627039276481191,2.2539627390185477,,0.3533333333333332,0.9466666666666664,391.171,39.614,10.1,9.2,2.811,3.74,5.362958,,25633.0,3556.0,28663.0,2160.0,2120.0,2065.0,47147.0,46800.0,41191.0,16412.0,175018.0,6.552888634382406,0.9090653448236193,7.327485933261924,0.5521881734586664,0.5419624665427651,0.527902119533401,4.195607547594275,12.052785099099882,11.96407709160444,10.530177339322188,44.74206932518003,0.718611553514959,0.9561035966367651,-2.629624666666667
1953Q4,2.643333333333333,,,1.4733333333333334,3.1333333333333333,3.77,,,26.89,3.6999999999999997,,,,,,0.7242165538699163,0.7242165538699163,1.9191167794634172,,0.48999999999999994,1.1266666666666667,385.97,39.2,10.2,-3.6,2.547,3.783,5.36658239364624,,-57175.0,-33.0,22860.0,5120.0,4848.0,-4183.0,48414.0,48012.0,40839.0,-3228.0,176814.0,-14.813327460683473,-0.008549887296940176,5.922740109334923,1.3265279684949607,1.2560561701686659,-1.083762986760629,-0.8363344301370572,12.54346192709278,12.439308754566417,10.580874161204239,45.810296137005466,0.6598958468274736,0.9801279892219602,-1.6665823936462405
1954Q1,2.44,,,1.0599999999999998,2.956666666666667,3.61,,,26.953333333333333,5.266666666666667,,,,,,1.2523333550645388,1.2523333550645388,1.1876666449354614,,0.5166666666666666,1.1699999999999997,385.345,38.332,9.9,-10.1,2.457,3.842,5.369922,,-64287.0,-1667.0,23751.0,3480.0,3108.0,920.0,49314.0,48789.0,40852.0,-2992.0,172200.0,-16.682972401354633,-0.43259935901594676,6.163567712050241,0.9030868442564455,0.8065499746979978,0.2387470967574511,-0.7764470798894497,12.797363401627113,12.661121851847046,10.601409126886296,44.687228327862044,0.6376104529707145,0.9970286366762251,-0.10325533333333325
1954Q2,2.3466666666666667,,,0.79,2.8766666666666665,3.4766666666666666,,,26.91,5.8,,,,,,0.7111350397146202,0.7111350397146202,1.6355316269520463,,0.5299999999999999,1.1300000000000001,386.121,38.159,9.9,-3.5,2.349,3.859,5.37301445007324,,-68403.0,-3775.0,23170.0,3828.0,3740.0,-2330.0,50208.0,49724.0,39944.0,2904.0,171915.0,-17.715431173129666,-0.9776728020490986,6.000709622113275,0.9913990692036951,0.9686082860036104,-0.6034377824567947,0.7520958456028033,13.003177760339376,12.877828452738907,10.34494368345674,44.52360788457504,0.6083585197386312,0.9994276405582706,0.4269855499267594
1954Q3,2.3466666666666662,,1.03,0.8833333333333333,2.8833333333333333,3.486666666666667,,,26.84,5.966666666666666,,,,,,-0.012072280244594205,-0.012072280244594205,2.3587389469112607,,0.536666666666667,1.1400000000000003,390.996,38.879,9.9,10.6,2.402,3.896,5.375902,,-64011.0,-3946.0,23804.0,5328.0,5100.0,-736.0,51583.0,50999.0,39583.0,3124.0,175045.0,-16.371267225240153,-1.0092174856008758,6.088041821399708,1.362673786944112,1.3043611699352424,-0.18823721981810557,0.798985155858372,13.192718084072471,13.043355942260279,10.123632978342489,44.769000194375394,0.6143285353302848,0.9964296309936674,0.5907646666666659
1954Q4,2.473333333333333,,0.9866666666666667,1.02,2.8866666666666667,3.453333333333333,,,26.756666666666664,5.333333333333333,,,,,,-0.49543405991986367,-0.49543405991986367,2.968767393253197,,0.4133333333333334,0.9800000000000001,399.734,38.89,9.7,-0.6,2.488,3.956,5.378624,,-6035.0,-3620.0,26326.0,2020.0,2192.0,1864.0,52078.0,51547.0,40765.0,3836.0,178532.0,-1.5097539864009568,-0.9056022254799443,6.58587960994061,0.505336048472234,0.5483646625005629,0.46631009621398223,0.959638159375985,13.028163728879704,12.89532539138527,10.198031691074565,44.66270069596281,0.6224139052469893,0.9896581226515633,-0.045290666666667256
1955Q1,2.6466666666666665,,1.3433333333333335,1.2233333333333334,2.9600000000000004,3.466666666666667,,,26.793333333333333,4.733333333333333,,,,,,-0.5935870516900699,-0.5935870516900699,3.240253718356737,,0.31333333333333346,0.8200000000000002,413.073,39.48,9.6,7.1,2.396,4.062,5.38122,,-38007.0,-2363.0,30028.0,1840.0,2032.0,2380.0,52555.0,52055.0,41164.0,-4156.0,173973.0,-9.201037104821665,-0.5720538500458757,7.269417270070908,0.4454418468406311,0.49192273520660995,0.5761693453699467,-1.0061175627552514,12.722932750385525,12.601888770265788,9.965308795297684,42.11676870674191,0.5800427527337784,0.9833612944927411,-0.6478866666666665
1955Q2,2.763333333333333,,1.5,1.4833333333333334,3.033333333333333,3.5,,,26.756666666666664,4.3999999999999995,,,,,,-0.569497527533284,-0.569497527533284,3.332830860866617,,0.27,0.7366666666666668,421.532,42.063,10.0,26.1,2.619,4.201,5.383725,,-104791.0,-440.0,33057.0,2628.0,2896.0,5438.0,53159.0,52779.0,42227.0,1132.0,172997.0,-24.859559891064023,-0.10438116204700948,7.842109258609073,0.6234402133171385,0.6870178302003169,1.2900562709355399,0.2685442623573062,12.610904984674947,12.52075761745253,10.017507567634249,41.04006338783295,0.6213051440934497,0.9966028676351972,-0.9837250000000006
1955Q3,2.9466666666666668,,1.9400000000000002,1.8566666666666667,3.1,3.5566666666666666,,,26.776666666666667,4.1000000000000005,,,,,,-0.23575802693224604,-0.23575802693224604,3.1824246935989127,,0.15333333333333318,0.6099999999999999,430.221,44.826,10.4,21.3,3.025,4.378,5.386171,,-58436.0,1970.0,34828.0,1672.0,1896.0,5196.0,53624.0,53253.0,43250.0,-164.0,175191.0,-13.582786521346005,0.4579041934261693,8.095374237891688,0.38863746772007873,0.4407037313380797,1.2077513649961298,-0.03811994300603643,12.46429160826645,12.378056859149135,10.052972774457778,40.721164238844686,0.7031269975198793,1.01761652731968,-1.2861709999999995
1955Q4,2.91,,2.356666666666667,2.3366666666666664,3.1166666666666667,3.5966666666666662,,,26.856666666666666,4.233333333333333,,,,,,0.37373899196740573,0.37373899196740573,2.5362610080325942,,0.2066666666666667,0.6866666666666666,437.092,47.085,10.8,12.5,3.232,4.633,5.388586,,-22588.0,4499.0,38269.0,5252.0,5244.0,9495.0,54926.0,54564.0,46290.0,1816.0,178189.0,-5.167790762585451,1.0293027554839713,8.755365003248745,1.201577699889268,1.1997474215954536,2.172311549971173,0.4154731726959084,12.566233195757414,12.483413102962306,10.590447777584581,40.76693236206565,0.7394324307010882,1.0599599169053655,-1.1552526666666667
1956Q1,2.9,,2.4833333333333334,2.3266666666666667,3.0966666666666662,3.5933333333333337,,,26.86,4.033333333333333,,,,,,0.24884917701727774,0.24884917701727774,2.651150822982722,,0.19666666666666677,0.6933333333333335,439.746,47.772,10.9,-4.8,3.123,4.915,5.39099645614624,,-93661.0,5933.0,38926.0,1648.0,1688.0,8654.0,55348.0,54986.0,48257.0,-5000.0,173724.0,-21.29888617520114,1.3491879403109979,8.851928158527878,0.3747617943085326,0.383857954364565,1.9679542281225981,-1.1370200070040433,12.586356669531956,12.504036421024864,10.973834895598824,39.50553273935408,0.7101826963747255,1.1176906668849744,-1.357663122812907
1956Q2,3.0833333333333335,,2.6933333333333334,2.566666666666667,3.26,3.723333333333333,,,27.036666666666665,4.2,,,,,,1.0470475373543842,1.0470475373543842,2.0362857959789493,,0.1766666666666666,0.64,446.01,49.062,11.0,7.3,3.39,5.16,5.39343,,18787.0,5962.0,39190.0,3724.0,3840.0,6994.0,56235.0,55946.0,49748.0,-15060.0,168502.0,4.212237393780408,1.336741328669761,8.786798502275733,0.8349588574247214,0.8609672428869308,1.5681262751956235,-3.3766059056971818,12.608461693683997,12.543664940247975,11.15400999977579,37.779870406493124,0.7600726441111186,1.1569247326293133,-1.1934300000000002
1956Q3,3.2733333333333334,,2.81,2.5833333333333335,3.4233333333333333,3.9333333333333336,,,27.316666666666666,4.133333333333334,,,,,,2.016949745739042,2.016949745739042,1.2563835875942913,,0.15000000000000005,0.6600000000000001,451.191,50.746,11.2,4.1,3.432,5.334,5.395917,,27479.0,5421.0,40141.0,4508.0,4268.0,3906.0,57414.0,57013.0,50344.0,-4648.0,169476.0,6.090325383263407,1.2014867317832139,8.89667568723667,0.9991334047000051,0.9459408543166863,0.8657087574885137,-1.0301623924236079,12.724987865449444,12.636111979183982,11.15802398540751,37.56191945318058,0.7606534704814591,1.1822044322692606,-1.262583666666666
1956Q4,3.473333333333333,,2.9266666666666663,3.033333333333333,3.6766666666666663,4.260000000000001,,,27.55,4.133333333333334,,,,,,2.581630043998954,2.581630043998954,0.8917032893343793,,0.20333333333333328,0.7866666666666667,460.463,51.41,11.2,0.1,3.476,5.489,5.398493,,-87061.0,5724.0,40323.0,4088.0,4108.0,5461.0,58418.0,58040.0,52543.0,2500.0,172637.0,-18.907273765753168,1.243096622312759,8.757055398587942,0.8878020601003773,0.8921455144061521,1.1859801981918199,0.542931788221855,12.686795681737728,12.604704395358585,11.41090597941637,37.49204604930255,0.7548923583436671,1.1920610342199047,-1.2651596666666665
1957Q1,3.4033333333333338,,2.9333333333333336,3.0966666666666662,3.6999999999999997,4.463333333333334,,,27.776666666666667,3.9333333333333336,,,,,,3.4125801196636254,3.4125801196636254,-0.009246786330292226,,0.2966666666666667,1.0599999999999998,469.779,52.465,11.2,2.1,3.644,5.492,5.401198387145996,,40870.0,3085.0,39312.0,5744.0,5880.0,5431.0,59863.0,59510.0,53683.0,6872.0,171487.0,8.69983545454352,0.6566917635739358,8.368190148984949,1.2227025899412276,1.251652372711424,1.1560755163598204,1.4628154940940314,12.742800338031287,12.667658622458648,11.427288150385607,36.503760278769384,0.7756838854014334,1.1690603453964523,-1.4678650538126625
1957Q2,3.6266666666666665,,3.0,3.14,3.7733333333333334,4.53,,,28.013333333333332,4.1000000000000005,,,,,,3.612615904470499,3.612615904470499,0.014050762196167632,,0.1466666666666668,0.9033333333333333,472.025,52.64,11.2,-0.8,3.968,5.536,5.404080390930176,,-91414.0,3343.0,39673.0,5856.0,5860.0,6221.0,61295.0,60975.0,55041.0,-14772.0,166057.0,-19.36634712144484,0.7082251999364441,8.404851437953498,1.2406122557067951,1.2414596684497643,1.3179386685027277,-3.1294952597849686,12.985541020073088,12.917748000635559,11.660611196440867,35.17970446480589,0.8406334410253695,1.1728192362692653,-1.3040803909301752
1957Q3,3.926666666666667,,3.233333333333334,3.3533333333333335,4.07,4.826666666666667,,,28.263333333333335,4.233333333333333,,,,,,3.46544725387307,3.46544725387307,0.46121941279359674,,0.14333333333333323,0.9,479.49,54.066,11.3,8.3,4.285,5.636,5.407184600830078,,113414.0,4597.0,40841.0,5976.0,6052.0,1851.0,62852.0,62488.0,54973.0,10408.0,170669.0,23.653048030198754,0.9587269807503805,8.517591607749901,1.246324219483201,1.2621743936265615,0.3860351623600075,2.170639637948654,13.10809401655926,13.03218002460948,11.464889778723226,35.59386014306868,0.8936578447934264,1.175415545683956,-1.1738512674967447
1957Q4,3.6333333333333333,,3.2533333333333334,3.31,3.9966666666666666,5.036666666666666,,,28.400000000000002,4.933333333333334,,,,,,3.085365069103285,3.085365069103285,0.5479682642300482,,0.3633333333333331,1.4033333333333333,474.864,53.215,11.2,-8.9,4.031,5.678,5.410558,,-8206.0,-613.0,34258.0,6728.0,6336.0,864.0,64494.0,64072.0,56139.0,-5684.0,171843.0,-1.7280737221604503,-0.12908959196738434,7.214276087469254,1.416826712490313,1.3342767613464066,0.1819468310926918,-1.1969742915866437,13.581572829273222,13.492705279827488,11.822121702213687,36.187834832709996,0.848874625155834,1.1957107719262778,-0.4772246666666664
1958Q1,3.0399999999999996,,1.8633333333333333,1.7566666666666666,3.606666666666667,4.723333333333334,,,28.736666666666668,6.3,,,,,,3.456093669943957,3.456093669943957,-0.4160936699439568,,0.5666666666666668,1.6833333333333336,467.54,49.369,10.6,-23.1,3.696,5.76,5.41424036026001,,-68256.0,-4509.0,28076.0,8520.0,7460.0,-571.0,66653.0,65937.0,55707.0,3812.0,170060.0,-14.59896479445609,-0.9644094622919964,6.005047696453779,1.8223039739915303,1.5955854044573725,-0.1221285879283056,0.8153313085511401,14.256106429396414,14.10296445223938,11.914916370791804,36.373358429225306,0.7905205971681567,1.2319801514308937,0.8857596397399901
1958Q2,2.9233333333333333,,0.9400000000000001,0.9566666666666667,3.58,4.613333333333333,,,28.930000000000003,7.366666666666667,,,,,,3.273096154524646,3.273096154524646,-0.34976282119131286,,0.6566666666666666,1.6900000000000002,471.978,47.83,10.1,-13.9,3.475,5.871,5.418266,,-76644.0,-6780.0,27023.0,4772.0,4320.0,-399.0,67808.0,67017.0,55466.0,20144.0,173354.0,-16.238892490751688,-1.4365076338303904,5.725478729940802,1.0110640750204458,0.9152968994317532,-0.08453783862807164,4.267995542165101,14.366771332562111,14.199178775281899,11.751818940713338,36.729254329650956,0.736263130908644,1.2439139112416258,1.9484006666666671
1958Q3,3.5,,1.3233333333333335,1.68,3.8699999999999997,4.69,,,28.913333333333338,7.333333333333333,,,,,,2.3000960651986757,2.3000960651986757,1.1999039348013243,,0.36999999999999994,1.1900000000000002,485.841,47.435,9.8,-4.1,3.564,6.04,5.422658443450928,,-117936.0,-4812.0,31460.0,5512.0,5784.0,843.0,69258.0,68463.0,55023.0,-5860.0,173914.0,-24.27460835952503,-0.9904474920807425,6.475369513894464,1.1345275511947326,1.1905129455933114,0.17351355690441936,-1.2061559234399732,14.255281048738166,14.091647267315851,11.325310132327242,35.79648485821493,0.733573329546086,1.2432050814978561,1.9106748898824053
1958Q4,3.8000000000000003,,2.1633333333333336,2.69,4.093333333333334,4.88,,,28.94333333333333,6.366666666666667,,,,,,1.9134357142088776,1.9134357142088776,1.8865642857911222,,0.29333333333333345,1.0799999999999998,499.555,49.332,9.9,15.8,3.691,6.272,5.427429,,-53300.0,-3033.0,36560.0,4712.0,5008.0,5961.0,70373.0,69715.0,57595.0,18916.0,181096.0,-10.669495851307664,-0.6071403549158751,7.318513476994524,0.9432394831399946,1.002492218074086,1.1932620031828327,3.7865700473421344,14.087137552421655,13.955420324088438,11.529261042327672,36.25146380278448,0.7388575832490916,1.255517410495341,0.9392376666666671
1959Q1,3.9899999999999998,,2.57,2.7733333333333334,4.13,4.87,,15.515,28.993333333333336,5.833333333333333,,,,,,0.8945253113952223,0.8945253113952223,3.095474688604778,,0.13999999999999999,0.8799999999999999,510.33,50.942,10.0,13.1,3.759,6.469,5.432576656341553,,-42508.0,-2300.0,38885.0,2156.0,2368.0,2710.0,70959.0,70307.0,57895.0,10268.0,181118.0,-8.329512276370192,-0.45068877001156116,7.619579487782416,0.4224717339760547,0.4640134814727725,0.5310289420571003,2.0120314306429172,13.904532361413203,13.776771892696882,11.344620147747536,35.490368976936495,0.7365822115101993,1.2676111535672998,0.4007566769917803
1959Q2,4.256666666666667,,3.0833333333333335,3.0,4.3533333333333335,4.953333333333333,,15.597999999999999,29.043333333333333,5.1000000000000005,,,,,,0.39185388233514323,0.39185388233514323,3.864812784331523,,0.09666666666666697,0.6966666666666669,522.653,52.735,10.1,12.0,3.837,6.64,5.4380855560302725,,-70617.0,1314.0,44754.0,2852.0,3448.0,9680.0,71627.0,71169.0,60300.0,10448.0,182046.0,-13.511258904091243,0.25140963507336606,8.562851452110674,0.54567753366,0.6597111276506592,1.8520892446805053,1.9990318624402807,13.70450375296803,13.616873910606081,11.537291472544881,34.83114035507306,0.734139094198254,1.2704413827147265,-0.338085556030272
1959Q3,4.503333333333333,,3.5766666666666667,3.5400000000000005,4.473333333333333,5.116666666666666,,15.702333333333334,29.19333333333333,5.266666666666667,,,,,,0.9684436786301598,0.9684436786301598,3.5348896547031736,,-0.03000000000000025,0.6133333333333333,525.034,54.421,10.4,11.2,3.96,6.659,5.443927,,35097.0,-1689.0,39128.0,2184.0,2272.0,4380.0,72264.0,71737.0,60636.0,10480.0,186548.0,6.6847099425941945,-0.3216934522335696,7.452469744816526,0.4159730607922535,0.43273388009157504,0.8342316878525963,1.9960612074646593,13.763680066433793,13.663305614493538,11.548966352655258,35.53065134829364,0.7542368684694706,1.26829881493389,-0.1772603333333338
1959Q4,4.583333333333333,,3.99,4.23,4.57,5.273333333333333,,15.792333333333334,29.37,5.6000000000000005,,,,,,1.4741566187383908,1.4741566187383908,3.109176714594943,,-0.013333333333333641,0.6899999999999998,528.6,54.398,10.3,-1.1,4.395,6.752,5.450064,,-90112.0,1066.0,42594.0,3752.0,4228.0,6614.0,73109.0,72794.0,63538.0,5012.0,190148.0,-17.04729474082482,0.2016647748770337,8.05788876276958,0.7097994702989028,0.7998486568293606,1.2512296632614452,0.9481649640559969,13.830684827847142,13.77109345440787,12.020052970109724,35.97200151343171,0.8314415437003404,1.277336360196746,0.1499360000000003
1960Q1,4.486666666666667,,3.9333333333333336,3.873333333333333,4.553333333333334,5.31,,15.842333333333334,29.396666666666665,5.133333333333334,,,,,2.1097903070351975,1.3911856880802393,2.1097903070351975,2.3768763596314693,,0.06666666666666672,0.8233333333333333,542.648,56.322,10.4,14.6,4.592,6.874,5.4564523696899405,,72057.0,4783.0,47696.0,1852.0,1688.0,8643.0,73643.0,73216.0,65101.0,-5116.0,186451.0,13.278773717032037,0.881418525452964,8.789491530421193,0.34128938096150724,0.31106721115714053,1.5927452049947666,-0.9427842726776843,13.571044212823047,13.492356002417774,11.996911441671212,34.35947428167062,0.8462207545222684,1.2667511904586397,-0.32311903635660677
1960Q2,4.260000000000001,,3.6966666666666668,2.9933333333333336,4.453333333333333,5.246666666666667,,15.902333333333333,29.573333333333334,5.233333333333333,,,,,1.9512713134700672,1.8250196101042615,1.9512713134700672,2.308728686529933,,0.19333333333333336,0.9866666666666667,541.08,57.188,10.6,6.0,4.94,6.967,5.463051,,-52772.0,1028.0,42223.0,4332.0,3564.0,6221.0,74654.0,74107.0,66751.0,-2740.0,184325.0,-9.753086419753085,0.189990389591188,7.803467139794486,0.8006209802616989,0.6586826347305389,1.1497375619132106,-0.5063946181710653,13.797220374066683,13.696126265986546,12.336623050195906,34.06612700524877,0.9129888371405338,1.2876099652546757,-0.2297176666666667
1960Q3,3.8333333333333335,,2.936666666666667,2.36,4.3133333333333335,5.103333333333333,,15.964666666666666,29.59,5.533333333333334,,,,,1.670812758893847,1.358864662264514,1.670812758893847,2.1625205744394864,,0.48000000000000026,1.27,545.604,56.165,10.3,-6.8,4.817,7.276,5.469829559326172,,109160.0,1178.0,42409.0,3620.0,3128.0,1394.0,75671.0,74889.0,66254.0,940.0,186230.0,20.007184698059397,0.21590750800947206,7.772853571454755,0.6634848718117903,0.57330957984179,0.2554966605816673,0.17228612693455325,13.869216501345297,13.72588910638485,12.143239419065843,34.13281427555516,0.8828747589827053,1.3335679357189463,0.06350377400716223
1960Q4,3.8866666666666667,,2.296666666666667,2.3066666666666666,4.319999999999999,5.096666666666667,,16.017,29.78,6.266666666666666,,,,,1.4226821729345973,1.3960067587019436,1.4226821729345973,2.4639844937320694,,0.43333333333333296,1.21,540.197,55.882,10.3,-0.9,5.129,7.452,5.47677,,-175389.0,-4887.0,35340.0,5700.0,5308.0,4029.0,76985.0,76216.0,68610.0,-276.0,188350.0,-32.46759978304211,-0.9046699629949815,6.542057804837864,1.0551706136835266,0.9826044942863438,0.7458390179878822,-0.0510924718204655,14.25128240253093,14.108926928509414,12.700922071022239,34.86690966443724,0.9494684346636504,1.3794967391525683,0.7898966666666656
1961Q1,3.7866666666666666,,2.0033333333333334,2.35,4.27,5.0633333333333335,,16.04433333333333,29.84,6.8,,,,,1.275097913703956,1.5081492791054159,1.275097913703956,2.511568752962711,,0.4833333333333332,1.2766666666666666,545.018,55.012,10.1,-5.6,4.833,7.675,5.483875,5.47734664193975,-189437.0,-2957.0,36451.0,560.0,1444.0,1836.0,77200.0,76577.0,68332.0,-2248.0,185688.0,-34.75793460032512,-0.5425508882275448,6.688035991471841,0.10274890003632907,0.26494537795081996,0.3368696079762503,-0.41246344157440673,14.16466979072251,14.050361639432094,12.537567566575783,34.07006741061763,0.8867597033492473,1.4082103710336171,1.3161249999999995
1961Q2,3.7899999999999996,,1.7333333333333334,2.3033333333333332,4.283333333333333,5.016666666666667,,16.096999999999998,29.83,7.0,,3.8673813803341326,0.16382898644171595,3.7035523938924166,1.224124491310219,0.8679556967939354,1.224124491310219,2.5658755086897806,,0.49333333333333335,1.2266666666666668,555.545,56.198,10.1,9.3,5.338,7.928,5.491165,5.69702197868822,1046.0,-2252.0,40393.0,8580.0,7812.0,-585.0,79256.0,78530.0,68439.0,6812.0,185994.0,0.18828357738797036,-0.40536770198633776,7.270878146684787,1.544429344157539,1.4061867175476332,-0.10530200073801402,1.226183297482652,14.266351060670152,14.135668577702976,12.31925406582725,33.479556111566126,0.9608582563068698,1.4270671142751714,1.5088350000000004
1961Q3,3.98,,1.6833333333333333,2.3033333333333332,4.4366666666666665,5.1066666666666665,,16.166999999999998,29.94666666666667,6.766666666666667,,3.9953520056880456,0.3042461436054175,3.691105862082628,1.2673580983511308,1.2053937510250412,1.2673580983511308,2.712641901648869,,0.45666666666666683,1.1266666666666667,567.664,56.712,10.0,3.9,5.352,8.102,5.498675346374512,5.61316160665749,-46475.0,15.0,44192.0,3436.0,2828.0,2512.0,80254.0,79237.0,68116.0,14580.0,191041.0,-8.18706136024127,0.002642408185123594,7.784886834465459,0.605287634938978,0.49818202316863497,0.4425152907353646,2.5684207559401333,14.137588432593928,13.958433157642549,11.999351729191917,33.65388680627977,0.9428112404520985,1.4272527410580909,1.2679913202921549
1961Q4,3.973333333333333,,2.4,2.46,4.41,5.113333333333333,,16.20566666666667,29.99,6.2,,3.889409995347153,0.08335243929212204,3.8060575560550305,1.1780300757632107,0.7052055720092895,1.1780300757632107,2.795303257570122,,0.4366666666666667,1.1400000000000001,580.612,58.473,10.1,12.8,5.52,8.212,5.506455421447754,5.58580784813012,-49034.0,-1666.0,44810.0,6304.0,5496.0,6932.0,81705.0,80611.0,71286.0,4280.0,194206.0,-8.445226760728335,-0.2869386096050375,7.717718545259141,1.0857508973290253,0.946587393991168,1.1939126301213203,0.7371532107500361,14.072220346806475,13.883798474712888,12.277734528394177,33.448499169841476,0.9507209633972429,1.4143696651119853,0.6935445785522463
1962Q1,4.016666666666667,,2.4566666666666666,2.723333333333333,4.41,5.0633333333333335,,16.265666666666664,30.106666666666666,5.633333333333333,,3.9210994423302297,0.20597209648970147,3.715127345840528,1.379456759201192,0.8936550491510283,1.379456759201192,2.637209907465475,,0.3933333333333331,1.0466666666666666,594.013,59.656,10.0,8.2,5.855,8.225,5.514559,5.40760499633387,-13689.0,-536.0,47930.0,3148.0,3304.0,3028.0,82568.0,81437.0,71199.0,7252.0,194302.0,-2.304495019469271,-0.09023371542373652,8.068846978096438,0.5299547316304525,0.5562167831343758,0.5097531535505115,1.2208487019644352,13.90003249087141,13.709632617467967,11.986101314281001,32.71005853407249,0.9856686638171219,1.3846498308959567,0.11877433333333265
1962Q2,3.8733333333333335,,2.606666666666667,2.716666666666667,4.296666666666667,5.013333333333333,,16.328333333333333,30.22,5.533333333333334,,3.864006637652467,0.22217574589752687,3.6418308917549402,1.4370992566393292,1.3074201848525924,1.4370992566393292,2.4362340766940043,,0.4233333333333335,1.1399999999999997,600.366,61.356,10.2,11.3,5.723,8.33,5.523042,4.87382220467591,-4602.0,-1417.0,46891.0,6452.0,6176.0,6168.0,84073.0,82981.0,73151.0,4796.0,194009.0,-0.7665324152267117,-0.23602269282404398,7.810402321250703,1.0746777798876017,1.0287058227814367,1.0273733022856057,0.7988460372506105,14.003624455748659,13.821735408067745,12.184400848815557,32.31512110945656,0.9532518497050132,1.3874869662839002,0.010291333333333874
1962Q3,3.9899999999999998,,2.8466666666666662,2.84,4.336666666666667,5.046666666666667,,16.382,30.30666666666667,5.566666666666666,,3.9979070837276454,0.3963250965129667,3.601581987214679,1.3299136801279736,1.201974478646924,1.3299136801279736,2.6600863198720264,,0.3466666666666667,1.0566666666666666,609.027,62.101,10.2,5.1,5.554,8.425,5.5319504737854,4.76011275808591,-2293.0,-1222.0,48106.0,2772.0,2308.0,6912.0,84921.0,83558.0,73806.0,-1520.0,194901.0,-0.37650219120006173,-0.2006479187293831,7.898828787557859,0.4551522346299918,0.37896513619264827,1.1349250525838757,-0.2495784259154356,13.943716781029414,13.719917179369718,12.11867454152279,32.00202946667389,0.9119464325883746,1.3833541041694375,0.03471619288126604
1962Q4,3.9033333333333338,,2.9233333333333333,2.813333333333334,4.256666666666667,4.956666666666667,,16.412666666666667,30.38,5.533333333333334,,3.929992486733395,0.42189737270719796,3.508095114026197,1.2773354272344568,1.300455996544625,1.2773354272344568,2.6259979060988763,,0.3533333333333335,1.0533333333333335,612.28,61.819,10.1,-1.5,5.694,8.615,5.541324,4.30215014459319,16188.0,-6524.0,45689.0,4172.0,4340.0,9267.0,85841.0,84643.0,77630.0,11664.0,199754.0,2.643888417064088,-1.0655255765336122,7.462108839093225,0.6813876004442412,0.7088260273077677,1.5135232246684525,1.9050107793819822,14.019892859476057,13.824230744104005,12.6788397465212,32.62461618867185,0.9299666819102372,1.4070359966028616,-0.007990666666666257
1963Q1,3.893333333333333,,2.966666666666667,2.9066666666666667,4.196666666666666,4.8933333333333335,,16.467,30.47666666666667,5.766666666666667,,3.9339724597609056,0.33475487662426123,3.599217583136644,1.2379362767948636,1.2291109511422056,1.2379362767948636,2.65539705653847,,0.3033333333333335,0.9999999999999999,621.672,61.973,10.0,0.9,6.043,8.867,5.551188,4.28619582857565,-25212.0,-4858.0,47783.0,3584.0,3744.0,4891.0,86793.0,85579.0,77942.0,4932.0,199827.0,-4.055514805234915,-0.7814410171280033,7.686207517790732,0.5765097993797372,0.602246843994904,0.7867492825798813,0.793344400262518,13.961220708026097,13.765940882008518,12.537479571220835,32.1434775894684,0.9720560038090825,1.4263148412667774,0.21547866666666682
1963Q2,3.9633333333333334,,2.9633333333333334,2.94,4.22,4.853333333333333,,16.529333333333334,30.53333333333333,5.733333333333333,,3.9545862866366566,0.26039696390010264,3.6941893227365536,1.2309759852835223,1.036888605160698,1.2309759852835223,2.732357348049811,,0.25666666666666654,0.8899999999999997,629.752,63.883,10.1,13.0,6.459,9.183,5.561552,4.25221305033821,-604.0,-5711.0,48576.0,3952.0,4464.0,5447.0,87682.0,86695.0,79861.0,5216.0,199094.0,-0.09591077122422795,-0.9068649246052415,7.71351262084122,0.627548622314816,0.7088504681207841,0.8649436603615392,0.8282625541482995,13.923258679607212,13.766530316696096,12.681341226387529,31.61466736111993,1.0256418399623979,1.4581930664769625,0.17178133333333356
1963Q3,4.033333333333333,,3.33,3.293333333333333,4.286666666666666,4.836666666666667,,16.593,30.72,5.5,,4.0080542858613715,0.13233754067582323,3.875716745185548,1.2879862820868764,1.3645447889017264,1.2879862820868764,2.745347051246457,,0.25333333333333324,0.8033333333333333,644.444,65.712,10.2,11.4,6.767,9.381,5.572411,4.58128949475077,-3363.0,-4091.0,51157.0,1904.0,2120.0,6925.0,88336.0,87225.0,80361.0,-3768.0,199333.0,-0.5218451874794396,-0.634810782628126,7.938160647007344,0.2954484796196411,0.3289657441143063,1.0745697065997977,-0.5846900584069369,13.707319798151584,13.53492312753319,12.469818944702721,30.931004090347646,1.0500524483120335,1.4556734177058055,-0.07241099999999978
1963Q4,4.12,,3.453333333333333,3.4966666666666666,4.333333333333333,4.84,,16.673000000000002,30.80333333333333,5.566666666666666,,4.071463517044007,0.09103525904724712,3.98042825799676,1.586152749892548,1.3934606100504787,1.586152749892548,2.5338472501074523,,0.21333333333333324,0.7199999999999998,653.938,67.669,10.3,12.2,6.843,9.54,5.583747386932373,4.30999171030688,2373.0,-4315.0,51600.0,4724.0,4756.0,11553.0,89382.0,88414.0,84805.0,3448.0,202211.0,0.3628784380170597,-0.65984848716545,7.890656300750224,0.7223926427275981,0.7272860729916292,1.766681245010995,0.5272671109493561,13.668268245613499,13.520241980126556,12.968354798161293,30.92204459750007,1.0464294780239105,1.4588538974642855,-0.017080720265706617
1964Q1,4.18,,3.4633333333333334,3.53,4.376666666666666,4.83,,16.743666666666666,30.930000000000003,5.466666666666666,,4.154122674997887,0.13081798333140102,4.023304691666486,1.6800936621607827,1.4875702296923254,1.6800936621607827,2.4999063378392172,,0.19666666666666663,0.65,669.822,69.113,10.3,8.7,7.194,9.542,5.59552764892578,4.61568910856586,-19266.0,-6506.0,53168.0,2364.0,2708.0,7191.0,90039.0,89091.0,85666.0,5028.0,202520.0,-2.876286535825936,-0.971302823735261,7.937631191570298,0.35292958427761406,0.40428651193899273,1.073568798874925,0.75064718686457,13.44222793518278,13.30069779732526,12.78936792162694,30.234898226693062,1.0740166790580183,1.4245575690258008,-0.12886098225911446
1964Q2,4.2,,3.49,3.4766666666666666,4.406666666666667,4.85,,16.793333333333333,30.98,5.2,,4.12915018644816,0.12214377510315251,4.0070064113450075,1.5972771054416708,1.463078592733839,1.5972771054416708,2.602722894558329,,0.2066666666666667,0.6499999999999995,678.674,71.075,10.5,9.7,7.295,9.686,5.607706,4.53018977356907,-5603.0,-5522.0,54246.0,5224.0,5084.0,8339.0,91251.0,90362.0,88453.0,2788.0,200805.0,-0.8255804701520908,-0.8136454321220498,7.992939172562968,0.7697362798633807,0.7491078190707173,1.2287195325001399,0.41080106207103856,13.445483398509447,13.314492672476034,13.033208874953218,29.587843353362587,1.0748901534462791,1.4271947945552652,-0.4077060000000001
1964Q3,4.193333333333334,,3.456666666666667,3.4966666666666666,4.41,4.823333333333333,,16.84,31.05,5.0,,4.172092562825933,0.23565776967370544,3.936434793152227,1.4886340288980282,1.0742511911006207,1.4886340288980282,2.704699304435305,,0.21666666666666648,0.6299999999999999,692.031,73.406,10.6,13.5,7.23,9.892,5.620222568511962,4.62932677250195,-3953.0,-3729.0,56569.0,2772.0,2784.0,11101.0,92139.0,91058.0,89765.0,6104.0,203501.0,-0.5712171853573034,-0.53884869319438,8.174344790912546,0.4005600905161763,0.4022941168820472,1.604118890627732,0.8820414114396609,13.314287943748186,13.158081068622648,12.971239727700059,29.406341623424385,1.0447508854372132,1.4294157342662395,-0.620222568511962
1964Q4,4.173333333333333,,3.5766666666666667,3.6833333333333336,4.43,4.81,,16.883,31.19333333333333,4.966666666666666,,4.117719776041377,0.010514117612887416,4.10720565842849,1.2595031209902425,1.2661498690505295,1.2595031209902425,2.913830212343091,,0.25666666666666654,0.6366666666666662,697.319,75.324,10.8,8.8,7.74,10.111,5.633007,4.37227100466389,-8969.0,-1401.0,58921.0,6244.0,5400.0,12394.0,93533.0,92408.0,94396.0,4304.0,206767.0,-1.2862119058852548,-0.20091235144890646,8.449647865611004,0.8954294949657188,0.7743945023726587,1.77737878933458,0.6172210996688746,13.413229813041092,13.251897625046785,13.536989527031388,29.651708902238433,1.109965453400811,1.4499820024981396,-0.6663403333333342
1965Q1,4.203333333333333,,3.9766666666666666,3.89,4.42,4.786666666666666,,16.94666666666667,31.290000000000003,4.8999999999999995,,4.21280223994157,0.18018117779469245,4.032621062146878,1.212453731886957,1.1639292254741251,1.212453731886957,2.9908796014463768,,0.21666666666666648,0.5833333333333334,717.79,80.23,11.2,28.0,7.844,10.546,5.645977,4.75481122115014,-31461.0,-430.0,66011.0,2220.0,3736.0,18808.0,94189.0,93342.0,98088.0,664.0,206174.0,-4.383036821354435,-0.05990610067011243,9.196422351941376,0.30928265927360366,0.5204864932640466,2.6202649800080806,0.0925061647557085,13.122083060505163,13.00408197383636,13.665278145418577,28.723442789673857,1.0927987294333998,1.4692319480628038,-0.7459770000000008
1965Q2,4.206666666666667,,4.079999999999999,3.8733333333333335,4.443333333333333,4.819999999999999,,16.999333333333336,31.49,4.666666666666667,,4.145897714901488,0.02595783427703117,4.119939880624457,1.2266748940980527,1.6460472814456617,1.2266748940980527,2.9799917725686136,,0.23666666666666666,0.613333333333333,730.191,83.382,11.4,15.6,8.255,10.92,5.659044,4.72581161344671,-7631.0,-1650.0,65778.0,6212.0,6396.0,12937.0,95668.0,94941.0,102188.0,-648.0,202972.0,-1.0450690298839618,-0.22596827405432277,9.00832795802742,0.8507363141972443,0.8759352005160294,1.7717282190550143,-0.08874390399224312,13.101777480138757,13.00221448908573,13.994694538826144,27.797110619002424,1.1305261226172332,1.4954991228322452,-0.9923773333333328
1965Q3,4.246666666666667,,4.076666666666667,3.8666666666666667,4.496666666666667,4.89,,17.052000000000003,31.583333333333332,4.366666666666667,,4.253958942256494,0.09731770673938527,4.156641235517109,1.258869712258089,1.7176815357512254,1.258869712258089,2.987796954408578,,0.25,0.6433333333333332,749.323,86.686,11.6,15.3,8.778,11.327,5.672116,4.98206080457507,-16498.0,973.0,68920.0,6796.0,6772.0,12788.0,97560.0,96634.0,103580.0,-12084.0,201452.0,-2.2017207532666156,0.12985054509203642,9.197635732521222,0.906952008679835,0.9037491175367631,1.7066071640667642,-1.6126556905366578,13.01975249658692,12.8961742799834,13.823144358307433,26.884534439754287,1.1714574355785157,1.5116311657322679,-1.3054493333333328
1965Q4,4.473333333333334,,4.166666666666667,4.166666666666667,4.613333333333333,4.966666666666666,,17.108666666666668,31.75,4.1000000000000005,,4.530286464694405,0.1350265012729063,4.395259963421498,1.3365510665279763,1.7844331692295305,1.3365510665279763,3.136782266805357,,0.13999999999999968,0.4933333333333332,771.857,90.645,11.7,17.3,9.19,11.746,5.685105,5.20229242006834,13659.0,227.0,70410.0,2868.0,2504.0,18234.0,98057.0,97260.0,110140.0,13100.0,207025.0,1.7696283119800686,0.02940959270953039,9.122156047039802,0.371571418021732,0.3244124235447758,2.362354684870384,1.697205570461886,12.704037146777189,12.600779678100995,14.269482559593294,26.821678108768854,1.1906350528660101,1.5217844756217798,-1.5851049999999995
1966Q1,4.7700000000000005,,4.56,4.61,4.8133333333333335,5.166666666666667,,17.194333333333333,32.04666666666666,3.8666666666666667,,4.899319506904679,0.35581332864509996,4.54350617825958,1.4613873253477145,2.4181227626929016,1.4613873253477145,3.3086126746522857,,0.0433333333333333,0.3966666666666665,795.734,94.382,11.9,17.9,9.832,12.215,5.69793,5.43463445714116,-30230.0,6582.0,79597.0,11236.0,11852.0,14196.0,101043.0,100223.0,112571.0,2760.0,206960.0,-3.7990082112866865,0.8271608351534558,10.002965815209604,1.412029648098485,1.4894424518746214,1.78401325065914,0.34684957536061045,12.69808755187035,12.595038040350168,14.146812879680898,26.00869134660578,1.2355887771541747,1.5350607112427017,-1.8312633333333337
1966Q2,4.78,,4.913333333333333,4.586666666666667,5.003333333333334,5.489999999999999,,17.334333333333333,32.336666666666666,3.8333333333333335,,4.920433140729244,0.3022923975399374,4.618140743189307,1.9705802255987281,2.689222098095153,1.9705802255987281,2.8094197744012717,,0.2233333333333336,0.7100000000000003,804.981,96.823,12.0,6.7,10.487,12.628,5.710529,5.17436489634575,-18172.0,9133.0,82781.0,10780.0,10268.0,20393.0,103651.0,102790.0,118667.0,-12464.0,200411.0,-2.2574445856486056,1.1345609399476508,10.283596755699824,1.3391620423339186,1.2755580566497842,2.533351718860445,-1.548359526498141,12.876204531535526,12.769245485297168,14.741590174178024,24.896364013560568,1.3027636677138963,1.56873267816259,-1.8771956666666667
1966Q3,5.14,,5.41,5.043333333333333,5.32,5.866666666666667,,17.477333333333334,32.61666666666667,3.766666666666667,,5.382598643665368,0.5178026009298836,4.864796042735485,2.4942414838202844,3.2717083426005398,2.4942414838202844,2.6457585161797152,,0.1800000000000003,0.7266666666666669,819.638,98.325,12.0,5.4,10.937,13.0,5.722861,5.15808924336609,-19553.0,9004.0,82601.0,11360.0,9732.0,13401.0,106689.0,105223.0,119911.0,948.0,202581.0,-2.385565334940547,1.0985337429450563,10.077741637161772,1.3859777121119323,1.1873534413972997,1.6349900809869724,0.1156608161163831,13.016600011224465,12.837740563517064,14.629751182839254,24.71591117054114,1.3343695631486094,1.5860660437900636,-1.956194333333333
1966Q4,5.003333333333333,,5.5633333333333335,5.21,5.383333333333333,6.136666666666667,,17.628333333333334,32.88333333333333,3.6999999999999997,,5.034216638013813,0.2862435767910559,4.7479730612227575,3.0373961570875796,3.5700073192116655,3.0373961570875796,1.9659371762457536,,0.3799999999999999,1.133333333333333,833.302,99.163,11.9,0.0,11.397,13.366,5.734915,5.13522354673124,-21208.0,10653.0,87570.0,10780.0,9004.0,7098.0,109096.0,107474.0,123831.0,13208.0,208138.0,-2.5450556940940983,1.278408068143362,10.508795130696914,1.2936486411889088,1.0805206275755967,0.8517920273802295,1.5850195967368375,13.092012259660962,12.89736494092178,14.860278746480867,24.97749915396819,1.3676914251975874,1.603980309659643,-2.0349150000000003
1967Q1,4.583333333333333,,4.823333333333333,4.513333333333333,5.12,5.88,,17.725333333333335,32.96666666666667,3.8333333333333335,,4.5751077409354615,0.19720965377630031,4.377898087159161,3.0882578251676023,2.8718317016550365,3.0882578251676023,1.4950755081657308,,0.5366666666666667,1.2966666666666666,844.17,97.999,11.6,-6.3,11.125,13.618,5.746704,5.09854840905512,-47195.0,9257.0,84490.0,15784.0,12572.0,11204.0,113294.0,110617.0,125363.0,8292.0,209601.0,-5.590698555978061,1.096580072734165,10.008647547294975,1.86976556854662,1.48927348756767,1.327220820450857,0.9822666050676996,13.42075648269898,13.10364026203253,14.850444815617708,24.82924055581222,1.3178625158439652,1.6131821789449992,-1.9133706666666668
1967Q2,4.819999999999999,,3.9899999999999998,3.66,5.263333333333334,5.98,,17.843999999999998,33.166666666666664,3.8333333333333335,,4.913398095445101,0.5599871053084978,4.353410990136603,2.9403345406679846,2.566641744275233,2.9403345406679846,1.8796654593320152,,0.44333333333333397,1.1600000000000004,848.983,98.297,11.6,-1.0,11.222,13.786,5.75827,4.87112812279673,-14587.0,2569.0,77249.0,17140.0,14476.0,8291.0,117478.0,114236.0,128543.0,-22656.0,199980.0,-1.7181733909866275,0.3025973429385512,9.099004338131623,2.0188861261061763,1.7050989242422994,0.9765802142092362,-2.6686046717072074,13.837497335046756,13.455628675721423,15.140821429875508,23.55524197775456,1.3218168090527136,1.6238252120478267,-1.924936666666667
1967Q3,5.246666666666667,,3.893333333333333,4.3,5.616666666666667,6.330000000000001,,18.006,33.5,3.7999999999999994,,5.197022353920718,0.5196503484927634,4.677372005427954,3.0247331406719162,2.708789935620248,3.0247331406719162,2.2219335259947504,,0.3700000000000001,1.0833333333333333,865.233,98.785,11.4,-0.7,11.058,14.116,5.769672,4.89243785940256,-17639.0,3768.0,79996.0,17296.0,18036.0,5084.0,122009.0,118745.0,127537.0,23656.0,208290.0,-2.038641614455297,0.435489631116705,9.245602051701681,1.99899911353358,2.0845252088165847,0.5875873897551296,2.7340612297496745,14.101288323492053,13.724048897811342,14.740191370416985,24.073284306077092,1.2780372454587379,1.6314680554255327,-1.9696720000000005
1967Q4,5.6433333333333335,,4.173333333333333,4.753333333333333,6.026666666666667,6.723333333333333,,18.18766666666667,33.86666666666667,3.9,,5.693822193773859,0.7570221059085016,4.9368000878653575,3.1729164993655967,2.9901297481070395,3.1729164993655967,2.470416833967737,,0.38333333333333347,1.0799999999999994,881.439,101.744,11.5,8.3,11.695,14.492,5.780984,4.82077209966039,-5437.0,5179.0,85052.0,14060.0,13548.0,393.0,125166.0,122132.0,130087.0,25752.0,216899.0,-0.616832248175994,0.5875619299804071,9.649221330120405,1.5951188908137717,1.537032057805475,0.04458618236769646,2.921586178964171,14.200188555305585,13.855978689393138,14.758480167090404,24.60737498567683,1.3268076406875575,1.644129656164522,-1.8809840000000002
1968Q1,5.609999999999999,,4.79,5.05,6.126666666666666,6.829999999999999,,18.395,34.199999999999996,3.733333333333333,,5.611631913822961,0.7736732574608102,4.837958656362152,3.7777359669173873,3.741057996377147,3.7777359669173873,1.8322640330826125,,0.5166666666666666,1.2199999999999998,909.387,105.582,11.6,12.3,11.854,14.93,5.792286,5.0450677990489,-40683.0,10145.0,85472.0,10908.0,10408.0,22940.0,128216.0,124734.0,134421.0,23556.0,222114.0,-4.473672924728416,1.115586653426979,9.398858791691547,1.1994893263264155,1.1445072339938882,2.5225783962163524,2.590316333970026,14.099167901014638,13.716272610010918,14.781495666861302,24.424584912693938,1.3035154450195572,1.641765277049265,-2.058952666666667
1968Q2,5.743333333333333,,5.983333333333333,5.52,6.253333333333333,7.023333333333333,,18.608999999999998,34.53333333333333,3.5666666666666664,,5.869154179736959,0.9392626450605149,4.929891534676444,4.286912120794824,4.1204346340298015,4.286912120794824,1.456421212538509,,0.5100000000000001,1.2800000000000002,934.344,105.299,11.3,-4.8,11.711,15.417,5.803658485412599,5.1082663255393,-20311.0,8653.0,87984.0,14308.0,14112.0,15997.0,131662.0,128262.0,138817.0,-3196.0,217294.0,-2.1738246299007646,0.9261043041963131,9.416660245048933,1.5313417756201142,1.5103644910225784,1.7121103148305121,-0.3420581712945125,14.09138390143245,13.727492229842541,14.857161816204739,23.256316731310953,1.2533927547027648,1.6500346767357632,-2.236991818745933
1968Q3,5.46,,5.946666666666666,5.196666666666666,6.076666666666667,6.863333333333333,,18.816999999999997,35.0,3.533333333333333,,5.620803392847846,1.0142787162302431,4.606524676617602,4.503904440529882,4.477638539552024,4.503904440529882,0.9560955594701177,,0.6166666666666666,1.4033333333333335,950.825,107.609,11.3,5.6,12.033,15.796,5.8151755332946795,4.97288263853653,-32354.0,7600.0,87546.0,18412.0,13204.0,12624.0,136491.0,131563.0,139638.0,16488.0,223989.0,-3.4027292088449506,0.7993058659585097,9.207372544895223,1.9364236321089578,1.3886887702784423,1.327689112086872,1.7340730418320933,14.355007493492494,13.836720742513082,14.685983225093999,23.55733179081324,1.2655325638261508,1.6612941393000815,-2.2818421999613463
1968Q4,5.7700000000000005,,5.916666666666667,5.586666666666666,6.243333333333333,7.026666666666666,,19.036,35.43333333333333,3.4,,5.823986022013076,0.7794701986023922,5.044515823410684,4.664222637811336,4.626145198238429,4.664222637811336,1.1057773621886637,,0.47333333333333333,1.2566666666666666,968.03,112.182,11.6,11.4,12.057,16.187,5.826905,4.81850681596257,-5011.0,8747.0,90123.0,12804.0,13848.0,21309.0,139274.0,135025.0,147531.0,-1728.0,225679.0,-0.5176492464076526,0.9035876987283451,9.309938741567926,1.3226862803838724,1.4305341776597833,2.2012747538815947,-0.17850686445668007,14.387364027974339,13.94843135026807,15.240333460739851,23.31322376372633,1.2455192504364534,1.6721589206946066,-2.426905
1969Q1,6.176666666666667,,6.566666666666666,6.093333333333334,6.7,7.376666666666666,,19.244,35.86666666666667,3.4,,6.164927155816275,0.8638882649220792,5.301038890894195,4.615410488265599,4.872752698538359,4.615410488265599,1.5612561784010672,,0.5233333333333331,1.2,993.337,115.993,11.7,10.6,13.031,16.51,5.838901,4.94639814213123,-37445.0,13863.0,94925.0,14820.0,13748.0,18743.0,143342.0,138462.0,150756.0,2388.0,225552.0,-3.769616957789753,1.395598875306165,9.556172779227996,1.4919408015607996,1.384021736832515,1.8868722296662663,0.24040179717457422,14.430349418173288,13.939076063813188,15.176722502031032,22.706493365292946,1.3118407952185414,1.6620744017387858,-2.438901
1969Q2,6.353333333333334,,8.326666666666666,6.196666666666666,6.886666666666667,7.586666666666666,,19.474333333333334,36.43333333333333,3.4333333333333336,,6.385994789084433,0.91146052738913,5.474534261695304,4.650112265609059,5.502002171177208,4.650112265609059,1.703221067724274,,0.5333333333333332,1.2333333333333332,1009.02,118.368,11.7,4.5,14.17,17.006,5.85120964050293,4.75328808566927,-27863.0,14588.0,94951.0,13888.0,13188.0,24588.0,146673.0,141759.0,158106.0,-31884.0,213596.0,-2.761392241977364,1.4457592515510098,9.41021981724842,1.3763850072347426,1.3070107629184753,2.436819884640542,-3.1598977225426648,14.5361836237141,14.049176428613903,15.66926324552536,21.16865869853918,1.4043329170878673,1.685397712632059,-2.417876307169596
1969Q3,6.8566666666666665,,8.983333333333333,7.023333333333333,7.063333333333333,7.916666666666667,,19.698999999999998,36.93333333333333,3.5666666666666664,,6.759622308777772,0.5879366079700219,6.17168570080775,4.687404280164394,5.523567733691892,4.687404280164394,2.1692623865022727,,0.20666666666666642,1.0600000000000003,1029.956,122.408,11.9,9.4,15.227,17.355,5.863864,4.70830907642771,-36698.0,20404.0,100681.0,13664.0,11096.0,20001.0,150311.0,144533.0,160716.0,14400.0,219837.0,-3.5630648299539014,1.98105550140006,9.775271953365,1.3266586145427572,1.0773275751585507,1.9419276163253576,1.3981179778553647,14.593924400654009,14.032929562039545,15.604161731180751,21.344309854013183,1.4784126700558085,1.6850234378944347,-2.297197333333334
1969Q4,7.296666666666667,,8.94,7.353333333333334,7.466666666666666,8.373333333333333,,19.930333333333333,37.5,3.5666666666666664,,6.89798364803886,0.4278276371448211,6.470156010894038,4.698030431234083,5.832267391309435,4.698030431234083,2.5986362354325836,,0.16999999999999993,1.076666666666667,1038.147,123.284,11.9,-2.1,16.019,17.736,5.876888,4.42936233001452,-28205.0,21632.0,97919.0,10256.0,10168.0,18562.0,152431.0,147075.0,167845.0,11284.0,224726.0,-2.7168599437266594,2.0837126148801666,9.432093913482388,0.9879140430016173,0.9794374014470013,1.78799341519072,1.086936628435087,14.682988054678193,14.167068825513152,16.167748883346967,21.64683806821192,1.5430377393567576,1.7084285751439827,-2.3102213333333337
1970Q1,7.366666666666667,,8.573333333333332,7.21,7.8933333333333335,8.756666666666666,,20.147333333333332,38.1,4.166666666666667,,7.089549253780921,0.8752949387031451,6.214254315077775,4.694192764071407,6.2270762723552435,4.694192764071407,2.6724739025952595,,0.5266666666666664,1.3899999999999997,1051.2,123.796,11.8,-2.8,16.693,17.905,5.890298366546631,4.2865282439454,-43178.0,17731.0,92600.0,16872.0,12932.0,52883.0,157352.0,150308.0,182282.0,8188.0,227467.0,-4.107496194824962,1.6867389649923896,8.808980213089802,1.6050228310502284,1.230213089802131,5.030726788432268,0.7789193302891932,14.968797564687975,14.298706240487064,17.34037290715373,21.638793759512936,1.5879946727549468,1.7032914764079148,-1.723631699879964
1970Q2,7.713333333333334,,7.886666666666667,6.676666666666667,8.14,8.976666666666667,,20.375333333333334,38.63333333333333,4.766666666666667,,7.589964574778733,1.5015713863660478,6.088393188412685,4.6266474083050655,6.03849702210358,4.6266474083050655,3.086685925028267,,0.42666666666666675,1.2633333333333334,1067.375,125.008,11.7,-2.6,16.991,17.948,5.9041,4.21180735978464,-21731.0,17747.0,97240.0,22888.0,23220.0,20256.0,163008.0,156113.0,189142.0,11076.0,221776.0,-2.0359292657219816,1.6626771284693758,9.11020025764141,2.144326033493383,2.1754303782644335,1.8977397821758988,1.0376859116992623,15.271858531443963,14.625881250731936,17.720295116524184,20.777702307061716,1.5918491626654176,1.6815083733458251,-1.137433333333333
1970Q3,7.46,,6.706666666666667,6.326666666666667,8.22,9.41,,20.602,39.03333333333333,5.166666666666667,,7.344334125360301,1.635234077353127,5.709100048007174,4.583895459389131,5.6859853360633705,4.583895459389131,2.876104540610869,,0.7600000000000001,1.9500000000000002,1086.059,126.255,11.6,1.4,16.36,18.016,5.918292,4.27482828949901,-51971.0,20075.0,99409.0,21904.0,21440.0,6757.0,168834.0,161473.0,188953.0,23332.0,229196.0,-4.785283304129886,1.8484262825500273,9.15318596871809,2.016833339625195,1.9741100621605272,0.6221577280792295,2.148317909063872,15.545564283340042,14.867792633733526,17.39804191116689,21.103457546965682,1.506363834745626,1.6588417388005623,-0.7516253333333331
1970Q4,6.853333333333333,,5.566666666666666,5.353333333333334,7.906666666666666,9.276666666666666,,20.891333333333332,39.6,5.833333333333333,,6.615242347205496,1.6930891237296555,4.92215322347584,4.821451216669341,5.600106195613264,4.821451216669341,2.0318821166639927,,1.0533333333333335,2.4233333333333333,1088.608,123.52,11.3,-13.0,16.506,17.918,5.932861,3.86561230792783,-15964.0,13800.0,90772.0,26064.0,23028.0,-604.0,174363.0,167230.0,191008.0,9136.0,237659.0,-1.466459919456774,1.2676739469120197,8.338355036891148,2.3942502719068757,2.115362003586231,-0.05548370028513478,0.8392368970281313,16.01706031923337,15.361819865369352,17.546077192157323,21.8314581557365,1.5162482730238986,1.6459552015050414,-0.0995276666666669
1971Q1,6.016666666666667,,3.856666666666667,3.84,7.216666666666666,8.530000000000001,,21.156000000000002,39.93333333333333,5.933333333333334,,6.136167320805002,2.1133474419600606,4.022819878844941,5.006524578890081,4.813365533783435,5.006524578890081,1.0101420877765854,,1.2,2.5133333333333336,1135.156,126.281,11.1,3.3,16.173,18.133,5.947782,4.3359664832288,-55029.0,16752.0,103469.0,24404.0,22228.0,8032.0,181120.0,172787.0,191040.0,2968.0,239296.0,-4.847703751731039,1.475744302985669,9.114958648855312,2.149836674430651,1.9581449598116911,0.7075679466082195,0.2614618607486548,15.955516246225187,15.221432120342932,16.829404945223388,21.080450616479148,1.424738097671157,1.597401590618382,-0.014448666666666554
1971Q2,6.246666666666666,,4.566666666666666,4.25,7.473333333333334,8.606666666666667,,21.397333333333332,40.300000000000004,5.900000000000001,,6.561062886853253,1.666359895660216,4.894702991193037,5.015719160062974,4.313810844177812,5.015719160062974,1.2309475066036926,,1.2266666666666668,2.36,1156.271,129.481,11.2,5.6,17.299,18.456,5.963016,4.08753154823174,-27451.0,10482.0,100226.0,16784.0,22428.0,15937.0,185270.0,178394.0,196660.0,40880.0,241212.0,-2.3740974217981767,0.9065348867177331,8.668037164297989,1.4515628256697608,1.9396836900691965,1.378310102043552,3.535503355182306,16.02306033793116,15.428390057348148,17.008123528134842,20.861199493890272,1.4961025572724733,1.5961656047760429,-0.0630159999999984
1971Q3,6.483333333333333,,5.476666666666667,5.010000000000001,7.5566666666666675,8.703333333333333,,21.599,40.699999999999996,6.033333333333334,,6.434395147025588,1.4313888776921635,5.003006269333425,4.839945532124819,4.270262320207234,4.839945532124819,1.6433878012085141,,1.0733333333333333,2.2199999999999998,1177.675,131.19,11.1,1.8,17.595,18.812,5.9785056114196795,3.94402424469196,-22452.0,10091.0,102307.0,14752.0,14068.0,20079.0,189398.0,181911.0,199256.0,28956.0,249957.0,-1.9064682531258623,0.8568577918356083,8.687201477487422,1.2526376122444647,1.194557072197338,1.7049695374360498,2.4587428619950327,16.082365678137005,15.446621521217654,16.919438724605683,21.224616299063833,1.4940454709491158,1.5973846774364746,0.05482772191365459
1971Q4,5.89,,4.75,4.2299999999999995,7.3,8.413333333333334,,21.722333333333335,41.0,5.933333333333334,,6.002172748110934,1.5304048363240241,4.47176791178691,3.9785642410239626,3.5362639308765895,3.9785642410239626,1.9114357589760367,,1.4100000000000001,2.5233333333333343,1190.297,134.711,11.3,8.4,18.274,19.312,5.994177,3.64790409573429,1638.0,1331.0,100185.0,17404.0,17820.0,4006.0,192699.0,186366.0,202548.0,22128.0,261392.0,0.13761271346563084,0.111820831271523,8.416806897774253,1.4621560837337237,1.4971053442964235,0.33655465820715336,1.8590318214697679,16.189152791278143,15.657100706798389,17.01659333762918,21.960233454339548,1.5352470853912932,1.6224522115068762,-0.060843666666666074
1972Q1,6.033333333333334,,3.546666666666667,3.436666666666667,7.233333333333333,8.233333333333334,,21.930666666666667,41.333333333333336,5.766666666666667,,6.163833986922864,1.6531107869193666,4.510723200003497,3.661970663727731,3.5058479532163793,3.661970663727731,2.371362669605602,,1.2,2.2,1230.609,140.585,11.4,13.4,19.111,19.923,6.00994,3.87325763338752,-50693.0,6386.0,106202.0,16736.0,11528.0,29967.0,196912.0,189248.0,208000.0,-676.0,264601.0,-4.119342536906523,0.5189300582069528,8.63003602281472,1.3599770520124588,0.9367719559990215,2.4351357742386086,-0.05493215147947074,16.001183154031864,15.378402075720231,16.902200455221763,21.501630493519876,1.5529709274026113,1.6189545176412654,-0.24327333333333367
1972Q2,6.1433333333333335,,4.3,3.77,7.276666666666666,8.223333333333334,,22.078999999999997,41.6,5.7,,6.1416882131264385,1.513489282271977,4.628198930854462,3.1863236264073245,3.226680411674924,3.1863236264073245,2.957009706926009,,1.133333333333333,2.0799999999999996,1266.369,143.976,11.4,6.7,19.067,20.424,6.0256905555725115,4.03199198117607,-15420.0,12317.0,114793.0,19164.0,15652.0,15682.0,201580.0,193161.0,214019.0,6012.0,257796.0,-1.2176545698765524,0.9726233033183851,9.064735475994754,1.5133029946247896,1.2359746645724903,1.2383436423348961,0.4747431435861112,15.91795124485833,15.253137118801865,16.900208391077165,20.35709970790504,1.5056432998596776,1.6128000606458308,-0.32569055557251136
1972Q3,6.29,,4.743333333333333,4.22,7.206666666666667,8.17,,22.245,41.93333333333333,5.566666666666666,,6.286957448384624,1.410645653852826,4.876311794531798,2.9907527258697275,3.0301141609458,2.9907527258697275,3.299247274130272,,0.9166666666666666,1.88,1290.566,147.015,11.4,6.0,19.498,20.763,6.041317,3.90144747875293,-21945.0,12931.0,120083.0,9996.0,12308.0,27515.0,204465.0,196238.0,217403.0,13880.0,261550.0,-1.7004167163864536,1.0019634795895755,9.30467717265138,0.7745438822966048,0.9536900863652072,2.132010296257611,1.0754971074706756,15.843048708861074,15.205576467999313,16.845554586127324,20.266301762172567,1.5108099856961983,1.6088289944102045,-0.47465033333333384
1972Q4,6.373333333333334,,5.1466666666666665,4.863333333333333,7.136666666666667,7.993333333333333,,22.384666666666664,42.36666666666667,5.366666666666667,,6.269483108767705,1.2603128614961028,5.009170247271602,3.0490693665675104,3.333148095994735,3.0490693665675104,3.324263966765823,,0.7633333333333331,1.6199999999999999,1328.904,154.967,11.7,20.6,20.14,21.197,6.056706,3.99481478650195,42986.0,13218.0,124679.0,9108.0,10440.0,36819.0,206450.0,198848.0,230383.0,24928.0,272428.0,3.234695658979129,0.9946542413898971,9.382092310656,0.6853768218020263,0.7856097957414531,2.7706290296364524,1.8758315122838067,15.5353584608068,14.963308109539891,17.33631624255778,20.500201669947565,1.5155346059610024,1.595073835280803,-0.690039333333333
1973Q1,6.603333333333333,,6.536666666666666,5.7,7.22,7.966666666666666,,22.540666666666667,43.03333333333333,4.933333333333334,,6.49943772378242,0.9678939388132285,5.531543784969191,2.7812979249685363,4.112142957647391,2.7812979249685363,3.822035408364797,,0.6166666666666668,1.3633333333333333,1377.49,162.839,11.8,17.9,21.567,21.704,6.0717453956604,4.27625443652513,-46961.0,22302.0,136860.0,2560.0,6284.0,68846.0,207245.0,200419.0,243383.0,14204.0,279503.0,-3.4091717544228994,1.619031717108654,9.935462326405272,0.18584526929415096,0.45619205947048613,4.997931019462936,1.0311508613492657,15.045118294869656,14.549579307290797,17.66858561586654,20.2907462123137,1.5656737979949038,1.5756194237344736,-1.1384120623270668
1973Q2,6.8066666666666675,,7.816666666666666,6.603333333333334,7.3066666666666675,8.093333333333334,,22.84766666666667,43.93333333333334,4.933333333333334,,6.627033165828771,0.9026000568780672,5.724433108950703,3.481151349291989,5.608418270017908,3.481151349291989,3.3255153173746783,,0.5,1.286666666666667,1413.887,171.283,12.1,15.7,22.732,22.326,6.086335,4.34033466468742,-45958.0,25945.0,137413.0,15948.0,12748.0,61438.0,211128.0,203606.0,257993.0,5400.0,272356.0,-3.2504719259742827,1.8350122746725868,9.718810626308892,1.1279543556168208,0.9016279235893675,4.345326040907088,0.3819258540463276,14.932452169091306,14.400443599806772,18.247073493143372,19.262925537896596,1.6077663915150222,1.5790512254515392,-1.1530016666666665
1973Q3,7.206666666666667,,10.56,8.323333333333332,7.586666666666666,8.466666666666667,,23.151333333333337,44.800000000000004,4.8,,7.029893794364857,0.9954509385733751,6.034442855791482,4.0739297238157794,6.834538413634971,4.0739297238157794,3.1327369428508867,,0.3799999999999999,1.26,1433.838,176.642,12.3,6.3,23.358,22.961,6.100386619567871,4.0454398496881,-55151.0,25146.0,139659.0,12708.0,10792.0,80690.0,214618.0,206304.0,271586.0,-9644.0,270401.0,-3.846389898998353,1.7537546082611841,9.740221698685625,0.8862925937239773,0.7526652243837867,5.627553461409169,-0.6726003913970755,14.96807868113413,14.388236327953367,18.94119140377086,18.8585460840067,1.6290543283132404,1.6013664026201007,-1.3003866195678713
1973Q4,6.753333333333334,,9.996666666666666,7.5,7.6499999999999995,8.436666666666667,,23.473666666666663,45.93333333333334,4.766666666666667,,6.6264222977868945,0.8514483268354102,5.774973970951483,4.86447197266829,8.417588496545,4.86447197266829,1.8888613606650433,,0.8966666666666662,1.6833333333333333,1476.289,180.142,12.2,3.0,24.662,23.735,6.11383056640625,4.2354856721149,-14577.0,35900.0,153059.0,20000.0,8552.0,56400.0,219254.0,208442.0,287062.0,5728.0,276350.0,-0.9874082920078656,2.4317731826221016,10.367820934789869,1.3547482911543742,0.5792903692976104,3.8203901810553353,0.38799991058661276,14.851699091438059,14.119322165240003,19.44483769776785,18.719234513025565,1.670540117822459,1.6077475345274534,-1.3471638997395834
1974Q1,7.053333333333334,,9.323333333333332,7.616666666666667,7.896666666666666,8.543333333333333,,23.876666666666665,47.29999999999999,5.133333333333333,,7.041310732029699,1.1083397001387614,5.932971031890937,5.926183527838528,9.913374128075334,5.926183527838528,1.1271498054948053,,0.8433333333333332,1.4899999999999995,1491.209,183.404,12.3,-0.4,25.144,24.388,6.126616477966309,4.00811846248005,-74177.0,37522.0,152960.0,19064.0,15228.0,47635.0,224325.0,212249.0,295847.0,-6272.0,278582.0,-4.9742859652805205,2.5162133543990146,10.257448821727873,1.278425760574138,1.0211848238576886,3.1943879094077356,-0.4205983198867496,15.043162963742843,14.233350254726199,19.8394054756912,18.681620081423862,1.6861486216888444,1.6354515027739238,-0.9932831446329757
1974Q2,7.543333333333333,,11.25,8.153333333333334,8.363333333333333,9.063333333333333,,24.47,48.56666666666666,5.2,,7.694424348664401,1.1507825488377659,6.543641799826635,7.0989577662947525,10.54484291135216,7.0989577662947525,0.4443755670385814,,0.82,1.5199999999999998,1530.056,188.818,12.3,-0.7,25.629,25.11,6.138715,4.19627482419875,-61980.0,54735.0,168825.0,26428.0,21568.0,46024.0,230873.0,217641.0,309818.0,9120.0,271853.0,-4.050832126405831,3.577320045802245,11.033909869965544,1.7272570415723345,1.409621608620861,3.007994478633462,0.5960566149212839,15.089186278149297,14.22438132983368,20.24880135106166,17.767519620196907,1.6750367306817529,1.641116403582614,-0.9387150000000002
1974Q3,7.963333333333332,,12.089999999999998,8.19,8.986666666666666,9.81,,25.16933333333333,49.93333333333334,5.633333333333333,,7.87736205831948,1.1990081946148983,6.678353863704582,8.715013464928957,11.458084360739214,8.715013464928957,-0.7516801315956227,,1.0233333333333343,1.8466666666666673,1560.026,194.485,12.5,-4.0,27.885,25.983,6.1501145362854,4.02912399175951,20707.0,39422.0,149570.0,27380.0,16660.0,25206.0,237971.0,221806.0,312848.0,17780.0,251769.0,1.3273496723772553,2.5270091652318616,9.587660718475204,1.7550989534789805,1.0679309191000663,1.6157423017308687,1.1397245943336842,15.25429704376722,14.218096365060582,20.054024740613297,16.138769482047095,1.7874702088298529,1.665549163924191,-0.5167812029520675
1974Q4,7.669999999999999,,9.346666666666666,7.359999999999999,9.016666666666667,10.57,,25.784333333333336,51.46666666666667,6.6000000000000005,,7.3369278249435865,1.2669305881147055,6.069997236828882,9.842908213250617,12.045857796804535,9.842908213250617,-2.1729082132506163,,1.346666666666667,2.9000000000000004,1599.679,197.569,12.4,-10.1,29.269,26.585,6.1608195304870605,3.8969014942077,-68531.0,57670.0,176549.0,29424.0,25724.0,16200.0,244828.0,228237.0,320393.0,23324.0,261883.0,-4.284046986926753,3.605098272840989,11.036526703169823,1.8393690234103217,1.6080726195693011,1.0127031735741983,1.458042519780531,15.304820529618754,14.267674952287301,20.02858073400976,16.370971926242703,1.82967957946563,1.6618959178685222,0.43918046951294
1975Q1,7.54,,6.303333333333334,5.75,8.706666666666665,10.646666666666667,,26.288,52.56666666666666,8.266666666666666,,7.307403246730573,1.8683326989006062,5.439070547829966,10.0996308770373,11.13915393131118,10.0996308770373,-2.5596308770372986,,1.1666666666666663,3.106666666666667,1616.116,193.137,12.0,-21.0,29.086,26.942,6.170844,3.43063912740652,-23164.0,517.0,128029.0,42760.0,36936.0,-24879.0,255988.0,237471.0,312366.0,49080.0,278231.0,-1.433312955258162,0.03199027792559445,7.922017973957315,2.645849679107193,2.2854795076591037,-1.5394315754562171,3.036910716804982,15.839704575661647,14.69393286125501,19.32819178821322,17.216029047419866,1.7997470478604258,1.6670833034262391,2.095822666666666
1975Q2,8.05,,5.419999999999999,5.3933333333333335,8.873333333333333,10.63,,26.688666666666666,53.199999999999996,8.866666666666667,,7.768633108339796,2.1237824530872627,5.644850655252533,9.070722279075534,9.54334763858573,9.070722279075534,-1.0207222790755344,,0.8233333333333327,2.579999999999999,1651.853,193.276,11.7,-9.3,28.453,27.285,6.180209,3.33663178120831,-38034.0,-14057.0,127160.0,26012.0,32296.0,-17878.0,262522.0,245545.0,310171.0,104604.0,294758.0,-2.3025051260614595,-0.8509837134418136,7.698021555186811,1.574716394255421,1.9551376545007333,-1.082299696159404,6.332524746451409,15.892576397536583,14.8648215065142,18.777155110049137,17.844081767566482,1.7224898341438373,1.6517813631116085,2.6864576666666675
1975Q3,8.296666666666667,,6.16,6.330000000000001,8.913333333333332,10.583333333333334,,27.089,54.26666666666667,8.466666666666667,,7.928263818716921,1.8267073674004937,6.101556451316426,7.63022488115579,8.685280456232194,7.63022488115579,0.6664417855108772,,0.6166666666666659,2.2866666666666666,1709.82,197.807,11.6,4.3,28.225,28.006,6.188934,3.38369966656971,-49789.0,-11450.0,142957.0,16144.0,13920.0,-48.0,266725.0,249025.0,306529.0,91052.0,319044.0,-2.9119439473160917,-0.6696611339205296,8.360938578329883,0.9441929559836708,0.8141207846439976,-0.0028073130504965437,5.325238914037735,15.599595279035219,14.56439859166462,17.92755962615948,18.6595080183879,1.6507585593805199,1.637950193587629,2.277732666666667
1975Q4,8.063333333333334,,5.413333333333334,5.626666666666668,8.81,10.58,,27.530333333333335,55.26666666666667,8.299999999999999,,7.782630158516052,2.250316415177856,5.532313743338196,6.77197868335077,7.384931337519947,6.77197868335077,1.2913546499825646,,0.7466666666666656,2.516666666666666,1761.831,202.883,11.5,4.9,28.379,29.01,6.19703245162964,3.34334851013142,-32979.0,-13026.0,146861.0,19556.0,22508.0,-5384.0,270946.0,254652.0,309037.0,82740.0,343752.0,-1.8718594462238434,-0.7393444660696741,8.335703027134839,1.1099816043650044,1.2775345648930005,-0.3055911719114944,4.696250661953388,15.378660041740666,14.453826729124417,17.540672175708114,19.511065476768202,1.6107674345609768,1.6465824474651656,2.1029675483703594
1976Q1,7.753333333333334,,4.826666666666667,4.916666666666667,8.556666666666667,10.256666666666666,,27.948666666666668,55.9,7.733333333333333,,7.579180155103895,2.249179155587966,5.33000099951593,6.318299971558461,6.342176977005291,6.318299971558461,1.4350333617748727,,0.8033333333333331,2.503333333333333,1820.487,209.504,11.5,8.8,29.424,30.379,6.204509,3.5099818143177,-13453.0,-2504.0,168552.0,29400.0,25492.0,1700.0,278936.0,261025.0,303888.0,70608.0,365380.0,-0.7389780866328626,-0.13754561279481808,9.258621456786013,1.6149524824950685,1.4002846491076288,0.09338160613066723,3.878522615102442,15.32205393391988,14.338196317798479,16.692676190491884,20.07045367530776,1.6162708110522073,1.6687293015550233,1.5288243333333336
1976Q2,7.773333333333333,,5.196666666666666,5.156666666666667,8.533333333333333,9.896666666666667,,28.284000000000002,56.4,7.566666666666666,,7.634491759350311,2.1228267677874584,5.511664991562853,5.97762712220952,6.0150180935084245,5.97762712220952,1.795706211123813,,0.7599999999999998,2.123333333333333,1852.332,215.008,11.6,5.4,31.613,31.636,6.211358,3.24433798510401,-19985.0,15196.0,182954.0,24744.0,19904.0,17605.0,285306.0,266001.0,310666.0,70956.0,372629.0,-1.078910260147749,0.8203712941308579,9.876955103080872,1.335829646089362,1.074537393944498,0.9504235741756878,3.8306307940477193,15.402530431909614,14.360330653468168,16.771615455544687,20.116750129026546,1.7066594973255331,1.7079011753832463,1.3553086666666667
1976Q3,7.7299999999999995,,5.283333333333333,5.1499999999999995,8.463333333333333,9.62,,28.727,57.300000000000004,7.733333333333333,,7.559492190839009,2.343568957354741,5.2159232334842685,6.04632903358866,5.589872748544337,6.04632903358866,1.6836709664113398,,0.7333333333333337,1.8900000000000006,1886.558,222.627,11.8,9.0,33.657,32.845,6.217563,3.15821449160247,-78674.0,14833.0,185623.0,21816.0,22704.0,25381.0,290926.0,271677.0,313258.0,57000.0,388895.0,-4.170240194046512,0.7862466990148196,9.839241624164218,1.156391693231801,1.2034615421312254,1.345360174455278,3.021375436111691,15.420994212740874,14.400670427307297,16.604737304657476,20.613996495204496,1.784042685144056,1.741001336826114,1.5157703333333332
1976Q4,7.19,,4.873333333333334,4.673333333333333,8.183333333333334,9.213333333333333,,29.176666666666666,58.13333333333333,7.766666666666667,,7.030031556490112,2.4491391115339405,4.580892444956171,5.98067854385728,5.1879144121930105,5.98067854385728,1.2093214561427201,,0.9933333333333335,2.023333333333333,1934.273,230.244,11.9,8.0,36.169,33.897,6.223099,3.1125215918067,-80808.0,12422.0,183798.0,30456.0,22644.0,21921.0,297550.0,277338.0,322692.0,39676.0,402836.0,-4.177693634766137,0.6422051075520363,9.502174718873706,1.5745450616329753,1.1706723921597417,1.1332940076194002,2.051209937790581,15.38304055322077,14.338100154424943,16.682857073432757,20.826222565273877,1.8699015082152313,1.7524413565199948,1.5435676666666662
1977Q1,7.353333333333333,7.775,4.66,4.63,8.033333333333333,9.106666666666667,,29.667666666666666,59.199999999999996,7.5,,7.303320742096559,2.2917908508997655,5.011529891196793,6.150160379973786,5.9026646160929745,6.150160379973786,1.2031729533595465,,0.6799999999999997,1.753333333333333,1988.648,243.278,12.2,15.4,36.828,34.546,6.227931,3.20125496005794,-41528.0,17473.0,195605.0,27120.0,21504.0,36160.0,306725.0,282714.0,329223.0,39032.0,417402.0,-2.0882529235943212,0.8786371444317949,9.836079587740013,1.3637405915979097,1.0813376726298471,1.818320788797213,1.962740515164071,15.423795463048261,14.216392242367679,16.555116843202015,20.989234897276944,1.8519114493867193,1.7371601208459215,1.2720690000000001
1977Q2,7.37,7.723333333333334,5.156666666666666,4.84,8.013333333333334,8.996666666666668,,30.121,60.23333333333333,7.133333333333333,,7.295120369712019,2.363671833731286,4.931448535980732,6.494488155011116,6.79713344850322,6.494488155011116,0.8755118449888831,,0.6433333333333332,1.6266666666666667,2055.909,253.749,12.3,11.5,38.577,35.478,6.232016563415527,3.37522389827803,-27934.0,8448.0,203670.0,24396.0,14676.0,37300.0,313376.0,286383.0,341282.0,27216.0,413050.0,-1.358717725346793,0.4109131289371271,9.906566876257655,1.1866283964903115,0.7138448248439012,1.8142826360505255,1.3237940006099493,15.242697998792748,13.929750781770982,16.600053796155375,20.090869780715003,1.876396280185553,1.725660036509398,0.9013167699178055
1977Q3,7.3566666666666665,7.653333333333333,5.82,5.496666666666667,7.946666666666666,8.83,,30.622,61.06666666666666,6.8999999999999995,,7.261778671244163,1.9489376612956113,5.312841009948552,6.597092686001652,6.574013476827608,6.597092686001652,0.7595739806650142,,0.5900000000000002,1.4733333333333334,2118.473,263.268,12.4,8.2,39.636,36.249,6.235309,3.51054694707598,-53556.0,16250.0,224494.0,31532.0,24436.0,36839.0,321380.0,292492.0,346879.0,56592.0,429469.0,-2.5280473246531816,0.7670619356489321,10.596972441942851,1.4884305818388999,1.1534723359702954,1.738941209068985,2.6713580961381145,15.170360915621773,13.806737211189379,16.374010903136362,20.272573688689917,1.8709702696234505,1.711090960328501,0.6646909999999995
1977Q4,7.596666666666667,7.853333333333333,6.513333333333333,6.109999999999999,8.103333333333333,8.943333333333333,,31.066999999999997,61.96666666666667,6.666666666666667,,7.511129374226324,1.8529726502488293,5.658156723977495,6.478862314018492,6.593658295885614,6.478862314018492,1.117804352648174,,0.5066666666666663,1.3466666666666667,2164.27,275.943,12.7,12.7,41.618,36.997,6.237757,3.169502871096,-49163.0,17226.0,221105.0,41420.0,30616.0,55142.0,330331.0,300146.0,364205.0,49376.0,445890.0,-2.2715742490539537,0.7959265710840145,10.21614678390404,1.913809275182856,1.4146109311684771,2.5478336806405855,2.281415904669935,15.262929301796909,13.868232706640113,16.828075979429556,20.60232780568044,1.9229578564596839,1.7094447550444263,0.42890966666666674
1978Q1,8.01,8.22,6.756666666666667,6.3933333333333335,8.450000000000001,9.196666666666667,,31.551666666666666,63.03333333333333,6.333333333333333,,7.906480801792161,2.045223826442196,5.861256975349964,6.350587143346835,6.476536449425585,6.350587143346835,1.659412856653165,,0.440000000000001,1.1866666666666672,2202.76,282.424,12.8,3.5,43.694,37.796,6.239311,3.08069722265709,-50656.0,31156.0,234675.0,22044.0,17440.0,73810.0,336927.0,304506.0,376304.0,38484.0,461467.0,-2.2996604260110045,1.4144073798325738,10.653679928816576,1.000744520510632,0.791734006428299,3.35079627376564,1.747080934827217,15.295674517423596,13.823839183569703,17.083295502006575,20.949490639016506,1.9836023897292487,1.715847391454357,0.09402233333333321
1978Q2,8.32,8.423333333333334,7.283333333333334,6.476666666666667,8.67,9.47,,32.096,64.46666666666667,6.0,,8.193409542500769,2.0093110659204925,6.184098476580277,6.5568186420100245,7.02695789059425,6.5568186420100245,1.763181357989976,,0.34999999999999964,1.1499999999999997,2331.633,309.351,13.3,34.8,47.777,39.41,6.239927,3.84100608328421,-84522.0,29626.0,255029.0,33916.0,25608.0,46285.0,346165.0,310908.0,390920.0,54160.0,462538.0,-3.6250130273503594,1.2706116271299985,10.937784805756309,1.4546028470175194,1.098286051020894,1.9850894201617495,2.322835540584646,14.846461685865659,13.334345499484696,16.765931859773815,19.83751302198931,2.049078907358062,1.69023169598303,-0.23992699999999978
1978Q3,8.49,8.530000000000001,8.1,7.313333333333333,8.753333333333332,9.5,,32.64666666666667,65.96666666666667,6.033333333333334,,8.260823661107343,1.8364619629758925,6.42436169813145,6.611488758058208,8.023036032309035,6.611488758058208,1.8785112419417926,,0.26333333333333303,1.0099999999999998,2395.053,325.1,13.6,14.3,50.365,41.063,6.239574432373047,3.72898196200588,-67001.0,28777.0,256615.0,30776.0,20704.0,27887.0,354093.0,316084.0,394490.0,39380.0,474270.0,-2.797474627910113,1.2015182962548219,10.714376675589225,1.2849820024859575,0.8644485111602959,1.1643583670173479,1.6442224869345272,14.784349239870684,13.197369745053658,16.471034252686685,19.802067010625652,2.1028762202757103,1.7144923306498856,-0.20624109903971277
1978Q4,8.82,8.766666666666667,9.583333333333334,8.57,9.026666666666666,9.786666666666667,,33.23266666666667,67.5,5.8999999999999995,,8.69000467158208,1.61707342695082,7.07293124463126,6.97114988954209,8.929434405150246,6.97114988954209,1.8488501104579098,,0.20666666666666642,0.9666666666666662,2476.949,341.428,13.8,13.6,52.91,43.164,6.238234519958496,3.8427096399494,-67303.0,46355.0,279940.0,38528.0,20092.0,43311.0,361647.0,321107.0,407962.0,-3028.0,478139.0,-2.7171734258557607,1.8714555689277415,11.30180718294967,1.5554619816556579,0.8111592124020317,1.7485624451694401,-0.12224716778585268,14.60050247300207,12.963811527811028,16.47034315199869,19.30354641940549,2.1360956563901796,1.742627724672571,-0.3382345199584966
1979Q1,9.106666666666667,8.99,10.073333333333332,9.383333333333333,9.293333333333333,10.156666666666666,,33.68666666666667,69.2,5.866666666666667,,8.749345547294952,1.664612896943199,7.084732650351753,6.766713745466572,9.78134483198405,6.766713745466572,2.3399529212000942,,0.18666666666666684,1.0500000000000007,2526.61,356.695,14.1,9.5,55.541,45.386,6.235909461975098,3.57821648556835,-75135.0,48953.0,283832.0,29500.0,17392.0,65732.0,370486.0,325455.0,422267.0,9796.0,487732.0,-2.973747432330277,1.9374972789627207,11.233708407708352,1.1675723598022647,0.6883531688705419,2.6015886899838123,0.3877131809024741,14.663363162498367,12.881093639303257,16.71278907310586,19.303810243765362,2.1982419130772057,1.7963199702367996,-0.3692427953084305
1979Q2,9.113333333333333,9.063333333333333,10.18,9.376666666666667,9.39,10.393333333333333,,34.42733333333334,71.39999999999999,5.7,,8.722379868444543,1.7553506175194096,6.967029250925133,7.263048024440873,10.75324350529067,7.263048024440873,1.8502853088924602,,0.27666666666666667,1.2800000000000005,2591.247,364.268,14.1,-0.4,56.712,47.239,6.232617,3.67859088328695,-55606.0,53265.0,290696.0,37948.0,21240.0,48569.0,381010.0,330765.0,437653.0,51748.0,487581.0,-2.1459166185238225,2.055574015136342,11.218382500780512,1.464468651579722,0.8196825698206308,1.874348527948127,1.997030773214595,14.703731446674132,12.764703634968027,16.889667407236747,18.81646172672848,2.188598771170792,1.8230218886891136,-0.5326170000000001
1979Q3,9.103333333333333,9.026666666666666,10.946666666666667,9.673333333333334,9.29,10.393333333333333,,35.062666666666665,73.7,5.866666666666667,,8.88560211465166,1.6726843292243838,7.212917785427275,7.399990028519461,11.722065417920504,7.399990028519461,1.7033433048138713,,0.18666666666666684,1.2899999999999998,2667.565,383.003,14.4,12.3,59.354,49.074,6.2283935546875,3.7146882792506,-72071.0,50044.0,289813.0,37220.0,15120.0,50856.0,390698.0,334545.0,447273.0,47284.0,498750.0,-2.7017523471780445,1.876018016430715,10.864327579646607,1.3952799650617698,0.566809056199193,1.9064577620414123,1.772552871251497,14.646241047547107,12.54121267897877,16.767089086863862,18.6968265065706,2.2250254445533657,1.8396552661322216,-0.36172688802083286
1979Q4,10.446666666666667,10.09,13.576666666666666,11.843333333333334,10.543333333333335,11.816666666666668,,35.794000000000004,76.03333333333335,5.966666666666666,,10.063859273322905,2.112108719421557,7.951750553901348,7.706586189252129,12.639638021870018,7.706586189252129,2.7400804774145384,,0.09666666666666639,1.3699999999999999,2723.883,391.332,14.4,1.1,62.327,50.574,6.22329,3.72629445882518,-100377.0,59419.0,301184.0,40484.0,15376.0,33970.0,397935.0,338389.0,457047.0,43032.0,516104.0,-3.685070173718915,2.1814079385935448,11.057156272864876,1.4862606066413278,0.5644882691363763,1.2471167080230685,1.579803537817153,14.609107659910503,12.423037259676718,16.77924492351544,18.947363010819483,2.288167296466111,1.856687677113885,-0.25662333333333454
1980Q1,11.986666666666666,11.69,15.046666666666667,13.353333333333333,12.143333333333333,13.479999999999999,,36.669666666666664,79.03333333333333,6.3,,11.581489783606735,2.8448650279947927,8.736624755611942,8.853525601259989,14.207579175926782,8.853525601259989,3.133141065406678,,0.15666666666666687,1.493333333333333,2789.842,404.492,14.5,4.4,65.402,52.314,6.22320640721058,3.84796138524426,-167743.0,75886.0,311364.0,45336.0,23832.0,43411.0,412546.0,344347.0,466000.0,69020.0,540619.0,-6.012634407253171,2.720082355918364,11.160632035792709,1.625038263815657,0.8542419248115126,1.5560379404998563,2.473975228704708,14.787432406566392,12.342885367701827,16.703454890993825,19.378122488657063,2.344290465194803,1.8751599552949594,0.07679359278941966
1980Q2,10.476666666666667,10.523333333333333,12.686666666666667,9.616666666666667,11.203333333333333,13.356666666666667,,37.49,81.7,7.333333333333333,,10.151756390202536,3.5547392828683884,6.597017107334146,8.89595728459504,14.426977804480442,8.89595728459504,1.5807093820716271,,0.7266666666666666,2.8800000000000003,2797.352,394.68,14.1,-17.3,66.742,53.279,6.214445920687717,3.30452287584522,-131423.0,79280.0,303322.0,68952.0,44916.0,-35355.0,431934.0,355576.0,452178.0,129144.0,553831.0,-4.698121652191072,2.8341088286350806,10.843183124612134,2.4649025220994716,1.6056613540233764,-1.2638738349696426,4.616651747795773,15.440816886827257,12.711163986512961,16.16450128550143,19.79840220322648,2.385899236134745,1.904622657427453,1.1188874126456163
1980Q3,10.953333333333333,10.86,9.836666666666666,9.153333333333334,11.576666666666668,13.166666666666666,,38.324666666666666,83.23333333333333,7.666666666666667,,10.940674457685875,3.3321094032929377,7.608565054392937,9.302561819892345,12.936532371818378,9.302561819892345,1.6507715134409888,,0.6233333333333336,2.2133333333333334,2856.483,405.717,14.2,2.6,70.672,54.706,6.2056821483064715,3.36586770231463,-79582.0,38100.0,281834.0,20772.0,29144.0,26801.0,437794.0,362862.0,457795.0,95804.0,582379.0,-2.7860134298016126,1.3338080429675234,9.866468660937242,0.7271879440556797,1.0202756326573623,0.938251689227627,3.3539145865737687,15.326329615824774,12.703103781818411,16.02652632625505,20.387973602503497,2.474091391406845,1.9151523044247067,1.4609845183601955
1980Q4,12.423333333333332,12.12,15.853333333333333,13.613333333333335,12.83,14.670000000000002,,39.25833333333333,85.56666666666666,7.3999999999999995,,11.971324154529816,2.905571789012448,9.065752365517367,9.678466379624957,12.53942126086874,9.678466379624957,2.744866953708376,,0.40666666666666745,2.2466666666666675,2985.557,422.755,14.2,8.6,72.268,57.117,6.196909429829753,3.79356256027417,-174059.0,55732.0,320240.0,34988.0,12828.0,72610.0,439987.0,366069.0,482680.0,80332.0,609679.0,-5.830034395591845,1.8667203473254739,10.726306682471646,1.1719086254256745,0.4296685677078012,2.4320419941739515,2.6906871984021743,14.737183044905859,12.261330130357585,16.16716746657324,20.420946577137865,2.420586845268739,1.9131103509328409,1.2030905701702466
1981Q1,12.959999999999999,12.543333333333335,16.569999999999997,14.39,13.163333333333334,15.246666666666664,,40.129333333333335,87.93333333333334,7.433333333333334,,12.560121605247142,3.5024992643049733,9.057622340942169,9.436890132260567,11.266337396333128,9.436890132260567,3.5231098677394326,,0.20333333333333373,2.2866666666666666,3124.206,443.025,14.2,8.4,76.521,61.048,6.188120345103287,3.99612131995184,-100599.0,75220.0,354817.0,36988.0,24332.0,29894.0,452914.0,372152.0,487053.0,119492.0,646299.0,-3.2199861340769464,2.4076517361531216,11.357029594079265,1.1839168095829788,0.7788218830640489,0.9568511167317393,3.824715783786344,14.496931380325112,11.911890573156828,15.589657020055656,20.68682410826943,2.449294316699987,1.9540324805726639,1.2452129882300467
1981Q2,13.75,13.253333333333332,17.78,14.906666666666666,13.983333333333334,15.770000000000001,,40.88766666666667,89.76666666666667,7.3999999999999995,,13.041144416237453,3.376906508492526,9.664237907744926,9.063604226962338,9.874953898447243,9.063604226962338,4.686395773037662,,0.2333333333333337,2.02,3162.532,462.864,14.6,8.4,79.462,63.536,6.17930610228008,3.5470296207162,-72175.0,51302.0,345319.0,61496.0,30408.0,103375.0,470467.0,379754.0,509685.0,73060.0,646256.0,-2.2821903462162596,1.6221812142928516,10.919067380187773,1.944517873653136,0.9615080574678769,3.268741628543205,2.3101742527822644,14.87627635072151,12.007910117589324,16.11635866451312,20.434765561265465,2.5126069870597356,2.0090231498052824,1.2206938977199195
1981Q3,14.846666666666666,14.143333333333333,17.576666666666664,15.053333333333333,14.920000000000002,16.47666666666667,,41.64066666666667,92.26666666666667,7.3999999999999995,,14.341842456489095,3.9538920265747675,10.387950429914326,8.653437839801711,10.852520378653688,8.653437839801711,6.193228826864956,,0.07333333333333414,1.6300000000000014,3260.609,482.109,14.8,9.6,82.922,65.76,6.170456780353049,3.77187227723032,-151643.0,78539.0,393216.0,52800.0,18044.0,98708.0,484375.0,384265.0,532673.0,69860.0,668124.0,-4.65075695981947,2.408721806263799,12.059587641449802,1.6193293952142067,0.5533935531675218,3.027287233765226,2.1425445369254636,14.855353708463664,11.785068372196728,16.336610737441994,20.49077334939577,2.5431445475369787,2.016801155857694,1.229543219646951
1981Q4,14.086666666666668,13.826666666666666,13.586666666666666,11.75,14.616666666666667,16.683333333333334,,42.38133333333334,93.76666666666667,8.233333333333334,,13.399361069491263,4.5526327328595215,8.84672833663174,7.956072033194794,9.587674308185493,7.956072033194794,6.130594633471873,,0.5299999999999999,2.5966666666666662,3280.818,503.755,15.4,9.6,86.951,68.745,6.161561483332004,3.41130623458116,-65550.0,69775.0,384282.0,60440.0,26432.0,56177.0,492918.0,390873.0,548772.0,121748.0,705719.0,-1.9979773337015343,2.1267561931201304,11.712993527833607,1.8422234942627114,0.805652736604103,1.712286387114433,3.7109038050876335,15.024240905774109,11.913888548526618,16.726682187186245,21.510458672196993,2.650284166936416,2.0953615836050643,2.0717718500013307
1982Q1,14.293333333333331,13.99,14.226666666666667,12.813333333333333,15.01,17.033333333333335,5.974991200000001,43.001666666666665,94.60000000000001,8.833333333333334,,13.484439294844977,4.165211403279913,9.319227891565065,7.158766534273897,7.585130981360822,7.158766534273897,7.134566799059436,8.318342133333333,0.7166666666666668,2.7400000000000007,3274.302,500.083,15.3,-8.1,90.226,70.637,6.152608442404458,2.95414678035371,-113075.0,31248.0,340954.0,59112.0,31624.0,63499.0,511578.0,398779.0,561099.0,125056.0,738577.0,-3.453407779734429,0.9543408030169483,10.413028486682046,1.8053313347394344,0.9658241664941108,1.939314088926434,3.8193178271277355,15.624032236488878,12.17905373420045,17.136446179979732,22.556776986362284,2.755579662474628,2.157314749830651,2.680724890928876
1982Q2,13.93,13.51,14.513333333333334,12.42,14.51,16.78,5.668515599999999,43.583333333333336,95.96666666666665,9.433333333333334,,13.243135746407347,4.020127150369086,9.223008596038262,6.5931709725662655,6.905340793829332,6.5931709725662655,7.336829027433734,8.2614844,0.5800000000000006,2.8500000000000014,3331.972,490.069,14.7,-11.9,87.53,72.185,6.1435850852786045,3.02995750288165,-90036.0,13712.0,348107.0,31740.0,20384.0,89034.0,521903.0,403875.0,580764.0,96856.0,749688.0,-2.702183571770711,0.4115280680629969,10.447476749504498,0.952589037362859,0.6117698468054353,2.6721112902509385,2.906867164550002,15.663486968077764,12.121200298201785,17.43003842769387,22.499828930135067,2.6269728557142735,2.1664347719608688,3.289748248054729
1982Q3,13.116666666666667,12.796666666666667,11.006666666666666,9.316666666666666,13.753333333333332,16.25,5.781978466666668,44.282000000000004,97.63333333333333,9.9,,12.354360016799076,4.319587383000365,8.03477263379871,6.344309250507589,5.821197876248388,6.344309250507589,6.772357416159078,7.3346881999999995,0.6366666666666667,3.133333333333334,3366.322,478.723,14.2,-11.0,88.361,73.5,6.13447808484682,2.92571971374068,-45992.0,12982.0,345118.0,37772.0,31904.0,80142.0,532166.0,411851.0,591189.0,226180.0,809587.0,-1.3662388802972503,0.38564344112060583,10.252079272274013,1.1220554658764075,0.9477405904723315,2.380699172568756,6.718905678066448,15.808529308842111,12.234450536817333,17.56186722482282,24.049600721499605,2.624852880978112,2.183391844273958,3.7655219151531805
1982Q4,10.666666666666666,10.75,9.286666666666667,7.906666666666667,11.876666666666665,14.39,4.973604133333333,44.898666666666664,97.93333333333334,10.666666666666666,,10.682366128334579,3.615152488636418,7.06721363969816,5.94018728830427,4.445149725547762,5.94018728830427,4.726479378362397,5.693062533333333,1.2099999999999997,3.723333333333334,3402.561,471.521,13.9,-6.7,86.916,74.374,6.125273394360952,2.82229946641677,4601.0,-12812.0,309076.0,30048.0,38688.0,-9854.0,533603.0,421523.0,599457.0,206432.0,869350.0,0.135221675673118,-0.3765399062647224,9.08362847866651,0.8830995241525428,1.1370259048992803,-0.28960538841184624,6.066959563693348,15.682393350185345,12.388403911054056,17.617817873066787,25.5498725812704,2.5544288552064165,2.18582414834003,4.541393272305714
1983Q1,10.563333333333334,10.713333333333333,8.653333333333334,8.106666666666667,11.843333333333334,13.833333333333334,4.729484333333334,45.48833333333334,98.0,10.366666666666667,,10.6384073278721,3.748801155495888,6.889606172376212,5.783199239916244,3.5942002398296147,5.783199239916244,4.7801340934170895,5.833849000000001,1.2799999999999994,3.269999999999999,3473.413,462.106,13.3,-5.8,92.111,76.435,6.115956273183003,2.96475210680776,-11817.0,-22598.0,308055.0,38912.0,24800.0,-3943.0,545830.0,427723.0,617971.0,247000.0,925470.0,-0.34021292601829956,-0.6505992808802178,8.868942449400633,1.1202814062134276,0.7139951396508276,-0.11351946917916184,7.111161269909452,15.714514801435936,12.314199319228667,17.791463324401676,26.644398463413367,2.6518873511442496,2.200573326581089,4.250710393483664
1983Q2,10.543333333333335,10.646666666666667,8.803333333333335,8.396666666666667,11.57,13.25,4.665745433333333,45.83633333333333,99.13333333333333,10.133333333333333,,10.680100618318894,3.6457161696898943,7.034384448629001,5.170209337457776,3.305103755702003,5.170209337457776,5.373123995875557,5.877587900000001,1.0266666666666666,2.7066666666666657,3578.848,466.455,13.0,5.7,97.372,79.369,6.10651130516273,3.06408856662218,-28086.0,11179.0,357276.0,35044.0,44500.0,59672.0,557500.0,438848.0,630082.0,206132.0,966482.0,-0.7847776714741727,0.31236308443387373,9.982988939457613,0.9791977753735279,1.243416876045029,1.667352175895707,5.75973050545874,15.577638390901205,12.262269870081099,17.605721170611325,27.00539391446633,2.7207637765001476,2.2177248097711892,4.026822028170603
1983Q3,11.626666666666667,11.616666666666667,9.459999999999999,9.14,12.343333333333334,13.526666666666666,4.997989266666667,46.532999999999994,100.10000000000001,9.366666666666667,,11.629316015326053,4.140231117853956,7.489084897472096,5.083199413744162,2.5263452571538503,5.083199413744162,6.543467252922504,6.628677400000001,0.7166666666666662,1.9000000000000004,3689.179,485.371,13.2,17.9,101.304,82.913,6.096922410327377,3.37594127002182,-104622.0,26033.0,381544.0,30856.0,18492.0,98179.0,565894.0,443471.0,645342.0,178884.0,1010312.0,-2.8359155248362846,0.7056583592175929,10.34224687931922,0.8363920536249393,0.5012497360523845,2.661269621235511,4.848883721825371,15.339293647719451,12.020858841492919,17.49283512673145,27.385822157179145,2.7459768148956716,2.2474648153423837,3.2697442563392904
1983Q4,11.686666666666667,11.736666666666666,9.43,8.799999999999999,12.410000000000002,13.606666666666667,5.0443155666666675,46.90533333333334,101.10000000000001,8.533333333333333,,11.574596598557415,4.201339789006899,7.373256809550518,4.469773019846368,3.234220753930302,4.469773019846368,7.216893646820298,6.642351099999999,0.7233333333333339,1.9200000000000006,3794.706,514.687,13.6,26.5,109.484,86.654,6.087172849586956,3.36148439380154,-133336.0,35423.0,404084.0,33528.0,16180.0,85074.0,568188.0,447516.0,682020.0,69576.0,1044748.0,-3.5137372961172755,0.9334847021086745,10.648624689238112,0.883546709547459,0.426383493213967,2.2419128122178633,1.8335017258254,14.973175787531364,11.793166585237433,17.972933871556847,27.531724460340275,2.8851774024127295,2.2835497664377686,2.446160483746377
1984Q1,11.943333333333333,12.026666666666666,9.686666666666667,9.17,12.283333333333333,13.743333333333334,5.090663233333333,47.379,102.53333333333335,7.866666666666667,,11.87073763144709,4.285028221465436,7.585709409981653,4.155936204302657,4.625645280806008,4.155936204302657,7.787397129030676,6.8526701,0.33999999999999986,1.8,3908.054,531.465,13.6,13.3,112.048,90.132,6.077245221451282,3.54253655499679,-92274.0,59362.0,451915.0,58092.0,34520.0,119756.0,584561.0,456146.0,710826.0,227392.0,1092278.0,-2.361123976280778,1.5189657051821701,11.563683613378934,1.4864687130730536,0.8833040689816466,3.0643384149758424,5.818548054863111,14.957853704170926,11.671947214649542,18.18874560075168,27.94940909209545,2.8671047022379934,2.306314088802253,1.7894214452153854
1984Q2,13.200000000000001,13.173333333333332,10.556666666666667,9.796666666666667,13.213333333333333,14.700000000000001,5.4984280666666665,47.93366666666666,103.5,7.433333333333334,,13.214622561796462,4.930118091113734,8.284504470682728,4.575912656765417,4.405096341402204,4.575912656765417,8.624087343234583,7.701571933333334,0.01333333333333305,1.5,4009.601,558.274,13.9,20.0,119.213,93.516,6.067121449278656,3.71908583998261,-61228.0,72995.0,470880.0,74152.0,35428.0,159931.0,606582.0,465003.0,748924.0,155108.0,1121406.0,-1.52703473487761,1.8205053320766829,11.74381191544994,1.8493610710891184,0.8835791890514791,3.9887011201363927,3.868414837286802,15.128238445670778,11.597238727743733,18.678267488460822,27.96801976056969,2.9731886040531212,2.3323018923828083,1.3662118840546773
1984Q3,12.866666666666667,12.68,11.39,10.32,12.99,14.71,5.534686799999999,48.38366666666667,104.39999999999999,7.433333333333334,,12.381613215268771,4.087518749598577,8.294094465670193,3.9777952041367026,4.295730018689888,3.9777952041367026,8.888871462529965,7.331979866666667,0.12333333333333307,1.8433333333333337,4084.25,576.642,14.1,12.8,124.152,96.775,6.05678275733291,3.62799053821023,82873.0,74826.0,482581.0,96708.0,56840.0,95951.0,630042.0,479213.0,764807.0,219348.0,1172606.0,2.0290873477382627,1.8320621901205851,11.815657709493788,2.367827630531921,1.3916875803391076,2.349293015853584,5.370582114219257,15.426136989655385,11.733194588969823,18.725763604088876,28.71043643263757,3.0397747444451246,2.3694680785946014,1.3765505760004233
1984Q4,11.743333333333334,11.686666666666667,9.266666666666667,8.803333333333333,12.35,13.606666666666667,5.088324966666667,48.728,105.3,7.3,,11.465439801781692,4.108741096851613,7.3566987049300785,3.8857124616800647,4.154522730475711,3.8857124616800647,7.8576208716532685,6.655008366666666,0.6066666666666668,1.8633333333333333,4148.551,590.903,14.2,9.7,130.744,99.77,6.04620963394339,3.56221275624797,129295.0,48913.0,469637.0,139160.0,72296.0,93416.0,660216.0,497287.0,802882.0,150124.0,1232741.0,3.1166303608175476,1.1790381750158068,11.320506846848453,3.354424231496732,1.7426807576910588,2.2517741736813646,3.6187092794568514,15.914375886906054,11.987004619203185,19.353311553841326,29.714977590970914,3.151558218761201,2.404936084912539,1.2537903660566094
1985Q1,11.583333333333334,11.576666666666668,8.476666666666667,8.183333333333332,12.256666666666668,13.393333333333333,5.139674666666667,49.39266666666666,106.26666666666667,7.233333333333333,,11.48575256728193,4.269307078780195,7.216445488501734,4.250382230705241,3.6407600754840836,4.250382230705241,7.332951102628093,6.443658666666667,0.6733333333333338,1.8099999999999998,4230.168,599.417,14.2,4.6,128.852,101.93,6.035381780382186,3.80698258785465,-92426.0,15090.0,437557.0,96960.0,74708.0,63720.0,685075.0,515964.0,806550.0,214784.0,1277088.0,-2.1849250431661345,0.35672342091377934,10.343726301177636,2.2921075475016597,1.7660764300614065,1.5063231531229966,5.07743427684196,16.194983272531964,12.197246066822878,19.066618630749417,30.190006638034234,3.0460255952009474,2.409596971089565,1.1979515529511477
1985Q2,10.813333333333333,10.99,7.923333333333333,7.460000000000001,11.63,13.020000000000001,4.8651427,49.821,107.23333333333333,7.3,,10.709155089109787,4.156439077884277,6.5527160112255105,3.9372180697044623,3.607032131397444,3.9372180697044623,6.876115263628871,5.948190633333333,0.816666666666667,2.206666666666667,4294.887,609.088,14.2,5.9,131.394,104.31,6.024278237998456,3.69851027292816,-69197.0,33116.0,452997.0,120680.0,89268.0,38919.0,717806.0,538281.0,815047.0,166856.0,1310253.0,-1.6111483259047328,0.7710563747078794,10.54735549503398,2.8098527388497065,2.0784714475607857,0.9061705232291326,3.884991619104298,16.71303575623759,12.533065479953256,18.97714654657969,30.507275278720954,3.0593121541963737,2.4287018494316617,1.2757217620015435
1985Q3,10.336666666666666,10.556666666666667,7.8999999999999995,7.1066666666666665,11.030000000000001,12.469999999999999,4.6338346,50.33266666666666,107.89999999999999,7.2,,10.488515970200055,4.0931742955013,6.395341674698753,4.028029392191534,3.352692375295533,4.028029392191534,6.308637274475132,5.702832066666667,0.6933333333333339,2.1333333333333333,4386.773,604.432,13.8,-4.5,128.682,106.129,6.012878079880752,3.87764364803478,-80466.0,1758.0,445020.0,107448.0,77052.0,55983.0,742619.0,557544.0,821711.0,173852.0,1348328.0,-1.8342868436547775,0.04007501641867496,10.144586920727377,2.449363119541403,1.7564619824185113,1.2761772719946987,3.9630954234468025,16.928594208088725,12.709661521122703,18.731559622528906,30.736215436723075,2.933409136966968,2.419295459327392,1.1871219201192478
1985Q4,9.76,10.033333333333333,8.103333333333333,7.166666666666667,10.576666666666666,11.976666666666667,4.493196133333334,50.693666666666665,109.0,7.033333333333334,,9.70751658739359,3.676580390341877,6.0309361970517115,4.034069203716739,3.513417882290478,4.034069203716739,5.725930796283261,5.266803866666667,0.816666666666667,2.216666666666667,4444.094,618.067,13.9,7.4,132.468,108.937,6.00116223674976,3.69597825934362,-9657.0,41659.0,463883.0,159180.0,94448.0,98506.0,780402.0,581156.0,864686.0,217204.0,1425915.0,-0.21729963407614689,0.9374014141015019,10.438190551324972,3.581832427486907,2.1252475757713496,2.216559775738317,4.8874753774335105,17.560429639877103,13.077041124692682,19.456969182020003,32.085617450936006,2.9807650333228772,2.451275783095497,1.032171096583574
1986Q1,8.556666666666667,8.763333333333334,7.826666666666667,6.896666666666666,9.573333333333332,11.016666666666666,3.9979073666666665,51.24100000000001,109.56666666666666,7.033333333333334,,8.343942288464621,2.5730791966336684,5.770863091830953,3.7425982268622335,3.108520937391179,3.7425982268622335,4.814068439804433,4.558759299999999,1.0166666666666673,2.46,4507.894,613.525,13.6,-3.9,132.999,111.076,5.989116414842148,3.77643773532741,-9414.0,50657.0,462025.0,118412.0,144228.0,60730.0,810766.0,617213.0,878670.0,155892.0,1461722.0,-0.2088336593540132,1.1237398217438122,10.249242772789245,2.626769839752221,3.199454113162377,1.3471922809187618,3.458200215000619,17.98547170807477,13.691825939119243,19.491807038941023,32.42582900130305,2.950357750204419,2.4640330939458646,1.0442169184911858
1986Q2,7.603333333333333,7.493333333333333,6.919999999999999,6.140000000000001,9.003333333333332,10.273333333333333,3.696226466666667,51.59233333333333,109.03333333333335,7.166666666666667,,7.862609423372068,2.2260335457163047,5.636575877655763,3.5556329333328307,1.6784437949353432,3.5556329333328307,4.047700400000502,3.907106866666666,1.4000000000000001,2.6699999999999995,4545.34,605.016,13.3,-7.9,136.466,112.988,5.976734424943743,3.55221536179293,-5857.0,53385.0,452304.0,130296.0,158788.0,91662.0,846331.0,656910.0,902549.0,167732.0,1488154.0,-0.1288572472026295,1.1744995973898542,9.950938763656843,2.8665842379227957,3.4934240342856637,2.016614818693431,3.690196992964222,18.619751217730688,14.452384200081841,19.85657838577532,32.74021305336895,3.002327658656998,2.4857986421257814,1.1899322417229241
1986Q3,7.3066666666666675,7.406666666666666,6.206666666666666,5.523333333333333,8.83,10.18,3.5798593666666663,51.946666666666665,109.7,6.966666666666666,,7.698922305285116,2.6988346286849336,5.000087676600184,3.206925517489001,1.6681579718071122,3.206925517489001,4.099741149177666,3.7268073000000004,1.523333333333334,2.873333333333333,4607.669,601.964,13.1,-4.5,136.286,114.328,5.96401752308534,3.55179790171251,-9540.0,21983.0,419027.0,135256.0,115264.0,107266.0,878036.0,685726.0,917434.0,263804.0,1553259.0,-0.2070461224536745,0.47709590250514955,9.094121127190343,2.935453913898763,2.5015685805555914,2.327988403680907,5.725324453644565,19.055969515171338,14.882275614849938,19.911022254419752,33.71029906879161,2.9578079501804493,2.4812546213714572,1.0026491435813263
1986Q4,7.263333333333333,7.53,6.266666666666667,5.353333333333333,8.676666666666668,10.093333333333334,3.5567019666666666,52.36966666666667,110.46666666666665,6.833333333333333,,7.599015799746837,2.74540447595685,4.853611323789987,3.3062903093597384,1.346146186031542,3.3062903093597384,3.9570430239735948,3.7066313666666666,1.413333333333333,2.8300000000000005,4657.627,610.553,13.1,3.9,141.297,115.78,5.9509733113858925,3.48059952186799,-69295.0,33346.0,421952.0,62600.0,105256.0,216847.0,892043.0,712040.0,982938.0,143652.0,1608685.0,-1.48777478316748,0.7159439774803779,9.059377232225767,1.3440320575262896,2.259863230782542,4.655739929367465,3.084231519612884,19.152306528624983,15.28761319873833,21.103836782121025,34.53872540673609,3.033669291250673,2.485815201603735,0.8823600219474406
1987Q1,7.1933333333333325,7.493333333333333,6.22,5.536666666666666,8.366666666666667,9.66,3.4771669666666667,52.70133333333334,111.8,6.599999999999999,,7.503406494003173,2.549076687985239,4.954329806017934,2.849990875836713,2.040206267080813,2.849990875836713,4.343342457496621,3.7161663666666667,1.1733333333333331,2.466666666666667,4722.156,596.551,12.6,-9.1,137.624,117.022,5.93761432694183,3.37972022683236,11731.0,45319.0,446396.0,100020.0,101696.0,-13479.0,918406.0,737464.0,1002056.0,62940.0,1624673.0,0.248424660261118,0.9597099291086529,9.453224332275342,2.118100291477029,2.1535925539096974,-0.28544164995819704,1.3328657503055807,19.448870388864748,15.617103712795597,21.220306995363984,34.40532248405177,2.9144314588505758,2.478147693553538,0.6623856730581688
1987Q2,8.343333333333334,8.533333333333333,6.6499999999999995,5.656666666666666,9.166666666666666,10.356666666666667,3.8370295,53.213,113.06666666666666,6.266666666666667,,8.491268195283215,2.9289531977119125,5.562314997571303,3.1412361252926977,3.699097461524614,3.1412361252926977,5.202097208040636,4.506303833333333,0.8233333333333336,2.013333333333333,4806.16,608.371,12.7,8.3,138.95,118.611,5.9239565541955255,3.52518638805272,-66257.0,27910.0,445332.0,78400.0,78480.0,92760.0,941146.0,757084.0,1028256.0,160724.0,1646764.0,-1.3785849826056562,0.5807130848744112,9.265858814521364,1.6312399087837275,1.6329044393028946,1.9300231369742165,3.3441250395326,19.58207799990013,15.752367794663517,21.39454366895817,34.26361169832049,2.891081445478303,2.467895367611565,0.34271011247114114
1987Q3,8.876666666666667,9.066666666666668,6.843333333333334,6.043333333333334,9.756666666666666,10.906666666666666,4.055719933333333,53.689666666666675,114.26666666666667,6.0,,9.149362831427318,3.3313965263781973,5.817966305049121,3.3551849386914028,4.162663026626631,3.3551849386914028,5.521481727975264,4.820946733333333,0.8800000000000002,2.0300000000000007,4884.555,625.48,12.8,11.6,143.608,120.811,5.910018036177342,3.50476518582788,-36382.0,-2810.0,435297.0,97320.0,88916.0,115896.0,963518.0,779313.0,1046045.0,71976.0,1663907.0,-0.7448375542910255,-0.05752827023137215,8.911702294272457,1.992402583244533,1.820350062595262,2.372703347592565,1.4735426256844277,19.725809208822504,15.954636604562749,21.415359229244014,34.0646589095629,2.9400426446216694,2.4733266387623845,0.089981963822658
1987Q4,9.123333333333333,9.226666666666667,6.916666666666667,5.863333333333333,10.213333333333333,11.38,4.228589933333333,54.23533333333333,115.33333333333333,5.833333333333333,,9.02114649155837,3.3531028827072156,5.668043608851154,3.5624535326536972,4.405610783182734,3.5624535326536972,5.560879800679635,4.894743399999999,1.0899999999999999,2.2566666666666664,5007.994,630.552,12.6,-0.5,144.567,124.02,5.8958176859450795,3.74615492989867,-73689.0,57764.0,495427.0,63572.0,67480.0,160631.0,986175.0,796183.0,1085339.0,116148.0,1711632.0,-1.4714274817421906,1.153435886704337,9.89272351364638,1.2694104665460861,1.3474457038087506,3.2074918620110164,2.3192519799344806,19.692016404173007,15.898241890864886,21.672130597600557,34.17799621964404,2.8867247045423783,2.476440666662141,-0.06248435261174645
1988Q1,8.416666666666666,8.63,6.663333333333334,5.723333333333334,9.556666666666667,10.753333333333332,3.9595603333333336,54.75866666666667,116.23333333333333,5.7,,8.543883614726731,3.3201115164712216,5.22377209825551,3.9036379231037017,3.9657684219989093,3.9036379231037017,4.513028743562965,4.457106333333333,1.1400000000000006,2.3366666666666664,5073.372,641.498,12.6,3.2,148.426,127.272,5.881374336705857,3.61147456453358,-72942.0,-7998.0,456663.0,82476.0,103524.0,140724.0,1011324.0,822064.0,1115256.0,129184.0,1743989.0,-1.4377419988126239,-0.15764663028849452,9.001173184225403,1.625664351046996,2.0405363533365977,2.7737764942133163,2.546314364489732,19.933961081505554,16.203503311012874,21.982539423484027,34.375342474393754,2.925588740585157,2.5086273981091867,-0.1813743367058569
1988Q2,8.91,9.06,7.156666666666666,6.21,9.81,10.979999999999999,4.068103333333333,55.422333333333334,117.56666666666666,5.466666666666666,,9.09725020618434,3.4950866641058944,5.602163542078444,4.151668765362756,3.979986700878772,4.151668765362756,4.758331234637244,4.841896666666667,0.8999999999999998,2.07,5190.036,659.366,12.7,9.3,153.476,130.383,5.866706042791119,3.80188425808459,-44465.0,13679.0,475664.0,134364.0,125948.0,87533.0,1047566.0,853551.0,1138667.0,120440.0,1755942.0,-0.8567377952677014,0.2635627190254557,9.16494606203117,2.588883776528718,2.4267269051698293,1.6865586288804164,2.3206004736768686,20.184175986447876,16.44595528817141,21.939481729991854,33.83294451136755,2.957127850365585,2.5121791062720953,-0.40003937612445295
1988Q3,9.1,9.173333333333334,7.983333333333333,7.010000000000001,9.963333333333333,11.073333333333332,4.111782766666667,56.06066666666667,119.0,5.466666666666666,,9.14267869428885,3.1443965803636544,5.998282113925196,4.416049421819731,4.142289572369573,4.416049421819731,4.683950578180269,4.988217233333334,0.8633333333333333,1.9733333333333334,5282.835,666.332,12.6,2.5,155.832,133.738,5.8518296238788325,3.70914104923465,-8060.0,29990.0,483094.0,117052.0,100064.0,104485.0,1074802.0,878567.0,1143546.0,124120.0,1786803.0,-0.15256959568110684,0.5676876146993044,9.144597550368315,2.2157042572785257,1.8941344940737312,1.9778206209355393,2.3494960565681113,20.34517451330583,16.630597018456946,21.64644551646985,33.82280536870828,2.94977980572931,2.5315573929528368,-0.38516295721216665
1988Q4,8.956666666666667,8.973333333333334,8.47,7.726666666666667,9.51,10.513333333333334,4.0578042666666665,56.687000000000005,120.3,5.333333333333333,,8.919283308646014,2.5802829177159663,6.339000390930049,4.520287307316366,4.3062449303434756,4.520287307316366,4.436379359350301,4.8988624000000005,0.5533333333333328,1.5566666666666666,5399.509,681.924,12.6,5.7,158.615,139.304,5.8367604319052795,3.82674009499587,27090.0,15978.0,500381.0,132604.0,88588.0,121130.0,1102799.0,900714.0,1186963.0,77460.0,1824433.0,0.5017122853207578,0.29591579530657325,9.26715743968572,2.455852930331258,1.640667697748073,2.243352127017475,1.434574884494127,20.424060780341325,16.681405661144375,21.982795102295412,33.788868580457965,2.937581917170617,2.5799382869812795,-0.5034270985719465
1989Q1,9.206666666666665,9.036666666666667,9.443333333333333,8.54,9.686666666666667,10.643333333333333,4.2691099333333336,57.30566666666667,121.66666666666667,5.2,,9.043372572072508,2.0410652133563985,7.002307358716112,4.651429879064839,4.6742075173991315,4.651429879064839,4.555236787601827,4.9375567333333334,0.4800000000000004,1.4366666666666668,5511.253,696.466,12.6,6.6,163.75,143.602,5.821512311844543,3.83670274238357,5612.0,73348.0,513824.0,74661.0,60596.0,116590.0,1127636.0,915863.0,1222755.0,126228.0,1856155.0,0.10182802350028207,1.330877025605611,9.32317932056467,1.3547010090082963,1.0994958859627746,2.115489889504256,2.290368451602567,20.460610318560953,16.618054006956314,22.186515480236526,33.67936474700036,2.971193665034068,2.6056143675494488,-0.6215123118445431
1989Q2,8.773333333333333,8.709999999999999,9.726666666666667,8.41,9.486666666666666,10.366666666666667,4.108587933333333,57.827,123.63333333333333,5.233333333333333,,8.520136100093241,1.9660495131895814,6.554086586903661,4.339071427176896,5.16007232097911,4.339071427176896,4.434261906156437,4.6647454,0.7133333333333335,1.5933333333333337,5612.463,708.998,12.6,5.5,170.56,147.8,5.806097722352712,3.74550476706659,-114173.0,66825.0,515136.0,125132.0,86436.0,112775.0,1162621.0,937472.0,1250364.0,94812.0,1861784.0,-2.034276217054794,1.1906537290312649,9.178430218604559,2.229538083369102,1.5400725136183524,2.0093673668761824,1.6893118048172433,20.714987341564655,16.70339742106095,22.278347313826387,33.172316681642265,3.0389509917481865,2.6334249330463297,-0.5727643890193788
1989Q3,8.106666666666667,8.116666666666667,9.083333333333334,7.843333333333334,8.966666666666667,9.886666666666667,3.705977066666667,58.25733333333333,124.60000000000001,5.233333333333333,,8.087242529590261,1.8622288317202271,6.225013697870035,3.9187900342932074,4.706762107416984,3.9187900342932074,4.1878766323734595,4.400689599999999,0.8600000000000007,1.7800000000000005,5695.365,731.137,12.8,10.6,174.995,152.349,5.790527979192876,3.66769165613691,-133943.0,57093.0,514114.0,85854.0,63980.0,29697.0,1181428.0,953467.0,1252170.0,124184.0,1892480.0,-2.3517895692374413,1.0024467264170076,9.026884141753865,1.5074363100521213,1.1233696172238303,0.5214240000421395,2.180439708429574,20.7436749005551,16.741104389270927,21.98577264143738,33.22842346364105,3.0725862170378897,2.6749646423012394,-0.5571946458595427
1989Q4,7.906666666666666,7.933333333333334,8.613333333333333,7.653333333333333,8.89,9.813333333333334,3.7257347666666667,58.790666666666674,125.86666666666667,5.366666666666667,,7.882885136823101,1.761336157446924,6.121548979376178,3.7110808366722794,4.62726245901192,3.7110808366722794,4.1955858299943865,4.1809319,0.9833333333333334,1.9066666666666672,5747.237,727.373,12.7,-4.0,175.946,156.716,5.7748135828401885,3.58907406897907,-214594.0,75652.0,525065.0,94825.0,87392.0,30809.0,1197917.0,975315.0,1284118.0,127108.0,1942516.0,-3.733863767928833,1.3163194766459083,9.135955242493045,1.6499232587763475,1.5205915468598215,0.5360662871567677,2.2116366525340787,20.843354815540057,16.970154528167186,22.34322336106898,33.79912817237222,3.0614015047578516,2.7268059417072936,-0.4081469161735214
1990Q1,8.423333333333334,8.44,8.25,7.760000000000001,9.193333333333333,10.096666666666666,3.9067439999999998,59.467666666666666,128.03333333333333,5.3,2.0229849510138984,8.467075895903017,2.0506316474906554,6.416444248412361,3.7723590025630305,5.232831190776925,3.7723590025630305,4.650974330770303,4.516589333333333,0.7699999999999996,1.6733333333333331,5872.701,740.88,12.6,5.2,176.747,160.336,5.758964591342092,3.80328811341196,-73655.0,85448.0,530365.0,67846.0,26748.0,125848.0,1222979.0,982002.0,1316097.0,46896.0,1955020.0,-1.2541929173645994,1.455003413250564,9.031023374082897,1.1552776141676548,0.4554633379087408,2.1429321874210863,0.7985422721163568,20.824812977878494,16.72147109141092,22.410420690581727,33.28996317026867,3.0096373031761705,2.7301917805793283,-0.45896459134209255
1990Q2,8.676666666666668,8.65,8.243333333333332,7.746666666666667,9.396666666666667,10.31,4.016122833333333,60.132000000000005,129.29999999999998,5.333333333333333,2.1525618181818182,8.620787010462521,2.170665796471216,6.450121213991306,3.985902720440341,4.5835556718683,3.985902720440341,4.690763946226325,4.660543833333333,0.7200000000000006,1.633333333333334,5960.028,734.124,12.3,-5.1,174.741,163.822,5.742991000135081,3.73055504412354,-111735.0,93148.0,556397.0,63301.0,67312.0,89482.0,1242767.0,998830.0,1336468.0,192820.0,1985110.0,-1.8747395146465755,1.5628785636577547,9.33547627628595,1.0620923257407515,1.1293906672921672,1.5013687855157727,3.2352197003101333,20.851697341019204,16.758813884766983,22.423854384576718,33.3070582889879,2.931882199211145,2.748678361913736,-0.4096576668017482
1990Q3,8.703333333333333,8.796666666666667,8.16,7.476666666666667,9.403333333333334,10.416666666666666,3.9209755333333334,60.739666666666665,131.53333333333333,5.7,2.2184951218626274,8.703132745435495,2.7345355712085713,5.968597174226922,4.260778130462714,5.563986716095148,4.260778130462714,4.442555202870621,4.782357800000001,0.6999999999999998,1.713333333333333,6015.116,744.412,12.4,2.9,172.364,165.274,5.726903091933299,3.57185336662011,-91587.0,110816.0,552055.0,52725.0,27096.0,52947.0,1252441.0,1005604.0,1346388.0,237992.0,2043898.0,-1.5226140277261486,1.8422919857239661,9.177794742445531,0.87654169927895,0.4504651281870541,0.8802324011706507,3.9565654261696697,20.821560215962585,16.71794858154024,22.383408732267174,33.979361329025075,2.8655141480230806,2.747644434454797,-0.026903091933299095
1990Q4,8.396666666666667,8.546666666666667,7.743333333333332,6.989999999999999,9.293333333333335,10.596666666666666,3.9430408999999997,61.24966666666666,133.76666666666665,6.133333333333333,2.1479204545454547,8.403307531916957,2.7553742886086816,5.647933243308273,4.182913167824427,6.276642343789729,4.182913167824427,4.21375349884224,4.453625766666668,0.8966666666666665,2.1999999999999993,6004.733,737.519,12.3,-6.1,176.042,168.27,5.710711721892166,3.15700642730914,-166814.0,69225.0,513212.0,42276.0,67380.0,40300.0,1254454.0,1022449.0,1359440.0,221012.0,2117196.0,-2.7780419212644425,1.1528406009059853,8.546791339431744,0.7040446261307539,1.1221148384116328,0.6711372512316534,3.680629929757077,20.891087080807754,17.02738489787972,22.639474561150347,35.25878669376307,2.9317206943256258,2.80228946066378,0.4226216114411665
1991Q1,8.016666666666666,8.196666666666665,6.426666666666667,6.023333333333333,8.933333333333332,10.203333333333333,3.7995597333333335,61.79333333333333,134.76666666666668,6.6000000000000005,2.1985603174603177,8.156016760599694,2.7623484455279743,5.393668315071721,3.911608909246459,5.260236559631637,3.911608909246459,4.105057757420207,4.217106933333333,0.9166666666666666,2.186666666666667,6035.178,729.8,12.1,-7.8,173.727,173.592,5.694428505931164,2.96167074557103,-110315.0,41150.0,511260.0,53725.0,78160.0,-108025.0,1276700.0,1041989.0,1330703.0,180826.0,2165271.0,-1.8278665517404789,0.68183573044573,8.47133257710046,0.8901974390813328,1.295073649857552,-1.789922351917375,2.9961999463810347,21.15430563936971,17.265257130775595,22.04910940489245,35.877500216232235,2.878572926929413,2.8763360417870034,0.9055714940688366
1991Q2,8.13,8.316666666666668,5.863333333333333,5.56,8.909999999999998,9.92,3.804561366666667,62.269666666666666,135.56666666666666,6.833333333333333,2.372411666666667,8.300237836844376,3.037634254846132,5.262603581998244,3.5550651635815798,4.846902272359806,3.5550651635815798,4.574934836418421,4.3254386333333334,0.7799999999999999,1.7900000000000003,6126.862,726.787,11.9,-2.0,176.392,178.74,5.678065883314299,2.99334438452447,14758.0,29535.0,508107.0,87066.0,95568.0,-87137.0,1300855.0,1065881.0,1309833.0,237698.0,2204987.0,0.24087371316670755,0.482057536141666,8.293103386366463,1.4210537139566715,1.5598196923645415,-1.4222125453453986,3.8796042737701617,21.23199445327804,17.39685013306975,21.378529498461038,35.988847145569785,2.87899417352635,2.917317217198625,1.1552674500190339
1991Q3,7.94,8.18,5.6433333333333335,5.376666666666666,8.786666666666667,9.683333333333334,3.812109733333333,62.83033333333333,136.6,6.866666666666667,2.313253484848485,8.044853912065305,3.073577546144436,4.971276365920868,3.442139103199112,3.854478201437598,3.442139103199112,4.497860896800888,4.127890266666667,0.8466666666666663,1.7433333333333334,6205.937,720.15,11.6,-3.4,179.165,180.096,5.661637028291996,2.95675215428507,-70572.0,47440.0,531271.0,45024.0,80164.0,-102757.0,1308215.0,1085922.0,1280717.0,400801.0,2308289.0,-1.137169133363745,0.7644292876321497,8.56068954615556,0.7254988247544247,1.2917308055173617,-1.6557854196715178,6.458347869145303,21.08005608178104,17.498115111384468,20.63696424891197,37.194850672831514,2.8869935353839393,2.901995299017699,1.205029638374671
1991Q4,7.346666666666667,7.8500000000000005,4.816666666666666,4.54,8.446666666666667,9.4,3.5462250666666666,63.324666666666666,137.73333333333332,7.1000000000000005,2.1651370927318294,7.56840348996996,3.413310405315181,4.155093084654779,3.387695689035771,2.965256194834017,3.387695689035771,3.9589709776308957,3.8004415999999996,1.1000000000000005,2.0533333333333332,6264.54,717.6,11.5,-0.2,182.361,184.088,5.645155589773301,2.81638872434967,-228850.0,66870.0,544431.0,50661.0,60760.0,-150094.0,1313573.0,1101112.0,1242873.0,274612.0,2390681.0,-3.65310142484524,1.067436715225699,8.690678006685246,0.8086946527598196,0.9699036162272091,-2.3959301081962923,4.383594006902342,20.968387144147854,17.57690109728727,19.839812659828176,38.162115654142205,2.9110038406650767,2.9385717067813437,1.4548444102266993
1992Q1,7.303333333333334,7.8,4.023333333333333,3.893333333333333,8.28,9.203333333333333,3.517993333333333,63.809333333333335,138.66666666666666,7.366666666666667,2.338316476798056,7.709986154277989,3.354002064799131,4.355984089478859,3.262459239171737,2.8938359559324005,3.262459239171737,4.040874094161596,3.78534,0.976666666666666,1.9000000000000004,6363.102,714.208,11.2,-1.6,183.803,184.22,5.6286352426023205,2.89260618900561,-566673.0,26897.0,516181.0,98916.0,80036.0,-79820.0,1345889.0,1121121.0,1232427.0,318500.0,2473821.0,-8.905609245302056,0.42270263780149997,8.112096898651004,1.554524821384287,1.2578141918831414,-1.2544196211218994,5.005420312294224,21.15146040406079,17.619095214881046,19.368336386875455,38.877594607158585,2.8885754149469864,2.8951288223888283,1.7380314240643466
1992Q2,7.376666666666666,7.896666666666666,3.7699999999999996,3.6799999999999997,8.276666666666666,9.13,3.6332184,64.25966666666666,139.73333333333332,7.6000000000000005,2.402262748917749,7.708184290852149,3.5681971979255267,4.139987092926622,3.196207406937416,3.073710745857028,3.196207406937416,4.1804592597292505,3.743448266666667,0.9,1.753333333333334,6470.763,736.717,11.4,13.6,190.503,186.534,5.612089039046045,2.87190018842149,-84370.0,62051.0,553415.0,71605.0,74096.0,-71186.0,1366738.0,1139645.0,1214015.0,307494.0,2532517.0,-1.3038647837975212,0.958944099791632,8.552546276227394,1.1065928392061337,1.1450890721851503,-1.100117559552096,4.752051651404942,21.1217440663489,17.612219764500725,18.761543267772286,39.137842013376165,2.944057756403688,2.882720322162935,1.9879109609539558
1992Q3,6.616666666666667,7.4433333333333325,3.2566666666666664,3.0833333333333335,7.98,8.703333333333333,3.3234853333333336,64.64033333333333,140.79999999999998,7.633333333333333,2.1247222222222226,7.1238675477309465,3.8375782901130067,3.28628925761794,2.88126210595104,3.0748310601753723,2.88126210595104,3.735404560715627,3.293181333333333,1.3633333333333335,2.0866666666666664,6566.641,748.536,11.4,6.3,198.638,187.864,5.595528554558459,2.78852391021775,-152239.0,45756.0,563862.0,63545.0,61660.0,-21161.0,1379380.0,1155060.0,1198020.0,330030.0,2606080.0,-2.318369467738529,0.6967946016844837,8.586764526947643,0.9676941376877463,0.9389884417314728,-0.32224999052026754,5.0258572076652275,21.00586890618811,17.58981494496197,18.24403070001847,39.68665258234766,3.0249559858685746,2.860884278583221,2.0378047787748734
1992Q4,6.743333333333333,7.526666666666667,3.0366666666666666,3.0700000000000003,8.023333333333333,8.87,3.2896639000000003,65.11399999999999,142.03333333333333,7.366666666666667,2.2096576441102758,7.219708020220576,3.338850610688961,3.880857409531615,2.8256742792386693,3.1223542430255975,2.8256742792386693,3.9176590540946634,3.453669433333333,1.2800000000000002,2.1266666666666674,6680.803,768.287,11.5,10.9,199.54,192.052,5.578962827771389,2.81594289803623,-141657.0,75178.0,582700.0,88827.0,55380.0,-91794.0,1394296.0,1168905.0,1180053.0,213292.0,2683010.0,-2.1203588850022967,1.1252838917716927,8.722005423599528,1.3295856800447492,0.8289422693649252,-1.373996509102274,3.192610229638563,20.870185814489663,17.496474600433512,17.66334076906623,40.159992743387285,2.9867667105286597,2.874684375515937,1.7877038388952782
1993Q1,6.28,7.083333333333333,3.0399999999999996,2.9600000000000004,7.733333333333333,8.403333333333334,3.1762713999999996,65.563,143.0666666666667,7.133333333333333,1.976254051190779,6.624087909180589,3.188443197462035,3.4356447117185542,2.748391826383749,3.173319946081321,2.748391826383749,3.531608173616251,3.1037286,1.4533333333333334,2.1233333333333335,6729.459,776.488,11.5,4.0,204.251,194.289,5.55200824023352,2.59377406649311,13656.0,94597.0,604159.0,228203.0,231748.0,-123714.0,1460069.0,1226842.0,1158936.0,177138.0,2737390.0,0.2029286455270773,1.4057147833131907,8.97782422034223,3.39110469355709,3.443783519596449,-1.8383944385425337,2.6322769779858977,21.696677251469993,18.230915739288996,17.221830164950852,40.67771272549547,3.035177121964782,2.887141447774628,1.5813250930998128
1993Q2,5.989999999999999,6.859999999999999,3.0,2.966666666666667,7.406666666666666,8.14,3.0223519333333333,66.06066666666668,144.1,7.066666666666666,1.7781436602870813,6.336643776941752,2.8989608530870536,3.437682923854698,2.802604443854443,3.125143812652253,2.802604443854443,3.1873955561455567,2.967648066666667,1.4166666666666667,2.150000000000001,6808.939,792.371,11.6,8.1,206.392,196.707,5.5325457029884095,2.5670887363433,-21926.0,73290.0,605856.0,214773.0,182272.0,-64716.0,1517140.0,1272410.0,1143393.0,284530.0,2786667.0,-0.32201786504475954,1.0763791539327934,8.897950179903212,3.1542799840033817,2.6769515779183806,-0.9504564514383226,4.178771464981549,22.28159188972026,18.687346148937447,16.792528175094535,40.926596640093265,3.031191790673995,2.888952302260308,1.534120963678257
1993Q3,5.616666666666667,6.316666666666666,3.06,3.0033333333333334,6.8933333333333335,7.623333333333332,2.9288990666666668,66.42999999999999,144.76666666666668,6.8,1.5464603174603173,5.824691858976443,2.2924226981385014,3.532269160837942,2.7686212835605386,2.817293781669387,2.7686212835605386,2.8480453831061276,2.6877675999999995,1.2766666666666666,2.0066666666666664,6882.098,798.315,11.6,3.3,215.012,197.364,5.5128995105853695,2.41354500458031,30139.0,48864.0,600578.0,194497.0,174812.0,-24988.0,1562042.0,1316113.0,1126565.0,217186.0,2829297.0,0.4379333162648948,0.7100160445259571,8.726670268281563,2.8261294738900844,2.5400975109625,-0.36308695400733904,3.1558109169616593,22.697177517669758,19.12371779652077,16.369499533427163,41.110966452381234,3.1242217126230982,2.86778828200354,1.2871004894146303
1993Q4,5.6066666666666665,6.133333333333333,2.99,3.06,6.843333333333334,7.553333333333334,2.9141196,66.77166666666666,145.96666666666667,6.633333333333333,1.5205416666666665,5.943024364380615,2.301125620109421,3.641898744271193,2.545858079600823,2.7692674756749853,2.545858079600823,3.0608085870658432,2.692547066666666,1.2366666666666666,1.946666666666667,7013.738,829.642,11.8,15.2,216.419,199.29,5.49312813937566,2.50373531635216,-2322.0,52440.0,622278.0,157951.0,140228.0,-40829.0,1593863.0,1351170.0,1128236.0,236750.0,2911911.0,-0.03310645478915808,0.7476754905871876,8.872273244309953,2.252023100948453,1.9993333084298273,-0.5821289589089298,3.3755181616421943,22.724872243588226,19.264620377892644,16.086087048019188,41.51724800669771,3.085644202848752,2.8414235034157245,1.140205193957673
1994Q1,6.066666666666666,6.5633333333333335,3.2133333333333334,3.2433333333333336,7.16,7.846666666666667,3.0634859666666667,67.07466666666666,146.70000000000002,6.566666666666666,1.7259102212051871,6.426565774935519,2.4734007791744737,3.953164995761046,2.3055662384205458,2.5394943820659766,2.3055662384205458,3.7611004282461207,3.0031807,1.0933333333333335,1.7800000000000002,7115.652,840.715,11.8,4.3,221.266,200.418,5.47329460823613,2.451936853842,-51133.0,31634.0,643798.0,167990.0,143904.0,55876.0,1643978.0,1387146.0,1156914.0,70435.0,2964629.0,-0.7185989421629951,0.44456923975483903,9.047631896557055,2.36085182355742,2.0223585976379956,0.7852548157217356,0.9898600999599194,23.103687476565746,19.49429230097256,16.25872091552538,41.66349056980302,3.109567471821275,2.8165795629128576,1.0933720584305364
1994Q2,7.083333333333333,7.359999999999999,3.94,3.9866666666666664,7.946666666666666,8.596666666666666,3.4732972666666666,67.526,147.53333333333333,6.2,2.1011092617908407,7.339332612724365,2.6369514534672627,4.702381159257102,2.2181881616608834,2.382561899555561,2.2181881616608834,4.86514517167245,3.610036066666666,0.8633333333333336,1.5133333333333334,7246.931,855.609,11.8,6.4,224.681,203.094,5.45346531882121,2.61669141874904,-8952.0,71918.0,687612.0,102278.0,86668.0,83195.0,1673960.0,1408813.0,1174283.0,241460.0,2971742.0,-0.12352815281392909,0.992392503806094,9.488319952266691,1.4113284644216981,1.1959269378996433,1.14800320301104,3.331893183473114,23.098881443744943,19.44013265753462,16.20386616072376,41.00690347403611,3.1003606906151036,2.802482871714937,0.7465346811787903
1994Q3,7.333333333333333,7.593333333333334,4.486666666666667,4.476666666666667,8.173333333333334,8.840000000000002,3.5102900333333333,67.903,148.9,6.0,2.11592187715666,7.395512695144702,2.5088601637663044,4.886652531378396,2.217415527853069,2.855010555094472,2.217415527853069,5.115917805480264,3.8230433,0.8399999999999999,1.506666666666667,7331.075,872.098,11.9,7.0,228.431,207.55,5.433708845509488,2.50717887622667,31649.0,45400.0,678778.0,86526.0,56056.0,110224.0,1691955.0,1422827.0,1190883.0,172308.0,3011491.0,0.43171021985179525,0.6192816196806062,9.25891496131195,1.1802634674996504,0.7646354729695167,1.5035175605214788,2.350378355152553,23.07922098737225,19.408163195711406,16.244316147359015,41.07843665492442,3.115927745930849,2.8310991225707007,0.5662911544905116
1994Q4,7.836666666666666,7.963333333333334,5.166666666666667,5.28,8.57,9.206666666666665,3.7548177000000003,68.248,149.76666666666668,5.633333333333333,2.199343174603175,7.844871679936884,2.2606792822485455,5.584192397688338,2.211069474592775,2.603344144440034,2.211069474592775,5.625597192073891,4.081848966666667,0.7333333333333337,1.3699999999999999,7455.288,906.989,12.2,16.5,235.036,211.758,5.414094702789551,2.59240012362002,181051.0,85837.0,738440.0,113538.0,70768.0,87124.0,1711446.0,1440519.0,1218687.0,164465.0,3074079.0,2.42849102543054,1.151357264803184,9.904915812776114,1.5229190341137728,0.9492322764727532,1.1686201793948134,2.2060180639567513,22.956135296181717,19.322110695120028,16.346611961871897,41.23353785930202,3.1526079207134585,2.8403731686824174,0.21923863054378145
1995Q1,7.483333333333333,7.636666666666667,5.81,5.736666666666667,8.28,8.876666666666667,3.7372576,68.60566666666666,150.86666666666667,5.466666666666666,1.933823888888889,7.374404352903909,1.9378013153439075,5.436603037560002,2.2826740494653905,2.840339553572931,2.2826740494653905,5.200659283867943,3.7460757333333334,0.7966666666666665,1.3933333333333329,7522.289,944.62,12.6,15.6,243.954,218.158,5.39469211786714,2.50274849609026,-142562.0,108956.0,763152.0,52335.0,48452.0,184009.0,1734179.0,1452632.0,1267354.0,136533.0,3147620.0,-1.8951944015977051,1.4484420899010926,10.145209789201132,0.6957323761424216,0.6441124503458987,2.4461836018265184,1.8150459255154916,23.053873628093786,19.31103683998315,16.847983373146125,41.84391213897791,3.2430819927285435,2.900154460962614,0.0719745487995258
1995Q2,6.62,6.960000000000001,6.02,5.596666666666667,7.66,8.233333333333333,3.2893111333333334,69.01299999999999,152.1,5.666666666666667,1.5069819776714513,6.586821031639633,1.630071060815103,4.9567499708245295,2.202256815087278,3.095413472227001,2.202256815087278,4.417743184912722,3.3306888666666663,1.04,1.6133333333333333,7580.997,956.779,12.6,3.9,253.589,224.004,5.37556883567923,2.47620404626795,-115587.0,87645.0,760784.0,136212.0,100144.0,127945.0,1773316.0,1477668.0,1296470.0,374811.0,3172695.0,-1.5246939155892028,1.1561144266380794,10.035408271497799,1.7967557565317598,1.320987199968553,1.6877067752434145,4.944085850449486,23.391593480382593,19.49173703669847,17.101576481299226,41.850629936933096,3.345061342195492,2.9548092421089205,0.2910978309874368
1995Q3,6.323333333333333,6.71,5.796666666666667,5.366666666666667,7.433333333333334,8.053333333333333,3.1233996666666664,69.342,152.86666666666667,5.666666666666667,1.4095254347826087,6.373158361133572,1.5140762138950403,4.8590821472385315,2.119154746659461,2.6642831094231934,2.119154746659461,4.204178586673873,3.199933666666667,1.11,1.7299999999999993,7683.125,965.53,12.6,2.6,254.386,230.385,5.3567899822909295,2.54168028905947,-132733.0,84429.0,781423.0,59475.0,38576.0,80022.0,1784090.0,1487312.0,1306641.0,108531.0,3199633.0,-1.7275913121288538,1.0988887985032132,10.170640201740829,0.7740990807776783,0.5020873667941105,1.0415293256324738,1.4125892784511511,23.220889937362728,19.358164809241032,17.006634670137476,41.64494265028878,3.310970470999756,2.9985845603188803,0.30987668437573745
1995Q4,5.8933333333333335,6.2299999999999995,5.72,5.260000000000001,6.986666666666667,7.640000000000001,2.9762854,69.68966666666667,153.70000000000002,5.566666666666666,1.1943834920634921,5.871032423248459,1.2210394320063005,4.649992991242159,2.1124174644544302,2.6264758134387334,2.1124174644544302,3.7809158688789033,2.917047933333333,1.0933333333333335,1.7466666666666668,7772.586,982.059,12.6,8.0,263.452,234.849,5.338417010860328,2.58003696772624,-94821.0,48503.0,759105.0,96567.0,72688.0,45373.0,1797593.0,1505484.0,1343830.0,75121.0,3247828.0,-1.2199414712169154,0.6240265466345435,9.76644066723739,1.24240503739682,0.9351842488458797,0.5837568088664442,0.9664865721653,23.127347835070594,19.36915204283362,17.289355177285913,41.785681110508136,3.3895025413678272,3.021504039968165,0.22824965580633805
1996Q1,5.91,6.296666666666667,5.363333333333333,4.93,7.05,7.71,2.9038630666666667,69.96366666666667,155.06666666666666,5.533333333333334,1.2757241269841268,6.137473823598221,1.5947637221354345,4.542710101462785,1.9794596748357485,2.783881388262851,1.9794596748357485,3.9305403251642517,3.0061369333333334,1.14,1.7999999999999998,7868.468,1003.747,12.8,10.5,270.933,243.422,5.320506752031688,2.58125615808442,51076.0,21314.0,758409.0,116425.0,90008.0,61326.0,1837097.0,1527986.0,1352927.0,185933.0,3326813.0,0.6491225483791763,0.270878651346107,9.638585300213458,1.4796400010777193,1.1439075560833445,0.7793893296636651,2.3630139945920856,23.3475817655991,19.41910420173279,17.194287375890706,42.28031428735556,3.443275107682969,3.0936390667154012,0.21282658130164567
1996Q2,6.72,6.926666666666667,5.243333333333333,5.02,7.609999999999999,8.296666666666667,3.2487936666666664,70.29633333333334,156.4,5.5,1.6993422727272727,6.783069923070467,1.8250439642932157,4.958025958777252,1.8595550264070078,2.827094774662779,1.8595550264070078,4.860444973592992,3.4712063333333334,0.89,1.5766666666666669,8032.84,1026.468,12.8,11.1,274.982,249.817,5.3031105878163,2.84822309117507,-152578.0,44042.0,788306.0,122904.0,105624.0,115190.0,1873228.0,1554392.0,1376514.0,206592.0,3302754.0,-1.899427848681164,0.5482743338595066,9.813540416589898,1.5300192708929843,1.3149023259519672,1.4339884773006806,2.5718425861837155,23.319622947799285,19.350466335691983,17.13608138591084,41.115645276141436,3.423222670935809,3.1099461709681755,0.19688941218370015
1996Q3,6.78,6.966666666666666,5.306666666666667,5.096666666666667,7.59,8.293333333333333,3.291596066666667,70.617,157.29999999999998,5.266666666666667,1.6822054617604618,6.843125475865974,1.832393682549127,5.010731793316847,1.8387206388105055,2.900074323344389,1.8387206388105055,4.941279361189494,3.4884039333333328,0.8100000000000002,1.513333333333333,8131.408,1058.965,13.0,13.2,283.129,256.663,5.28627376481136,2.850704787297,-9132.0,78756.0,828378.0,48889.0,65104.0,132748.0,1880751.0,1570668.0,1400680.0,167546.0,3344692.0,-0.11230527357623674,0.9685407496463097,10.18738698144282,0.601236587808655,0.8006485469675118,1.6325339965723034,2.0604795627030397,23.12946294171932,19.316064327358802,17.225553065348585,41.13299935263364,3.4819185066104175,3.1564398195244903,-0.01960709814469297
1996Q4,6.343333333333334,6.613333333333333,5.28,4.976666666666667,7.2299999999999995,7.916666666666667,3.1699937666666664,71.01899999999999,158.66666666666666,5.333333333333333,1.4831488455988457,6.303790045482507,1.4831773738471583,4.820612671635348,1.9075241001373922,3.231265700211187,1.9075241001373922,4.435809233195941,3.1733395666666673,0.8866666666666664,1.5733333333333333,8259.771,1083.597,13.1,10.5,287.717,263.31,5.2700348590681685,2.96893662509718,-240692.0,89087.0,854969.0,78535.0,97428.0,18369.0,1889281.0,1595025.0,1413321.0,-2912.0,3387118.0,-2.914027519649152,1.0785650110638658,10.351001256572365,0.9508132852593613,1.1795484402654746,0.22239115345933924,-0.03525521470268364,22.8732854700209,19.310765395311805,17.11089811085561,41.00740807463063,3.483353230979406,3.1878607772539937,0.06329847426516455
1997Q1,6.5633333333333335,6.816666666666666,5.276666666666666,5.06,7.426666666666667,8.07,3.2455742666666665,71.298,159.63333333333333,5.233333333333333,1.5871548412698413,6.679969629451212,1.6373213735333794,5.0426482559178325,1.9071341684519998,2.9452232362230752,1.9071341684519998,4.6561991648813335,3.317759066666667,0.863333333333333,1.5066666666666666,8362.655,1107.299,13.2,9.6,299.292,277.134,5.25442540113615,2.88964080894216,-89296.0,85581.0,880918.0,124631.0,114644.0,104645.0,1931085.0,1623686.0,1450526.0,55999.0,3433093.0,-1.067794857016103,1.0233711662145575,10.533951239169856,1.4903281314367265,1.3709043360033386,1.251337045471803,0.6696318334308899,23.09176930053912,19.415915160914803,17.3452808946441,41.05266808208637,3.5789112429007286,3.3139475441710795,-0.021092067802817027
1997Q2,6.696666666666666,6.933333333333334,5.523333333333333,5.046666666666667,7.573333333333333,8.186666666666666,3.3250242666666665,71.67,160.0,5.0,1.665133189033189,6.6681571036050284,1.6105302958538612,5.057626807751167,1.9541307473857887,2.3019186506632927,1.9541307473857887,4.742535919280878,3.3716424000000003,0.8766666666666669,1.4899999999999995,8518.825,1129.567,13.3,8.6,310.226,284.625,5.23946966586832,3.16024588651573,-447369.0,151374.0,958369.0,173087.0,148132.0,126379.0,1979805.0,1660719.0,1476830.0,61558.0,3361985.0,-5.251534102414359,1.7769351993966305,11.250013939715865,2.03181776829551,1.7388783077478407,1.4835261905251018,0.722611393003143,23.240352982952462,19.494695571278903,17.336076278125212,39.465360539745795,3.6416524579387413,3.3411297919607454,-0.2394696658683202
1997Q3,6.243333333333333,6.53,5.533333333333334,5.046666666666667,7.169999999999999,7.756666666666667,3.1583393333333336,71.83733333333333,160.79999999999998,4.866666666666667,1.4449743145743146,6.234667848106073,1.3346397078133245,4.90002814029275,1.7282442785302221,2.225028454311606,1.7282442785302221,4.515089054803111,3.084994,0.9266666666666667,1.5133333333333336,8662.823,1178.364,13.6,18.8,326.308,292.246,5.22518462756924,3.12580869314649,-186028.0,110125.0,942304.0,243330.0,222432.0,174270.0,2034658.0,1716327.0,1507526.0,22988.0,3369532.0,-2.14742930797501,1.2712368704751327,10.877562660578429,2.8088995931233964,2.567661834946876,2.011699881205007,0.2653638427103959,23.48723966771571,19.812559947259686,17.40224866651437,38.89646596727187,3.7667628670238327,3.373565407027247,-0.3585179609025726
1997Q4,5.906666666666666,6.1433333333333335,5.506666666666667,5.09,6.876666666666666,7.436666666666667,3.066178366666667,72.06466666666667,161.66666666666666,4.666666666666667,1.2568444444444447,5.857367079371554,0.9461928659717508,4.9111742133998035,1.4724051820238948,1.8911240605164286,1.4724051820238948,4.4342614846427715,2.8404883,0.9700000000000001,1.5300000000000002,8765.907,1181.123,13.5,2.6,330.369,297.85,5.21158007709276,3.1232664232377,-254176.0,125138.0,947286.0,92292.0,76624.0,224343.0,2046083.0,1735483.0,1577456.0,-136944.0,3388018.0,-2.899597269284285,1.4275533609927642,10.806480150884559,1.0528516900761096,0.8741137682615159,2.55926739811408,-1.5622342331489487,23.34137243299524,19.798099614791713,17.995354046078745,38.649942327702085,3.768794261677657,3.3978229520345136,-0.5449134104260933
1998Q1,5.586666666666667,5.883333333333333,5.52,5.053333333333334,6.666666666666667,7.253333333333334,2.9368390000000004,72.277,162.0,4.633333333333333,1.103456937799043,5.6940912786783064,0.9164200467244342,4.777671231953872,1.3732981390692196,1.4826793214697487,1.3732981390692196,4.213368527597447,2.649827666666667,1.0799999999999998,1.6666666666666667,8866.48,1212.378,13.7,13.6,341.063,304.884,5.198658893645431,3.16470271626436,-475776.0,215723.0,990730.0,375995.0,316524.0,83050.0,2151561.0,1814614.0,1601290.0,-89216.0,3399328.0,-5.366007705425377,2.433017386832204,11.173881856159378,4.240634389295414,3.5698947045501708,0.9366738547879203,-1.0062166722306936,24.266236432045186,20.46600229177757,18.060041865543035,38.339092853082626,3.846656170205087,3.43861374525178,-0.5653255603120986
1998Q2,5.596666666666667,5.8500000000000005,5.5,4.976666666666667,6.636666666666667,7.253333333333333,2.9390829333333333,72.49833333333333,162.53333333333333,4.3999999999999995,1.1309859090909091,5.681501167581419,0.8760020239259211,4.805499143655498,1.1558654310876622,1.5833085441197214,1.1558654310876622,4.440801235579005,2.6575837333333334,1.0400000000000003,1.6566666666666665,8969.699,1247.103,13.9,14.2,346.082,312.308,5.1864174604119695,3.2011864248529,-328046.0,174622.0,962832.0,367802.0,357892.0,154580.0,2252070.0,1904087.0,1636380.0,12551.0,3302345.0,-3.657268766766867,1.946798883663766,10.73427324595842,4.100494342117835,3.990011259017722,1.7233577180237598,0.13992665751660116,25.10753147903848,21.227992154474748,18.243421546252556,36.8166757881173,3.858345748279847,3.4818113740494523,-0.78641746041197
1998Q3,5.203333333333333,5.473333333333334,5.533333333333334,4.823333333333333,6.489999999999999,7.126666666666666,2.860749333333333,72.75566666666667,163.36666666666667,4.533333333333333,0.9486937950937951,5.136666685593467,0.676070741244315,4.460595944349152,1.2784118564505749,1.5964501135180627,1.2784118564505749,3.9249214768827585,2.342584,1.2866666666666668,1.9233333333333336,9121.097,1261.652,13.8,6.5,348.694,322.424,5.17484620977586,3.34501301304302,338855.0,158088.0,976478.0,199218.0,108476.0,212718.0,2295087.0,1931206.0,1678377.0,-200033.0,3265085.0,3.7150684835387673,1.7332125730051988,10.705707877024002,2.1841451746429184,1.1892867710978186,2.3321536872154742,-2.1930805033648912,25.162400969971046,21.172957594903334,18.401043207850986,35.797064760960225,3.8229392802203512,3.5349256783476815,-0.6415128764425271
1998Q4,4.670000000000001,5.1066666666666665,4.86,4.253333333333333,6.333333333333333,7.25,2.4843892333333333,72.98766666666667,164.13333333333333,4.433333333333334,0.8189526505658083,4.930702106363704,0.8189433298583201,4.111758776505384,1.2807768854174117,1.525740097731772,1.2807768854174117,3.389223114582588,2.1856107666666666,1.663333333333333,2.5799999999999996,9293.991,1295.444,13.9,12.2,361.495,332.888,5.16393028093661,3.51783147256581,-148936.0,193912.0,997737.0,110565.0,150204.0,284531.0,2309478.0,1968757.0,1761129.0,-107174.0,3292049.0,-1.6024977859350198,2.086423367528546,10.735291222037981,1.1896396284437976,1.616141009820216,3.0614512107877014,-1.1531536882271567,24.849152533072175,21.183117134501206,18.94911454078232,35.4212630505022,3.8895561659140836,3.5817551361949884,-0.7305969476032761
1999Q1,4.983333333333333,5.37,4.733333333333333,4.406666666666667,6.420000000000001,7.403333333333333,2.6671926,73.17066666666666,164.73333333333332,4.3,1.0108346300533944,5.371045656840873,1.0511115604876717,4.319934096353201,1.2365100454515627,1.6872427983539051,1.2365100454515627,3.746823287881771,2.316140733333333,1.4366666666666668,2.42,9411.682,1322.305,14.0,9.2,375.134,343.185,5.1536502701945,3.47762050560121,-109822.0,197689.0,1039113.0,280723.0,215720.0,195138.0,2395716.0,2022687.0,1813228.0,-102981.0,3298489.0,-1.1668690038613714,2.100464082828128,11.040672644910869,2.982708085547302,2.2920451413466796,2.0733594696463395,-1.0941827401308288,25.454706183230584,21.49123822925594,19.265716797486355,35.046753598347244,3.9858337755143025,3.646372667499816,-0.8536502701945006
1999Q2,5.54,5.8,4.746666666666667,4.453333333333333,6.933333333333334,7.739999999999999,2.860825666666667,73.42466666666667,165.96666666666667,4.266666666666667,1.2741199855699856,5.872199448805024,1.3321459067647334,4.54005354204029,1.2777616686154996,2.112585759261313,1.2777616686154996,4.262238331384501,2.6791743333333335,1.3933333333333333,2.1999999999999997,9526.21,1353.96,14.2,11.0,396.242,358.762,5.1439830521394,3.49376393118413,-114702.0,172934.0,1022052.0,246580.0,245040.0,27413.0,2466609.0,2083947.0,1816536.0,-52554.0,3187031.0,-1.204067514782899,1.8153494411733522,10.728841795425463,2.5884375843068756,2.572271658928367,0.28776396909159047,-0.5516779495728102,25.89286820256954,21.87592967192619,19.068821703489636,33.455393068177166,4.159492599890198,3.7660517666522155,-0.8773163854727333
1999Q3,5.883333333333333,6.04,5.093333333333334,4.6499999999999995,7.326666666666667,8.1,3.0533913,73.695,167.20000000000002,4.233333333333333,1.4387326915774283,6.26540958281009,1.58563378346308,4.679775799347009,1.291089523020957,2.3463197156808078,1.291089523020957,4.592243810312376,2.8299420333333334,1.4433333333333334,2.2166666666666663,9686.626,1386.594,14.3,12.0,408.032,373.368,5.13490264848964,3.6173581623571,244854.0,212923.0,1060814.0,326417.0,270688.0,154967.0,2542876.0,2151619.0,1878781.0,-118292.0,3172959.0,2.527753213554441,2.1981131510600287,10.951326086090244,3.3697698249111716,2.794450823227819,1.5998036880953181,-1.2211888845507197,26.251410966006123,22.212264621344936,19.39561824726174,32.75608039373049,4.212323258893241,3.8544690380324376,-0.9015693151563067
1999Q4,6.140000000000001,6.253333333333333,5.306666666666667,5.043333333333334,7.486666666666667,8.24,3.1671529,74.04166666666667,168.43333333333334,4.066666666666666,1.4751242424242423,6.504195975749165,1.6749709520952198,4.829225023653945,1.4440799532840758,2.6197635342648296,1.4440799532840758,4.695920046715925,2.9728471000000005,1.3466666666666665,2.1,9900.169,1395.049,14.1,1.8,406.204,385.194,5.12638112041102,3.82733534952023,-622093.0,282688.0,1102417.0,144636.0,97184.0,112844.0,2559067.0,2175915.0,1918143.0,-9989.0,3221095.0,-6.283660410241482,2.855385599983192,11.135335164480525,1.4609447576096934,0.9816398083709481,1.139818926323379,-0.10089726751129197,25.848720360228196,21.978564204308025,19.374851075774565,32.53575772292372,4.103000665948228,3.8907820664475525,-1.0597144537443537
2000Q1,6.4799999999999995,6.303333333333334,5.676666666666667,5.5200000000000005,7.713333333333334,8.33,3.317285333333333,74.42966666666666,170.1,4.033333333333333,1.5195554347826086,6.479924706607977,1.0917075565361083,5.38821715007187,1.7206375233179176,3.257688294692914,1.7206375233179176,4.759362476682083,3.1627146666666666,1.2333333333333334,1.8499999999999996,10002.179,1450.25,14.5,15.5,431.256,400.258,5.118389459825649,3.70660018751368,-362008.0,284040.0,1098793.0,211665.0,177184.0,272394.0,2634270.0,2220211.0,1977085.0,-205502.0,3201973.0,-3.619291356413438,2.839781211673976,10.985536251650766,2.1161888824425157,1.771454000173362,2.7233465827796124,-2.0545723086939356,26.33696117615971,22.197273214166632,19.76654287030856,32.0127544208117,4.311620497893508,4.0017080278207375,-1.085056126492316
2000Q2,6.176666666666667,5.976666666666667,6.273333333333333,5.713333333333334,7.766666666666667,8.593333333333334,3.2589822,74.68933333333334,171.4333333333333,3.9333333333333336,1.3230043062200958,6.319131199464188,0.8978885203019402,5.421242679162248,1.7223917528226496,3.29377788429183,1.7223917528226496,4.454274913844017,2.917684466666667,1.5899999999999999,2.416666666666667,10247.72,1498.729,14.6,13.1,450.048,408.567,5.11089845549919,3.8968608828259,-243935.0,372193.0,1183649.0,240416.0,130680.0,198188.0,2703105.0,2252881.0,2029489.0,-420965.0,3014524.0,-2.3803831486418443,3.631959108953016,11.550364373733865,2.346043802914209,1.2752104858446562,1.9339716541825889,-4.107889364658676,26.377623510400362,21.98421697704465,19.80429793163748,29.416533628943803,4.391689078155922,3.986906355755232,-1.1775651221658565
2000Q3,5.8933333333333335,5.8,6.52,6.016666666666667,7.6066666666666665,8.32,3.0476560666666668,75.04966666666667,173.0,4.0,1.1061802173913045,6.006921264259868,0.8112986516543778,5.19562261260549,1.838189063088184,3.4690208756786856,1.838189063088184,4.055144270245149,2.8456772666666663,1.7133333333333336,2.4266666666666663,10318.165,1519.657,14.7,4.4,455.602,414.719,5.10387951056623,3.71970955131642,-116553.0,365992.0,1174572.0,219829.0,161092.0,20116.0,2754130.0,2293154.0,2026030.0,-295525.0,2970228.0,-1.1295903874380766,3.5470648123963904,11.383535735278512,2.1305047942148625,1.561246597626613,0.1949571459653921,-2.864123611126591,26.692052317442105,22.224436224851996,19.635565044753598,28.786397581352887,4.415533188314007,4.019309634998083,-1.1038795105662302
2000Q4,5.566666666666666,5.69,6.473333333333334,6.016666666666667,7.403333333333333,8.213333333333333,2.9310508333333334,75.42133333333334,174.23333333333335,3.9,0.8992399206349205,5.612323009378829,0.7740634478873547,4.8382595614914745,1.8633476042336783,3.4435088887033207,1.8633476042336783,3.7033190624329886,2.635615833333333,1.8366666666666667,2.646666666666666,10435.744,1525.091,14.6,1.5,465.497,421.81,5.0973053895934894,3.72131944210005,706618.0,379744.0,1167031.0,97302.0,102508.0,143682.0,2751370.0,2318781.0,2076735.0,-183259.0,2944782.0,6.771131986372988,3.6388780713670252,11.183016754722997,0.9323915956543204,0.9822778328023378,1.3768256484635883,-1.7560702907238812,26.36486675027674,22.219604083810413,19.90021027729312,28.218227660624866,4.460601946540659,4.04197343284772,-1.1973053895934895
2001Q1,5.05,5.4433333333333325,5.593333333333334,4.816666666666666,7.076666666666667,7.88,2.5579322333333336,75.91166666666668,175.9,4.233333333333333,0.908906432748538,5.282843897894957,1.188828678110441,4.0940152197845165,1.9911886139344581,3.4110242888877838,1.9911886139344581,3.0588113860655413,2.4920677666666666,2.026666666666667,2.83,10470.231,1505.248,14.4,-3.5,453.964,421.815,5.09115087525391,3.55932629375005,133258.0,270566.0,1082730.0,214086.0,408720.0,-124126.0,2811249.0,2420961.0,2038030.0,-4839.0,2964368.0,1.2727321870931023,2.5841454691878334,10.341032590398436,2.0447113344490684,3.9036388022384605,-1.1855134810301702,-0.0462167453612055,26.849923368452906,23.1223265274663,19.464995566955494,28.31234573525646,4.335759163288756,4.028707676077061,-0.8578175419205767
2001Q2,5.27,5.7,4.326666666666667,3.66,7.223333333333334,8.036666666666667,2.731342833333333,76.19866666666667,177.13333333333333,4.3999999999999995,1.2630542496392498,5.666576625747452,1.7738489514519493,3.8927276742955024,2.0207994068834148,3.325100304470478,2.0207994068834148,3.249200593116585,2.5386571666666664,1.9533333333333334,2.766666666666667,10599.0,1473.585,13.9,-8.0,429.394,418.696,5.0853933171443,3.50750035074158,-510316.0,223813.0,1078047.0,350715.0,478312.0,-17347.0,2902611.0,2540539.0,2038050.0,-424352.0,2804731.0,-4.814756109066893,2.111642607793188,10.171214265496745,3.308944240022644,4.512803094631569,-0.16366638362109634,-4.003698462119068,27.38570619869799,23.96961034059817,19.228700820832152,26.46222285121238,4.051268987640343,3.9503349372582317,-0.6853933171443005
2001Q3,4.98,5.523333333333333,3.4966666666666666,3.17,7.1066666666666665,7.949999999999999,2.7474823,76.39533333333333,177.63333333333333,4.833333333333333,1.2278785450412049,5.174951968425547,1.773427205911572,3.4015247625139753,1.7936412608456538,2.678376859083668,1.7936412608456538,3.1863587391543464,2.2325177000000003,2.1266666666666665,2.9699999999999993,10598.02,1452.58,13.7,-4.6,410.212,413.087,5.08001305816486,3.16341312726352,683902.0,168676.0,1034229.0,102092.0,143792.0,34185.0,2922464.0,2576487.0,2037687.0,269578.0,2883903.0,6.453111052819301,1.591580314058664,9.758700210039233,0.9633120148857994,1.3567817384756775,0.3225602518206231,2.5436638164487326,27.57556600195131,24.3110222475519,19.227053732678367,27.211715018465714,3.8706475360491863,3.8977752448098792,-0.24667972483152667
2001Q4,4.7700000000000005,5.3066666666666675,2.1333333333333333,1.906666666666667,6.923333333333333,7.923333333333333,2.5212699666666665,76.764,177.5,5.5,1.404039696969697,5.14156172956753,2.202433060042338,2.939128669525193,1.7802390770035166,1.8752331260311284,1.7802390770035166,2.9897609229964837,2.2487300333333335,2.153333333333333,3.1533333333333338,10660.465,1408.856,13.2,-11.0,400.761,406.561,5.0749937271223695,3.13879977995498,-502602.0,168978.0,948946.0,219559.0,174108.0,-146371.0,2955427.0,2620014.0,2013908.0,143654.0,2940792.0,-4.714634868178827,1.5850903314255052,8.901544163411259,2.0595630678399113,1.6332120596990845,-1.37302641113685,1.3475397180141766,27.72324659383995,24.57692042514093,18.891371061206055,27.585963651679357,3.7593200671828106,3.8137266995389036,0.4250062728776305
2002Q1,5.076666666666667,5.57,1.7333333333333334,1.72,6.623333333333332,7.956666666666666,2.7356563,76.99966666666667,178.0666666666667,5.7,1.6373014870509606,5.531418175048571,2.3337924555220377,3.1976257195265325,1.4332306822311052,1.2317084729315624,1.4332306822311052,3.6434359844355613,2.341010366666667,1.5466666666666662,2.8799999999999994,10783.5,1374.027,12.7,-9.3,393.877,404.11,5.07032238974232,3.07432503186226,-165893.0,89934.0,979906.0,91014.0,169024.0,-29296.0,2982753.0,2662270.0,1994824.0,13174.0,2994298.0,-1.5383966244725737,0.8339963833634719,9.087086752909537,0.8440116845180137,1.56743172439375,-0.2716743172439375,0.12216812723141836,27.66034218945611,24.68836648583484,18.498854731766123,27.767403904112765,3.6525896044883392,3.747484582927621,0.62967761025768
2002Q2,5.1000000000000005,5.743333333333333,1.75,1.7133333333333332,6.713333333333334,8.023333333333333,2.825063,77.42333333333333,179.46666666666667,5.833333333333333,1.6099772727272728,5.370697217260904,2.336893567292177,3.0338036499687266,1.6072095903805206,1.3180144852859972,1.6072095903805206,3.4927904096194795,2.274937,1.6133333333333333,2.9233333333333333,10887.46,1357.267,12.5,-4.4,390.719,405.991,5.0659895539952,3.06619335143063,402931.0,70675.0,985282.0,73854.0,132612.0,-82175.0,2995194.0,2695423.0,1983092.0,367110.0,3012323.0,3.700872379783714,0.6491413056856237,9.049695704967,0.6783400352331949,1.2180251408501157,-0.7547674113154033,3.3718608380650763,27.510493723972353,24.75713343608151,18.214459570919203,27.66782151208822,3.5887066404836387,3.7289781087599865,0.767343779338133
2002Q3,4.260000000000001,5.276666666666666,1.74,1.6433333333333333,6.3500000000000005,7.626666666666668,2.4191784,77.83633333333333,180.4333333333333,5.733333333333333,1.1265771212121212,4.510729572992818,2.211544319071309,2.2991852539215087,1.8872240142865444,1.576360012077882,1.8872240142865444,2.3727759857134556,1.8408216,2.0900000000000003,3.366666666666667,10984.04,1348.884,12.3,-1.3,393.573,409.328,5.06198902947023,2.93924145917096,547356.0,15107.0,973134.0,-89209.0,-45180.0,71802.0,2979716.0,2684128.0,1990474.0,342362.0,3096826.0,4.9831937975462575,0.13753591574684723,8.859527095677,-0.8121692929013368,-0.4113240665547467,0.6536939049748545,3.1169041627670695,27.127687080527746,24.436618948947746,18.121510846646586,28.19387037920474,3.583135167024155,3.7265705514546554,0.6713443038631031
2002Q4,4.006666666666667,5.163333333333333,1.4433333333333334,1.3333333333333333,6.28,7.6000000000000005,2.213647,78.113,181.5,5.866666666666667,1.0300516062884484,4.422520527989161,2.3348202771145536,2.0877002508746076,1.7573658833227663,2.2536062429198,1.7573658833227663,2.2493007833439003,1.7930196666666667,2.2733333333333334,3.5933333333333337,11061.433,1331.215,12.0,-5.3,378.86,405.46,5.05831764437482,2.68073177072651,-490461.0,-18614.0,970512.0,-239.0,38876.0,33282.0,2974282.0,2693847.0,2012314.0,241049.0,3181716.0,-4.43397342821676,-0.16827837767493597,8.773836084348204,-0.002160660377367019,0.35145536749171646,0.30088325807334365,2.1791841979244464,26.88875844567336,24.353508266062814,18.19216370971103,28.764048925668128,3.4250535170262295,3.665528688733186,0.8083490222918472
2003Q1,3.92,5.0633333333333335,1.25,1.1566666666666665,6.003333333333333,7.12,2.1892966333333335,78.354,183.36666666666667,5.866666666666667,0.9985245614035088,4.207013564172576,2.1516043889457577,2.055409175226819,1.7588920953092613,2.9762446289777866,1.7588920953092613,2.1611079046907387,1.7307033666666667,2.0833333333333335,3.1999999999999997,11174.129,1332.696,11.9,2.0,383.683,409.186,5.0549748275089,2.56779138093554,235187.0,-32821.0,967636.0,12856.0,35900.0,-25264.0,2983421.0,2702822.0,1995901.0,179299.0,3293980.0,2.104745703222148,-0.29372311703220894,8.659610068936917,0.1150514729156966,0.3212778374045977,-0.22609368479637204,1.604590389103258,26.69936063920508,24.188211895531186,17.86180381486557,29.478628714596013,3.433672548437556,3.6619051024021645,0.811691839157767
2003Q2,3.6199999999999997,4.836666666666667,1.2466666666666668,1.04,5.31,6.473333333333334,2.0708606666666665,78.65100000000001,183.0666666666667,6.133333333333333,0.817831746031746,3.8988407770822455,1.977877095073362,1.9209636820088836,1.5856903914691485,2.006016987171836,1.5856903914691485,2.0343096085308514,1.5491393333333334,1.6900000000000002,2.8533333333333335,11312.766,1366.842,12.1,11.5,387.04,414.712,5.05196206617004,2.56457763293634,-282753.0,23546.0,967817.0,112048.0,183156.0,-113550.0,3011499.0,2748611.0,1983776.0,632748.0,3356764.0,-2.499415262368195,0.20813654238052834,8.555087235075842,0.9904562686084022,1.6190204941921367,-1.003733304480973,5.593220968240659,26.620359689221896,24.29654250781816,17.535729104623925,29.672354223538257,3.4212676192542126,3.66587623221412,1.0813712671632931
2003Q3,4.233333333333333,5.286666666666666,1.0166666666666666,0.93,5.696666666666666,6.8066666666666675,2.2198461,79.01100000000001,184.4333333333333,6.133333333333333,1.1803743145743146,4.639508839538412,2.5459847112090226,2.0935241283293897,1.509216346131444,2.2166468738735956,1.509216346131444,2.724116987201889,2.013487233333333,1.4633333333333336,2.5733333333333337,11566.669,1392.121,12.0,8.8,404.231,423.514,5.04928225430245,2.74368327815262,-206067.0,-18592.0,990050.0,111846.0,120908.0,50994.0,3045334.0,2778838.0,1974191.0,331469.0,3438700.0,-1.7815587184175494,-0.1607377197359067,8.559508359753357,0.9669681046462036,1.0453139101672229,0.4408702280665246,2.865725646683587,26.328530711823777,24.024531176607546,17.067930274480926,29.72938881539707,3.4947918022033826,3.661503584134724,1.0840510790308828
2003Q4,4.286666666666666,5.253333333333333,0.9966666666666667,0.9166666666666666,5.656666666666666,6.663333333333334,2.2542807000000002,79.365,185.13333333333333,5.833333333333333,1.212393265993266,4.597160972251346,2.3764798095089126,2.220681162742433,1.6027835399967068,2.0018402602853147,1.6027835399967068,2.6838831266699597,2.0323859666666664,1.3700000000000003,2.376666666666667,11772.234,1411.859,12.0,5.1,415.664,427.212,5.0469389482292,2.73929711370101,-443362.0,24995.0,1036436.0,-2304.0,30644.0,-73993.0,3032894.0,2786499.0,1989149.0,344948.0,3553832.0,-3.76616706735527,0.2123216375073754,8.804072362136193,-0.01957147640796131,0.26030743187741595,-0.628538304624254,2.9301830051968047,25.763113441340018,23.670095242755114,16.89695430790791,30.18825483761196,3.530884622239075,3.6289798520824506,0.7863943851041331
2004Q1,4.0200000000000005,5.036666666666666,1.0033333333333332,0.9166666666666666,5.456666666666667,6.273333333333333,2.2546310333333337,79.80166666666666,186.70000000000002,5.7,1.0572974256292904,4.26707986761435,2.128359981799624,2.1387198858147265,1.8475821934743397,1.8182720844726645,1.8475821934743397,2.1724178065256603,1.7653689666666665,1.4366666666666665,2.2533333333333334,11923.447,1401.83,11.8,-3.9,413.152,427.726,5.044935549930528,2.65723302317546,113372.0,-20342.0,1029954.0,104874.0,42784.0,97753.0,3085269.0,2797195.0,2003245.0,267139.0,3702839.0,0.9508324228723455,-0.17060502722073576,8.638055756862927,0.879561086655562,0.3588224110024559,0.8198384242409096,2.240451104449913,25.875646530738972,23.459617005048962,16.80088819952821,31.055105121866184,3.4650382561351596,3.5872680106683914,0.6550644500694718
2004Q2,4.6000000000000005,5.423333333333333,1.01,1.0766666666666667,5.926666666666667,6.663333333333334,2.3900448,80.25766666666667,188.16666666666666,5.599999999999999,1.3666189682539682,4.876621518755662,2.2518965502371757,2.624724968518486,2.0427526413747974,2.7860008993731236,2.0427526413747974,2.5572473586252027,2.2099552,1.3266666666666669,2.0633333333333335,12112.815,1445.457,11.9,10.4,418.877,431.184,5.04327443998783,2.63970107483019,173185.0,-30036.0,1074039.0,-50094.0,-71780.0,104957.0,3080490.0,2779250.0,2039620.0,599026.0,3736774.0,1.4297667387803743,-0.24796878347436166,8.866964450460111,-0.4135620002451949,-0.592595527959438,0.8664955256065581,4.945390481073145,25.431660600776944,22.944707733090947,16.83853010220993,30.84975705482169,3.4581309134169063,3.5597340502599932,0.5567255600121683
2004Q3,4.303333333333334,5.146666666666667,1.4333333333333333,1.4866666666666666,5.6433333333333335,6.45,2.4431248,80.545,189.36666666666667,5.433333333333334,1.1038673881673882,4.492835444458932,1.8189919708131936,2.673843473645738,1.9415110791017505,2.675389628735969,1.9415110791017505,2.361822254231583,1.8602085333333331,1.34,2.1466666666666665,12305.307,1490.495,12.1,11.9,426.066,442.307,5.04195608394937,2.55369006978845,247982.0,-54046.0,1105405.0,5534.0,-2996.0,255516.0,3087514.0,2778501.0,2079848.0,327262.0,3822244.0,2.0152443169439005,-0.4392088714243375,8.983156616897084,0.04497246594497805,-0.024347218643143157,2.0764699328509235,2.6595191814393577,25.090914025956444,22.57969671134576,16.90204072112951,31.061752461763042,3.4624572958642963,3.5944410001310816,0.39137724938396357
2004Q4,4.173333333333333,4.933333333333334,1.95,2.0066666666666664,5.486666666666667,6.186666666666667,2.334861633333333,80.98166666666667,191.4,5.433333333333334,0.9126907575757576,4.400616605656349,1.482622333878308,2.9179942717780416,2.0369649595077735,3.384951229497483,2.0369649595077735,2.13636837382556,1.8384717000000002,1.3133333333333328,2.013333333333333,12527.214,1531.693,12.2,8.5,430.196,450.058,5.04097813694991,2.61770162626717,-256440.0,159025.0,1149450.0,51774.0,13088.0,257634.0,3084961.0,2781773.0,2168117.0,270949.0,3919926.0,-2.04706329755363,1.2694362848754719,9.175623566421073,0.41329221325667465,0.10447654203081388,2.0565945468800964,2.1628831438498617,24.62607408159548,22.205839223310146,17.30725602675902,31.291283121690107,3.434091570559903,3.5926423864077037,0.39235519638342353
2005Q1,4.296666666666667,4.699999999999999,2.47,2.5366666666666666,5.32,5.966666666666666,2.4047695,81.55799999999999,192.36666666666667,5.3,0.8785612759170652,4.434192878346322,0.9585917138282475,3.4756011645180744,2.2008264937885436,3.0349137886791717,2.2008264937885436,2.095840172878123,1.8918971666666664,1.0233333333333337,1.67,12767.286,1568.306,12.3,5.9,435.246,462.2,5.04033457190233,2.73019720277725,32040.0,61977.0,1218504.0,40843.0,-19972.0,234022.0,3097143.0,2776780.0,2207769.0,262670.0,4062682.0,0.2509538832293723,0.4854359806774909,9.543954760628061,0.3199035409718244,-0.15643105355359002,1.8329815749408291,2.0573675564250693,24.258428925301743,21.749179896181538,17.292390880881026,31.821030718666442,3.409072217854288,3.6201899135023683,0.25966542809767024
2005Q2,4.16,4.473333333333334,2.9433333333333334,2.8633333333333333,5.146666666666667,5.973333333333334,2.4067037333333334,81.962,193.66666666666666,5.1000000000000005,0.7419418470418471,4.114673902811345,0.5201847550851469,3.594489147726197,2.1235892669213774,2.924035982051199,2.1235892669213774,2.0364107330786223,1.7532962666666665,0.9866666666666669,1.8133333333333335,12922.656,1603.838,12.4,6.6,442.398,471.979,5.04001485646218,2.55876094418763,112783.0,-122976.0,1178555.0,-61961.0,-58908.0,355691.0,3095087.0,2762053.0,2300857.0,254455.0,3992064.0,0.8727540220833859,-0.9516309959810119,9.12006788697308,-0.47947573625731427,-0.4558505619897334,2.7524604849034127,1.969061158944415,23.950858089853973,21.373725339434866,17.804830524003734,30.891977624414054,3.423429363127828,3.652337414228158,0.05998514353782092
2005Q3,4.213333333333334,4.423333333333333,3.4599999999999995,3.36,5.093333333333333,5.98,2.394808766666667,82.28133333333334,196.6,4.966666666666667,0.6677642443064182,4.2726409634183815,0.37004363253020217,3.9025973308881787,2.155702051566588,3.818642734175293,2.155702051566588,2.0576312817667453,1.8185245666666667,0.8799999999999999,1.7666666666666668,13142.642,1643.13,12.5,8.6,451.421,479.083,5.04000320324226,2.51276658161367,315857.0,-276232.0,1196325.0,34199.0,-13624.0,122557.0,3109126.0,2758647.0,2327281.0,92030.0,4044797.0,2.4032991235704357,-2.101799622937306,9.102621832048685,0.2602140421994299,-0.10366256647635992,0.9325141778951295,0.7002397234893867,23.656780729475855,20.990049032759167,17.70786269610022,30.776133139744655,3.4347812258752843,3.645256410392979,-0.07333653657559314
2005Q4,4.489999999999999,4.653333333333333,3.98,3.8266666666666667,5.38,6.336666666666666,2.5651291,82.83133333333335,198.4333333333333,4.966666666666667,0.731291507936508,4.556067423074783,0.40870168550959524,4.147365737565187,2.284043934042098,3.6757348188830137,2.284043934042098,2.2059560659579023,1.9248709,0.89,1.8466666666666667,13324.204,1668.669,12.5,3.1,453.331,479.272,5.040277916439569,2.56534333838278,163304.0,-364567.0,1280042.0,16759.0,-25084.0,387569.0,3092421.0,2752376.0,2443072.0,283374.0,4143058.0,1.2256191814535413,-2.736125925421136,9.606892839527225,0.12577862062153958,-0.18825890086942532,2.9087591273745135,2.1267611933891137,23.209048735669313,20.656963823129697,18.335594381472994,31.0942252160054,3.402312063069584,3.597002867863626,-0.07361124977290245
2006Q1,4.57,4.623333333333334,4.456666666666667,4.3933333333333335,5.390000000000001,6.3066666666666675,2.4788541,83.31099999999999,199.46666666666667,4.733333333333333,0.6691496681922198,4.690518751050671,0.29480602197992045,4.395712729070751,2.149371570341733,3.6916536531380166,2.149371570341733,2.420628429658267,2.0911459000000003,0.82,1.7366666666666666,13599.16,1735.308,12.8,14.1,470.656,487.552,5.04081085615472,2.70802140772497,237597.0,31617.0,1320820.0,74631.0,48348.0,393471.0,3118338.0,2764463.0,2506061.0,361010.0,4297584.0,1.7471446765829655,0.23249230099506146,9.71251165513164,0.5487912488712539,0.35552195870921444,2.89334782442445,2.6546492577482725,22.930372170045796,20.32818938816809,18.428057321187485,31.601834230937794,3.4609196450368995,3.5851626129849197,-0.30747752282138663
2006Q2,5.07,5.136666666666667,4.906666666666667,4.703333333333333,5.8933333333333335,6.736666666666667,2.6517205,83.97466666666666,201.26666666666665,4.633333333333333,0.847016985645933,5.145588027495235,0.6561247923119291,4.4894632351833055,2.4555132267093014,3.9242776239420594,2.4555132267093014,2.614486773290699,2.4182795,0.8233333333333329,1.6666666666666663,13753.424,1774.4,12.9,7.2,471.96,496.662,5.04156703927619,2.68387130714933,258443.0,75691.0,1355989.0,172055.0,112508.0,262883.0,3178229.0,2792590.0,2575052.0,215605.0,4211505.0,1.8791175201171721,0.5503429545980696,9.85928304108126,1.250997569768808,0.8180362940893846,1.911400390186473,1.56764599128188,23.108638256189877,20.304689217754067,18.72298854452535,30.62150196198416,3.431581837366462,3.611188021252017,-0.40823370594285713
2006Q3,4.8966666666666665,4.993333333333333,5.246666666666667,4.906666666666666,5.68,6.593333333333334,2.619602366666667,84.427,203.16666666666666,4.633333333333334,0.7075394927536233,4.822327144759946,0.39165729457334003,4.4306698501866055,2.6077042934621986,3.3477698577253583,2.6077042934621986,2.288962373204468,2.2770642999999997,0.7833333333333332,1.6966666666666665,13870.188,1815.947,13.1,7.0,482.821,512.716,5.04250439291843,2.51597067978125,225299.0,88953.0,1387635.0,88023.0,61592.0,88396.0,3200336.0,2807988.0,2603133.0,-34493.0,4257879.0,1.6243399152196063,0.6413251211879752,10.00444262183036,0.634620093109048,0.44406031122289047,0.6373093140482307,-0.248684444652084,23.073486819356738,20.24477245730195,18.767827804496953,30.6980626362094,3.480998238812625,3.6965324478658834,-0.4091710595850966
2006Q4,4.63,4.739999999999999,5.246666666666667,4.903333333333333,5.386666666666667,6.28,2.4038425666666665,84.79066666666667,202.33333333333334,4.433333333333334,0.5691061904761905,4.624564746580851,0.23721083602786663,4.387353910552984,2.3655782838463737,1.9663363141878702,2.3655782838463737,2.264421716153626,2.226157433333333,0.7566666666666668,1.6500000000000001,14039.56,1849.549,13.2,4.3,486.69,528.399,5.0435736731073915,2.54941736003186,31904.0,244888.0,1424069.0,282571.0,88860.0,286179.0,3246740.0,2830203.0,2701858.0,75890.0,4297561.0,0.22724358883041917,1.7442711879859483,10.143259475368174,2.0126770354626498,0.6329258181880344,2.038375846536501,0.5405440056525987,23.125653510508876,20.158772782053,19.24460595631202,30.610368131194992,3.4665616301365567,3.763643589970056,-0.6102403397740579
2007Q1,4.68,4.796666666666667,5.256666666666667,4.983333333333333,5.363333333333333,6.296666666666667,2.5214612333333335,85.37533333333333,204.317,4.5,0.5899499050656946,4.721901173989534,0.34752218887407754,4.374378985115457,2.4779690474032354,2.431407752138126,2.4779690474032354,2.2020309525967643,2.158538766666666,0.6833333333333336,1.616666666666667,14215.651,1892.034,13.3,7.4,510.325,536.152,5.04471855777112,2.56465946385888,145854.0,121555.0,1371122.0,228326.0,136424.0,274105.0,3309037.0,2864309.0,2749898.0,309502.0,4423714.0,1.0260099941958338,0.855078673498667,9.645158002261029,1.6061592958352733,0.959674657178908,1.9281916811266682,2.1771918851975194,23.27742148425,20.148982273129807,19.344158069159125,31.118617079161552,3.5898813216503416,3.7715613586743233,-0.5447185577711204
2007Q2,4.846666666666667,4.99,5.25,4.736666666666667,5.576666666666667,6.493333333333333,2.5583009333333333,85.73066666666666,206.631,4.5,0.7120134199134199,4.888603074117479,0.49338956700935227,4.395213507108127,2.0912941466831647,2.6651918733250644,2.0912941466831647,2.7553725199835015,2.288365733333333,0.7299999999999999,1.6466666666666665,14402.082,1937.718,13.5,9.2,512.132,541.758,5.04587591919752,2.48812222219756,220940.0,146109.0,1426262.0,334806.0,203496.0,457291.0,3416601.0,2915183.0,2858782.0,-18595.0,4294495.0,1.5340837526129902,1.0144991536640326,9.903165389559648,2.3247055529887968,1.4129623758564909,3.1751728673673707,-0.12911327681650472,23.722965887848716,20.241399819831603,19.84978283001027,29.818570676100858,3.5559580899483834,3.7616644593469193,-0.5458759191975204
2007Q3,4.7299999999999995,4.943333333333333,5.073333333333333,4.303333333333334,5.753333333333334,6.63,2.513756133333333,86.15166666666666,207.939,4.666666666666667,0.738578017507537,4.7485097015780156,0.7885235079721307,3.9599861936058844,2.042758017775433,2.3497218317923174,2.042758017775433,2.687241982224567,2.2162438666666664,1.0233333333333337,1.9000000000000004,14564.117,1967.377,13.5,6.4,516.045,544.679,5.04697627705214,2.50694384819771,169329.0,258105.0,1445636.0,122598.0,89424.0,700131.0,3428245.0,2937539.0,3042112.0,168889.0,4403060.0,1.1626451504063033,1.7721980673459297,9.926011992350789,0.841781207882359,0.6140022083041491,4.807232735084455,1.1596240266402693,23.538982830198357,20.169702014890433,20.88772014122106,30.23224820289483,3.5432632132795963,3.7398697085446373,-0.3803096103854733
2007Q4,4.260000000000001,4.6066666666666665,4.496666666666667,3.39,5.53,6.510000000000001,2.3277174333333335,86.74733333333332,210.4896666666667,4.8,0.6624169696969697,4.384916178783826,1.0740201131246954,3.3108960656591306,2.3075814735580735,4.030926361559224,2.3075814735580735,1.9524185264419265,1.932282566666667,1.2700000000000002,2.2500000000000004,14715.058,1997.123,13.6,6.3,530.652,556.724,5.04794442889684,2.61132198601078,662946.0,230731.0,1462013.0,190238.0,114488.0,439844.0,3465732.0,2966161.0,3176205.0,324716.0,4493689.0,4.505221793893031,1.5679924605122182,9.935489211119657,1.2928117578605534,0.778032951008416,2.989074185096654,2.2066919477993223,23.552282294775868,20.157317762525977,21.584726339508823,30.538031178674252,3.6061835434151877,3.783362593609893,-0.2479444288968402
2008Q1,3.6633333333333336,4.413333333333333,3.1766666666666663,2.0433333333333334,5.456666666666667,6.75,2.0628457,87.20666666666666,212.76966666666667,5.0,0.6128715079365079,3.8875945533592344,1.7625256117796393,2.125068941579596,2.1450641713706067,4.137519491970795,2.1450641713706067,1.5182691619627267,1.6004876333333333,1.7933333333333332,3.0866666666666664,14706.538,2013.699,13.7,1.6,538.037,571.436,5.04870025100836,2.31913430242405,-455073.0,256135.0,1447402.0,168861.0,77656.0,331437.0,3511339.0,2985575.0,3247823.0,609329.0,4691656.0,-3.094358441123261,1.7416403507066043,9.841894808961838,1.148203608490319,0.5280372579868898,2.2536711223266823,4.143252477231555,23.87604071060096,20.301004899997537,22.084211797501222,31.901838488432833,3.658488489949164,3.885591564785676,-0.04870025100836006
2008Q2,3.8866666666666667,4.576666666666667,2.0866666666666664,1.6266666666666667,5.6000000000000005,6.989999999999999,2.1749102,87.573,215.5376666666667,5.333333333333333,0.8692259740259741,4.228937795850208,1.5281511809315378,2.700786614918671,2.1489166072493107,4.30938030168689,2.1489166072493107,1.7377500594173558,1.7117564666666665,1.7133333333333336,3.1033333333333335,14865.701,2024.039,13.6,0.8,541.155,580.278,5.0491596582576,2.31055596666768,-639300.0,269728.0,1460724.0,324361.0,303828.0,151766.0,3614518.0,3061532.0,3277644.0,281469.0,4656134.0,-4.300503555130027,1.8144317580449116,9.826136016054674,2.181942176827046,2.0438188552292287,1.0209138472514683,1.89341222455638,24.314480696201276,20.594602299615737,22.048364890427973,31.321321476868132,3.6402925095829652,3.903468797065137,0.2841736750757331
2008Q3,3.8633333333333333,4.446666666666666,1.9400000000000002,1.4933333333333332,5.653333333333333,7.206666666666667,2.2999659666666665,88.02,218.861,6.0,0.8494015873015872,4.202255230418908,1.7204226568878618,2.481832573531046,2.1688070348194235,5.252949705189717,2.1688070348194235,1.6945262985139096,1.5633673666666665,1.79,3.3433333333333337,14898.999,2007.007,13.5,-7.3,534.694,576.058,5.04923570796679,2.03718860253042,-258061.0,81041.0,1438560.0,186533.0,54076.0,118201.0,3649207.0,3075051.0,3302620.0,1944449.0,5192997.0,-1.7320693826477873,0.5439358711279865,9.655413763032,1.25198343861893,0.3629505579535914,0.7933486001307875,13.050870061807506,24.49296761480419,20.639312748460483,22.166724086631593,34.854670437926735,3.58879143491452,3.866420824647347,0.9507642920332096
2008Q4,3.2533333333333334,3.6799999999999997,0.5066666666666667,0.2966666666666667,5.816666666666666,8.840000000000002,1.8981964666666666,87.95066666666666,213.84866666666667,6.866666666666667,0.8410483164983166,3.828709229661605,2.431988900509634,1.3967203291519716,1.3874986216923773,1.6029157860064462,1.3874986216923773,1.8658347116409562,1.3551368666666666,2.5633333333333335,5.586666666666667,14608.209,1918.738,13.1,-21.3,506.612,569.762,5.048839829099929,1.1283435163684,-580433.0,58077.0,1355659.0,108385.0,62184.0,-259780.0,3662767.0,3090597.0,3256636.0,2218218.0,5757055.0,-3.9733344450370334,0.39756413671244706,9.280117774875757,0.7419458470234099,0.42567846612818866,-1.7783151925058027,15.184736198667476,25.07334745826816,21.156577099903213,22.293191451464036,39.40972503884631,3.467995289497843,3.9002864759122757,1.817826837566738
2009Q1,2.736666666666667,3.453333333333333,0.18333333333333335,0.21333333333333335,5.273333333333333,8.213333333333333,1.6413906666666669,87.94966666666666,212.37766666666667,8.266666666666667,0.6245193700159489,3.4858675691081586,2.0611584679208925,1.4247091011872666,0.8520751545284829,-0.18386721533766673,0.8520751545284829,1.8845915121381838,1.095276,2.5366666666666666,5.476666666666667,14430.902,1761.401,12.2,-26.9,491.161,550.136,5.04788315494425,0.806745195639621,1006385.0,-76285.0,1152821.0,280483.0,387116.0,-540858.0,3742417.0,3187376.0,3117739.0,1641388.0,6227207.0,6.9738191001504966,-0.5286225351679333,7.988558164971255,1.943627640184931,2.682548880173949,-3.7479154109701525,11.374119233849694,25.93335468565998,22.08715712988696,21.604602401152746,43.151890297640435,3.403536383242018,3.812207996423231,3.2187835117224175
2009Q2,3.313333333333334,4.17,0.18000000000000002,0.17333333333333334,5.513333333333333,7.983333333333334,1.8535621666666666,88.294,213.50699999999998,9.299999999999999,0.8816730591630592,3.893885485431858,2.3750797201216276,1.51880576531023,0.8234553827905833,-0.9404201794809312,0.8234553827905833,2.48987795054275,1.4597711666666668,2.1999999999999997,4.670000000000001,14381.236,1684.966,11.7,-11.6,489.848,559.711,5.0462779346793685,0.86037295955553,24300.0,-190594.0,1029948.0,159075.0,260800.0,-424941.0,3797691.0,3252576.0,3010753.0,1769931.0,6571808.0,0.16897017752855178,-1.3252963792541892,7.161748823258307,1.1061288473396862,1.8134741687014941,-2.954829473627997,12.307224497254616,26.407264299118655,22.616804285806865,20.935286786198347,45.697101417430325,3.40616063876568,3.8919533759128906,4.2537220653206305
2009Q3,3.516666666666667,4.323333333333333,0.15666666666666665,0.15666666666666665,5.266666666666667,6.66,2.0681111,88.60733333333333,215.34399999999997,9.633333333333333,1.0127587301587302,3.865688980338364,2.2175942023505475,1.648094777987816,0.6672358042564497,-1.606846477658504,0.6672358042564497,2.8494308624102174,1.4485555666666665,1.75,3.143333333333333,14448.882,1656.037,11.5,-2.3,503.486,564.471,5.04393899697215,0.865999006259112,212946.0,-255967.0,1005402.0,137679.0,90772.0,-722658.0,3815164.0,3275269.0,2828039.0,1546804.0,6968783.0,1.4737887678783728,-1.771534987966543,6.958337676229897,0.9528695715004109,0.6282285369899208,-5.001480391354847,10.70535422740666,26.404561958496163,22.667975280025125,19.57271849822014,48.230603585799926,3.484601784414877,3.9066759628876477,4.589394336361183
2009Q4,3.4599999999999995,4.33,0.12,0.05666666666666667,5.2,6.326666666666667,1.961975533333333,89.15933333333334,217.03,9.933333333333334,0.9436234107997264,3.866957850680878,2.3437352093951804,1.5232226412856977,1.3742971662026389,1.5015806678263186,1.3742971662026389,2.085702833797361,1.4980244666666664,1.7400000000000002,2.866666666666667,14651.249,1659.323,11.3,2.7,522.129,583.096,5.0407852370313915,1.14060517602472,718477.0,-220820.0,1152406.0,138987.0,120120.0,-455962.0,3841823.0,3305299.0,2636187.0,944413.0,7232689.0,4.903861779975209,-1.507175258573518,7.865581971885128,0.9486358466776451,0.819861842495476,-3.112103275290728,6.445955563242424,26.22181221546368,22.559844556597188,17.99291650834683,49.36568206574061,3.5637166496863175,3.979838169428422,4.892548096301942
2010Q1,3.716666666666667,4.62,0.13333333333333333,0.10666666666666667,5.293333333333333,6.286666666666666,2.0381484333333333,89.46433333333333,217.37400000000002,9.833333333333334,1.0377492753623188,4.032495930170288,2.5444470786316007,1.4880488515386874,1.722175785884117,2.352873062057078,1.722175785884117,1.9944908807825499,1.6785182333333333,1.5766666666666662,2.57,14764.61,1659.963,11.2,2.9,525.88,571.363,5.03674109744988,0.994229769557936,419319.0,-223344.0,1191534.0,283158.0,193784.0,-521414.0,3914679.0,3353745.0,2532284.0,1651388.0,7714997.0,2.8400276065537797,-1.5126982697138631,8.070203005700794,1.9178156415916168,1.3124897982405226,-3.5315121767523827,11.18477223577189,26.513934333517785,22.714755079883588,17.151038869296244,52.25330706330882,3.5617601819485913,3.8698143736949366,4.796592235883454
2010Q2,3.49,4.37,0.19333333333333336,0.14666666666666667,5.043333333333333,6.176666666666667,1.9892216333333332,89.70533333333333,217.29733333333334,9.633333333333333,0.9030674242424243,3.607286168152959,2.0544907190275814,1.5527954491253775,1.5984670676541413,1.7772934252725452,1.5984670676541413,1.891532932345859,1.500778366666667,1.5533333333333335,2.686666666666667,14980.193,1715.746,11.5,13.8,528.024,569.998,5.03173801268021,1.00095452952605,506094.0,-227379.0,1280011.0,194594.0,103360.0,-434562.0,3959588.0,3379585.0,2422825.0,1804540.0,8059428.0,3.3784210924385287,-1.5178642891984102,8.544689644519266,1.299008630930189,0.6899777592985618,-2.9009105556917723,12.046173236886867,26.432156114410542,22.560356865896185,16.173523265020684,53.800561848568975,3.5248143999212824,3.8050110569336457,4.601595320653123
2010Q3,2.7866666666666666,3.8533333333333335,0.18666666666666668,0.15666666666666665,4.58,5.776666666666666,1.6733046666666667,89.84333333333335,217.93433333333334,9.466666666666667,0.4770205627705628,2.8625084238306058,1.5472572151228121,1.3152512087077937,1.3950132689104204,1.2030894224088466,1.3950132689104204,1.3916533977562462,1.113362,1.7933333333333337,2.99,15141.607,1762.364,11.6,11.3,537.761,578.778,5.02571578715021,0.912256744368958,-64393.0,-188190.0,1389168.0,350406.0,283900.0,-165856.0,4048523.0,3450560.0,2378529.0,1631372.0,8457152.0,-0.4252719014566948,-1.2428667578018633,9.17450835964769,2.314192938701949,1.8749661115890806,-1.095365901386821,10.774100793924978,26.737736622011127,22.788598330414995,15.708563826811778,55.85372807523006,3.551545090293256,3.82243443512964,4.440950879516457
2010Q4,2.8633333333333333,4.16,0.18666666666666668,0.1366666666666667,4.8566666666666665,5.913333333333333,1.6049399333333334,90.12733333333334,219.69899999999998,9.5,0.4757178787878788,3.1413324514359733,1.9206449825952225,1.2206874688407505,1.0857029761735415,1.2296776492499124,1.0857029761735415,1.7776303571597918,1.2583933999999999,1.9933333333333332,3.0499999999999994,15309.474,1801.85,11.8,8.1,543.927,592.54,5.01862387782517,0.891592269259105,200807.0,-118964.0,1380314.0,160082.0,175916.0,-75865.0,4088883.0,3494539.0,2286919.0,1272596.0,8822662.0,1.3116518568828688,-0.7770613151046208,9.016077234266834,1.0456401049441673,1.1490662579263011,-0.49554282531196037,8.312473700925322,26.708187361629797,22.825989971961153,14.937933203975525,57.628772876194176,3.5528784333152137,3.8704138365563696,4.48137612217483
2011Q1,3.4600000000000004,4.56,0.15666666666666668,0.12666666666666668,5.13,6.09,2.0018306333333333,90.52300000000001,222.04366666666667,9.033333333333333,0.8373834935163997,3.6659713945496843,2.2390814641644368,1.4268899303852478,1.1833064672948757,2.1483077250634106,1.1833064672948757,2.2766935327051243,1.4581693666666669,1.67,2.6300000000000003,15351.448,1805.118,11.8,-0.5,544.668,603.092,5.01042255345427,0.746750418395984,-21937.0,-105915.0,1347308.0,166911.0,129472.0,-60314.0,4151316.0,3526907.0,2260692.0,775208.0,9090815.0,-0.142898572173778,-0.6899349168886219,8.7764229146332,1.0872655139762712,0.8433862395260694,-0.39288801942331436,5.049738630518763,27.041852990024136,22.974425604672604,14.726246019268018,59.21796432492883,3.547991042929631,3.9285675201453305,4.022910779879063
2011Q2,3.2099999999999995,4.34,0.09333333333333334,0.04666666666666667,5.036666666666666,5.8500000000000005,2.0085433333333333,91.05233333333332,224.56833333333336,9.066666666666666,0.7054355411255412,3.4261204399576903,2.204734456639674,1.2213859833180163,1.5015301114699027,3.346174825439803,1.5015301114699027,1.7084698885300973,1.2014566666666664,1.8266666666666669,2.64,15557.539,1862.009,12.0,10.8,559.155,615.066,5.0010839047711295,0.905967378585294,415683.0,-163173.0,1419684.0,284595.0,230208.0,139699.0,4209994.0,3584459.0,2292940.0,1296920.0,9295140.0,2.6719071698936445,-1.048835551689763,9.12537644932145,1.8293060361282076,1.4797198965723306,0.8979505048966935,8.336279921907957,27.060796697986746,23.040012948063314,14.738449313866417,59.746853278015244,3.594109582498877,3.9534916158654654,4.065582761895537
2011Q3,2.4266666666666663,3.6999999999999997,0.08333333333333333,0.023333333333333334,4.463333333333334,5.463333333333334,1.7595493666666666,91.468,226.03266666666664,9.0,0.26497609040717734,2.4783679147712125,1.2997456092254474,1.1786223055457654,1.8083014149866017,3.71583290017546,1.8083014149866017,0.618365251680065,0.6671173,2.0366666666666666,3.0366666666666666,15647.68,1953.756,12.5,20.2,570.968,628.06,4.99059268251338,0.749270317779137,582202.0,-206141.0,1420839.0,208903.0,169824.0,187371.0,4269004.0,3626915.0,2336859.0,1196404.0,9588341.0,3.7206921409435774,-1.317390181803309,9.080189523303135,1.335041360764024,1.0852982678582384,1.1974362972657926,7.64588744146097,27.282025194789263,23.178611781427023,14.934220280578334,61.27643842409866,3.648898750485695,4.013757950060328,4.00940731748662
2011Q4,2.0466666666666664,3.043333333333333,0.07333333333333335,0.013333333333333334,3.926666666666667,5.253333333333333,1.6130442666666667,91.794,227.04733333333334,8.633333333333333,0.0744918253968254,2.1550293906494002,0.8445972666298668,1.3104321240195338,1.8491814855543225,3.3452557278883894,1.8491814855543225,0.19748518111234414,0.4336223999999999,1.8800000000000001,3.206666666666667,15842.259,2008.976,12.7,10.7,577.471,640.716,4.9789469432321685,0.864768250485629,-1459854.0,-68527.0,1557142.0,200619.0,163836.0,241827.0,4304140.0,3667874.0,2410384.0,1065160.0,9906085.0,-9.214935824493212,-0.43255826078843934,9.829040164032163,1.2663534916327273,1.0341706949747507,1.526467910921037,6.723536081565136,27.168726379236695,23.152468344318823,15.214900854732901,62.52949784497274,3.645130407222859,4.04434746332578,3.6543863901011644
2012Q1,2.0366666666666666,3.14,0.10333333333333333,0.06666666666666667,3.896666666666667,5.2,1.5757360333333335,92.37333333333333,228.32600000000002,8.266666666666667,0.03371106060606061,2.078100814662854,0.7602141519387287,1.3178866627241257,2.044057475951385,2.829940020554996,2.044057475951385,-0.00739080928471821,0.46093063333333323,1.86,3.163333333333334,16068.805,2073.366,12.9,10.7,596.987,645.438,4.96615848641526,0.995799907285789,-755734.0,-67633.0,1601116.0,339635.0,342744.0,-125459.0,4402215.0,3753560.0,2361743.0,1306876.0,10306692.0,-4.703112645899928,-0.42089626453242784,9.964126143792274,2.113629482715112,2.1329775300652414,-0.7807612327114555,8.133000556046326,27.396032250064646,23.35929772002336,14.697689093868524,64.14099866169263,3.7151922622746367,4.016714372972975,3.3005081802514074
2012Q2,1.8233333333333333,2.936666666666667,0.15333333333333335,0.08666666666666667,3.8000000000000003,5.093333333333334,1.540233233333333,92.75533333333333,228.808,8.2,-0.07448874458874459,1.7544963796793007,0.3040207485842415,1.450475631095059,1.8704467215727567,1.8883255866328552,1.8704467215727567,-0.04711338823942346,0.2831001,1.9766666666666666,3.27,16207.115,2126.171,13.1,9.4,605.909,653.729,4.95225307037503,0.859088922409588,660067.0,-56806.0,1651125.0,315627.0,256152.0,-34908.0,4481688.0,3817598.0,2355880.0,1268212.0,10490548.0,4.07269893500478,-0.3505003820852755,10.187655236604417,1.9474594954129714,1.5804910374239958,-0.21538688409380694,7.825032400893065,27.652595788948247,23.55507442256071,14.53608492319577,64.72804074013173,3.738537056101595,4.033592653596893,3.2477469296249692
2012Q3,1.6433333333333333,2.7466666666666666,0.14333333333333334,0.10333333333333333,3.456666666666667,4.873333333333334,1.4983123666666665,93.02333333333333,229.841,8.033333333333333,-0.17522132141949076,1.581347811701898,0.15312114607305624,1.428226665628842,1.7004632167413176,1.6843877645368543,1.7004632167413176,-0.05712988340798438,0.14502096666666664,1.8133333333333335,3.2300000000000004,16319.541,2125.95,13.0,-1.3,597.93,656.953,4.93727039857332,0.685928692925993,-505185.0,-6728.0,1647514.0,416959.0,444040.0,122456.0,4595527.0,3928608.0,2379400.0,947128.0,10723156.0,-3.095583386812166,-0.04122664969560112,10.095345206093725,2.554967691799665,2.7209098589231155,0.7503642412491871,5.803643619633665,28.159658411961463,24.073029995145085,14.580066927127424,65.70746076743212,3.663889811606834,4.025560522811273,3.0960629347600133
2012Q4,1.7066666666666668,2.86,0.16,0.08666666666666667,3.5400000000000005,4.573333333333333,1.515621033333333,93.43466666666666,231.36933333333332,7.8,-0.15295309523809522,1.7051847099452913,0.28322807075510753,1.421956639190184,1.7874611277258534,1.903734247539705,1.7874611277258534,-0.08079446105918679,0.19104563333333333,1.8333333333333333,2.8666666666666667,16420.419,2148.622,13.1,4.4,612.358,666.645,4.9212638724813695,0.646976993776549,-1192628.0,37375.0,1600604.0,570247.0,489304.0,172342.0,4714756.0,4050934.0,2479228.0,965220.0,11027944.0,-7.2630789750249365,0.22761294946249544,9.747644076561016,3.4727920158432006,2.979850879566471,1.0495590885957296,5.878169125891366,28.712763054341057,24.67010129278674,15.098445417257622,67.15994275176534,3.7292471038650103,4.059853771088301,2.8787361275186303
2013Q1,1.95,3.1366666666666667,0.14333333333333334,0.08666666666666667,3.8766666666666665,4.81,1.4797121000000002,93.79966666666667,232.29933333333335,7.733333333333333,-0.02871671261487051,1.9529897926331048,0.6380578180237798,1.314931974609325,1.5441544242855783,1.7403164978267993,1.5441544242855783,0.40584557571442165,0.4702878999999999,1.9266666666666667,2.86,16648.189,2175.318,13.1,6.3,632.733,685.536,4.90430011161269,0.756283919577304,-85024.0,-102328.0,1635685.0,216021.0,184688.0,55749.0,4773716.0,4097106.0,2483521.0,1099148.0,11373129.0,-0.5107102039747388,-0.6146494372450962,9.825002587368513,1.2975645579227868,1.1093579007302237,0.3348652517099608,6.602207603481677,28.67408581197631,24.609920033944835,14.917664618055454,68.31451156639321,3.8006115860409797,4.117781219326619,2.8290332217206435
2013Q2,1.9966666666666668,3.1466666666666665,0.11666666666666665,0.049999999999999996,3.9633333333333334,4.836666666666667,1.4753455000000002,94.06433333333332,232.045,7.533333333333334,0.013140151515151513,2.187658282630711,0.7923276967977384,1.3953305858329728,1.4112101667011674,1.4149968008844827,1.4112101667011674,0.5854564999654991,0.5213211666666665,1.9666666666666668,2.8400000000000003,16728.687,2188.629,13.1,2.1,621.684,684.351,4.8864582459249695,0.625309821415385,-331851.0,-129569.0,1625759.0,241145.0,258956.0,326458.0,4849492.0,4161845.0,2569882.0,584184.0,11368166.0,-1.9837241261074463,-0.7745317967871596,9.718389733754956,1.441505839639417,1.5479756420811746,1.951486090928714,3.4921090937979766,28.989077265896597,24.878491659267695,15.36212614893207,67.95611634075046,3.7162749234294354,4.090882924643159,2.6468750874083646
2013Q3,2.7100000000000004,3.72,0.08333333333333333,0.03333333333333333,4.506666666666667,5.403333333333333,1.7538160999999999,94.43433333333333,233.29999999999998,7.233333333333333,0.4364580303030303,2.826442065713937,1.458144142123821,1.3682979235901156,1.516812565329125,1.5063384673969615,1.516812565329125,1.193187434670875,0.9561839000000001,1.7966666666666662,2.6933333333333334,16953.838,2230.759,13.2,7.6,630.601,699.087,4.8678289902689,0.749439285619638,19896.0,63357.0,1701823.0,563765.0,474892.0,141011.0,4988511.0,4280568.0,2592191.0,779748.0,11563589.0,0.11735395843702175,0.3737029927972651,10.037980780517072,3.3252942490072157,2.801088461503525,0.8317349735204501,4.599241776404847,29.424080848242152,25.248371489688648,15.289700184701541,68.20632000848421,3.7195176690965197,4.123473398766698,2.3655043430644334
2013Q4,2.7466666666666666,3.7900000000000005,0.08666666666666667,0.06333333333333334,4.593333333333334,5.3566666666666665,1.7420456,94.84133333333334,234.1626666666667,6.933333333333334,0.4284056011240222,2.9619586891765493,1.6900288647010722,1.2719298244754773,1.5054799216801455,1.2075025688146408,1.5054799216801455,1.2411867449865213,1.0046210666666668,1.8466666666666667,2.61,17192.019,2290.541,13.3,10.0,636.373,709.421,4.8485135148732486,0.835919619954183,193073.0,-20608.0,1741424.0,212625.0,250028.0,262379.0,5023145.0,4343075.0,2664166.0,761892.0,11834187.0,1.1230385448038418,-0.11986957436470957,10.129258233137131,1.2367657341467573,1.454325986959414,1.5261674617739778,4.431660993394668,29.217888835511406,25.262157981561096,15.496527778383678,68.83535319499123,3.7015605904111673,4.12645542097179,2.084819818460085
2014Q1,2.763333333333333,3.6833333333333336,0.07333333333333335,0.04666666666666667,4.44,5.116666666666666,1.7877615666666664,95.141,235.621,6.666666666666667,0.4801836257309942,2.8367943098501436,1.2954668010638262,1.5413275087863172,1.4300007913172985,1.4303094480960714,1.4300007913172985,1.333332542016035,0.9755717666666667,1.6766666666666667,2.353333333333333,17197.738,2335.499,13.6,6.6,640.37,718.207,4.828622129906528,0.566447589656635,180039.0,149965.0,1744314.0,361244.0,289832.0,134466.0,5130803.0,4415533.0,2689746.0,814732.0,12098504.0,1.046876048466374,0.8720042135773901,10.142694347361264,2.100532058343952,1.6852914028577481,0.7818818963284591,4.737436981537921,29.8341735407296,25.67508005994742,15.640114996518728,70.34939129785556,3.723571088244279,4.176171308110403,1.8380445367601386
2014Q2,2.6233333333333335,3.4433333333333334,0.09333333333333334,0.03333333333333333,4.216666666666667,4.82,1.8579101,95.55633333333333,236.87233333333333,6.2,0.444763492063492,2.6727567147351885,0.939851736909994,1.7329049778251944,1.5861556632041178,2.0803515617601334,1.5861556632041178,1.0371776701292157,0.7654232333333333,1.5933333333333335,2.1966666666666668,17518.508,2407.208,13.7,12.0,656.511,733.586,4.80827280586174,0.840500929746629,-362315.0,124450.0,1846758.0,408596.0,365932.0,57910.0,5227604.0,4507016.0,2710971.0,442348.0,12047511.0,-2.0681841170492374,0.7103915470427048,10.5417538982201,2.3323675737682685,2.0888308524904065,0.3305646805081803,2.5250323828947074,29.84046358285763,25.727168089885282,15.47489660649183,68.77018864848536,3.747528042913243,4.187491309191399,1.3917271941382605
2014Q3,2.4966666666666666,3.263333333333333,0.09000000000000001,0.02666666666666667,4.116666666666667,4.74,1.8915243666666666,95.91533333333332,237.47833333333332,6.066666666666666,0.4148690476190476,2.565235492478603,0.5735670440637743,1.9916684484148288,1.5683059934142578,1.791129063250237,1.5683059934142578,0.9283606732524089,0.6051422999999999,1.6200000000000003,2.2433333333333336,17804.228,2465.578,13.8,8.9,659.631,749.048,4.78758955479478,0.948421457053121,-114655.0,25003.0,1899279.0,233256.0,209220.0,285309.0,5299648.0,4559771.0,2764483.0,806248.0,12255772.0,-0.6439762510343049,0.1404329353679362,10.667572893359937,1.3101157769940939,1.1751141358108872,1.6024789168056035,4.528407522078464,29.766233054305978,25.610607772490894,15.527115244760964,68.83630113027085,3.704912114133789,4.207135518597044,1.279077111871886
2014Q4,2.28,2.97,0.09999999999999999,0.023333333333333334,3.8766666666666665,4.74,1.8468636,96.17533333333334,236.88833333333332,5.7,0.3160555555555556,2.3184807041385462,0.26415465064994376,2.0543260534886025,1.406613052831925,1.1647293611448155,1.406613052831925,0.873386947168075,0.4331363999999999,1.5966666666666667,2.4600000000000004,17912.079,2492.333,13.9,3.5,666.764,765.004,4.76670070024014,0.841882294170215,-1309476.0,32431.0,1885076.0,402864.0,390700.0,306184.0,5375085.0,4657446.0,2860026.0,523340.0,12480854.0,-7.310575171089854,0.18105659315147057,10.524049162579061,2.249119155850083,2.18120967420923,1.7093716480370593,2.9217155641173758,30.008158181973183,26.001705329682835,15.967024263347653,69.67842203018422,3.7224266373546024,4.270883351954845,0.9332992997598604
2015Q1,1.9666666666666668,2.5533333333333332,0.11,0.02666666666666667,3.5700000000000003,4.5,1.6439367666666669,96.336,235.35500000000002,5.533333333333334,0.16682417862838916,1.955960325923949,-0.1213292584449616,2.0772895843689105,1.2560109579032492,-0.11299790852150234,1.2560109579032492,0.7106557087634173,0.32272989999999996,1.6033333333333335,2.533333333333333,18063.529,2497.171,13.8,0.2,668.096,765.453,4.74573706587286,0.853078710599782,-619612.0,180373.0,1957918.0,431394.0,466560.0,326150.0,5504119.0,4774086.0,2921248.0,279608.0,12606703.0,-3.430182441094429,0.9985479581536919,10.839066939798974,2.3882044311496387,2.582883997916465,1.8055718791162017,1.5479145852396838,30.470895249759888,26.42942029766166,16.172078003141024,69.79091959273296,3.698590679595333,4.237560667132098,0.787596267460474
2015Q2,2.1666666666666665,2.8866666666666667,0.12333333333333334,0.02,3.896666666666667,4.833333333333333,1.776696,96.76533333333333,236.96,5.433333333333334,0.2501118181818182,2.2783964568563335,0.2929705706429002,1.9854258862134335,1.2652427974157037,0.03685801286847923,1.2652427974157037,0.9014238692509631,0.3899706666666667,1.7300000000000002,2.6666666666666665,18279.784,2510.545,13.7,2.8,673.6,770.986,4.72483011463568,0.946332441258636,-28832.0,283903.0,2051952.0,646106.0,675856.0,238462.0,5671155.0,4943050.0,2988768.0,958288.0,12670654.0,-0.15772615256285305,1.5530982204166088,11.225252989860273,3.5345384825116093,3.697286576252761,1.3045121320908386,5.242337655630942,31.02419043901175,27.041074445956255,16.3501275507413,69.31511882197296,3.68494507374923,4.217697539533289,0.7085032186976532
2015Q3,2.22,2.9599999999999995,0.1366666666666667,0.04,4.086666666666667,5.243333333333333,1.8464430466666666,97.07666666666667,237.855,5.1000000000000005,0.2619720057720058,2.241277670981555,0.2369795997697841,2.004298071211771,1.2107764828480267,0.15861095706986758,1.2107764828480267,1.009223517151973,0.3735569533333332,1.8666666666666671,3.0233333333333334,18401.626,2521.879,13.7,2.5,682.353,782.181,4.704110071072569,0.874146954244423,718998.0,125499.0,1912529.0,468922.0,379648.0,56956.0,5791301.0,5037962.0,2981321.0,498972.0,12812842.0,3.9072525438784598,0.6819995146081113,10.393260899879174,2.5482639414582167,2.0631220306292497,0.30951612645534693,2.711564728030012,31.471680817771215,27.377808895800836,16.201399811081913,69.62885779767505,3.708112533098977,4.250608071265007,0.39588992892743136
2015Q4,2.19,2.9633333333333334,0.16,0.12333333333333334,3.9933333333333336,5.419999999999999,1.78608411,97.31866666666667,237.837,5.033333333333333,0.23331217057796005,2.3163625236061876,0.13921870873071432,2.177143814875473,1.1887971407745261,0.40088650970850165,1.1887971407745261,1.0012028592254738,0.40391588999999994,1.8033333333333335,3.23,18435.137,2500.42,13.6,-1.8,689.969,796.896,4.6837040599828095,0.771855380028597,-653501.0,179705.0,1881475.0,235018.0,213672.0,281583.0,5820444.0,5091380.0,3050420.0,1015700.0,13168996.0,-3.5448665230966276,0.9747961189547981,10.20591818764352,1.2748372849087044,1.1590475297254368,1.527425589514198,5.509587479604844,31.5725562549386,27.617803979433404,16.546771526569074,71.4342182539788,3.7426844183474204,4.322701805796181,0.34962927335052374
2016Q1,1.92,2.72,0.36000000000000004,0.2866666666666667,3.9266666666666663,5.306666666666667,1.7355012566666668,97.72633333333333,237.68933333333334,4.8999999999999995,0.05185899521531101,1.908191831090008,-0.14904222734079062,2.0572340584307987,1.443191378518079,0.992132059419748,1.443191378518079,0.4768086214819209,0.18449874333333324,2.0066666666666664,3.3866666666666667,18525.933,2488.836,13.4,0.3,700.323,814.945,4.66373429422766,0.875892873760645,-59752.0,117170.0,1856474.0,605768.0,564384.0,175094.0,5971248.0,5232476.0,3088784.0,747912.0,13407102.0,-0.3225316641272534,0.6324647724894611,10.02094739304088,3.269838015715592,3.0464538547127424,0.9451291872857361,4.037108414458802,32.23183415377785,28.244061985973936,16.672758127755294,72.3693754047367,3.7802306636864116,4.398941742907091,0.23626570577233963
2016Q2,1.7533333333333332,2.566666666666667,0.37333333333333335,0.25666666666666665,3.59,4.666666666666667,1.7295723299999999,98.26233333333334,239.59033333333332,4.933333333333334,-0.03705295815295816,1.7820862728708287,-0.3333225345486351,2.1154088074194637,1.5470284848169518,1.110129582424683,1.5470284848169518,0.20630484851638164,0.023761003333333308,1.8366666666666667,2.9133333333333336,18711.702,2511.643,13.4,3.5,707.485,837.761,4.64431634359108,0.902828549705572,231552.0,218547.0,1875281.0,381524.0,341888.0,-166180.0,6069716.0,5317948.0,3053973.0,663088.0,13391647.0,1.2374716100117455,1.1679696480843913,10.02196913995317,2.0389593635041856,1.8271346989172872,-0.8881073458737211,3.5437075686647854,32.43807538191876,28.420439786824307,16.321193016006774,71.56829987993609,3.780976204088757,4.477203623700291,0.28901698974225365
2016Q3,1.5633333333333332,2.28,0.39666666666666667,0.29666666666666663,3.3366666666666664,4.256666666666667,1.6685437533333332,98.68866666666668,240.60733333333334,4.8999999999999995,-0.14190118702553486,1.5903503284346432,-0.5906619167113987,2.1810122451460416,1.6605149338036955,1.1574412742609101,1.6605149338036955,-0.09718160047036213,-0.10521041999999999,1.7733333333333334,2.6933333333333334,18892.639,2543.679,13.5,6.2,716.368,852.193,4.62555751503731,0.938137502317955,-112447.0,104624.0,1842858.0,218688.0,330300.0,136444.0,6147846.0,5400523.0,3063580.0,800740.0,13621965.0,-0.5951894809401693,0.553781819469477,9.754370472012935,1.157530189403397,1.748299959576849,0.7222072046155119,4.238370298612068,32.54095947104055,28.58532892096229,16.215733545747632,72.10197050819635,3.791783667702538,4.510714463977214,0.2744424849626892
2016Q4,2.1300000000000003,2.823333333333333,0.45,0.43,3.81,4.64,1.8055258299999999,99.02866666666667,242.13466666666667,4.766666666666667,0.14548261904761906,2.3081611595160543,0.01157509487563894,2.2965860646404157,1.757120249944677,1.8070191165781753,1.757120249944677,0.37287975005532314,0.3244741700000002,1.6799999999999997,2.51,19089.379,2571.821,13.5,3.3,728.325,867.13,4.60755537255564,0.899243147538825,-488823.0,236824.0,1908019.0,99188.0,-30864.0,-234940.0,6146735.0,5392807.0,3023441.0,633164.0,13880222.0,-2.5607066631135567,1.2406060982916207,9.995186328481404,0.5195978350055285,-0.16168152981823034,-1.2307367358571486,3.3168391700955806,32.19976406775726,28.250300861018058,15.838341310107573,72.71175243573926,3.81534150482318,4.542473592252529,0.15911129411102642
2017Q1,2.4433333333333334,3.043333333333333,0.7000000000000001,0.59,3.9599999999999995,4.66,1.91043834,99.48833333333334,243.83866666666665,4.566666666666666,0.2965135202135774,2.482275234485573,0.06210568477212153,2.4201695497134517,1.8030882239137809,2.587317088715224,1.8030882239137809,0.6402451094195524,0.5328949933333333,1.5166666666666666,2.2166666666666663,19280.084,2603.148,13.5,4.1,741.33,884.582,4.59039642208179,0.915756294619373,256154.0,101242.0,1883841.0,528272.0,510992.0,-89535.0,6290267.0,5520555.0,3061699.0,-70928.0,13923005.0,1.3285937965830439,0.5251118200522362,9.770916973183311,2.7399880622926744,2.6503618967635205,-0.46439113024611306,-0.36788221462105664,32.625724037301914,28.63345927331022,15.880112348058233,72.21444159683121,3.8450558617898145,4.588060923386019,-0.023729755415123677
2017Q2,2.263333333333333,2.9,0.9500000000000001,0.89,3.8000000000000003,4.496666666666667,1.8094428933333333,99.82099999999998,244.12,4.366666666666667,0.11939035087719296,2.3277851666997673,-0.15629475773499454,2.484079924434762,1.586262097244943,1.8910441495454993,1.586262097244943,0.6770712360883903,0.4538904399999999,1.536666666666667,2.233333333333334,19438.643,2640.229,13.6,4.6,763.208,894.391,4.5741549837936315,0.866000262914882,139494.0,164672.0,1922757.0,381920.0,322344.0,209405.0,6379980.0,5601141.0,3117591.0,964168.0,13965794.0,0.7176118209486125,0.8471373233203574,9.891415774238974,1.964746201676732,1.6582639024750854,1.0772614117147992,4.96005816866949,32.82111822311876,28.814465083802403,16.038110273438324,71.84551925769715,3.9262411475945105,4.601097926434473,-0.20748831712696436
2017Q3,2.2433333333333336,2.82,1.1533333333333333,1.0366666666666668,3.6533333333333338,4.333333333333333,1.8362551299999998,100.12266666666666,245.287,4.333333333333333,0.07325123188405798,2.292681226730581,-0.22366855653652248,2.5163497832671036,1.4530972794707682,1.9445980461082553,1.4530972794707682,0.7902360538625651,0.40707820333333333,1.4100000000000001,2.09,19692.595,2668.855,13.6,3.9,775.094,913.386,4.55889227046308,0.897633845268367,672765.0,95463.0,1980170.0,379744.0,319668.0,24049.0,6466209.0,5681058.0,3100259.0,576408.0,14156063.0,3.4163349218322923,0.48476597421518086,10.05540407447571,1.928359365538163,1.6232903789470103,0.12212204638342485,2.9270291701017563,32.835738509830726,28.848701758198956,15.743273042481196,71.88520862791317,3.935966793609476,4.638220610336017,-0.22555893712974662
2017Q4,2.3699999999999997,2.8166666666666664,1.2033333333333334,1.2066666666666668,3.56,4.27,1.9430470833333333,100.568,247.23833333333334,4.166666666666667,0.11987563492063491,2.4310437796286273,-0.36517835207119465,2.7962221316998215,1.5544213716129018,2.1077274456601014,1.5544213716129018,0.8155786283870982,0.4269529166666666,1.19,1.8999999999999997,20037.088,2732.168,13.6,9.9,795.998,932.628,4.54465568658274,1.08104722355073,123290.0,1088412.0,2018478.0,223384.0,181284.0,175783.0,6525065.0,5726379.0,3241161.0,747820.0,14434589.0,0.6153089710440959,5.431986923449156,10.07370931344914,1.114852617306467,0.9047422459790564,0.8772881568419523,3.732179047174919,32.56493658160308,28.578898291009153,16.175808580568194,72.03935521968063,3.9726231675980066,4.654508679105467,-0.3779890199160727
2018Q1,2.76,3.033333333333333,1.4466666666666665,1.5599999999999998,3.7466666666666666,4.47,1.9999974433333332,101.20800000000001,249.3216666666667,4.033333333333333,0.26994444444444443,2.7932049385708537,-0.32110211934292865,3.1143070579137824,1.7284794387697329,2.2485791879352477,1.7284794387697329,1.031520561230267,0.7600025566666666,0.9866666666666667,1.7099999999999997,20328.553,2810.324,13.8,11.7,814.355,956.773,4.53147835875611,1.21241587178971,412687.0,-725285.0,2076315.0,352246.0,275580.0,87966.0,6626625.0,5795274.0,3260656.0,1553596.0,14894690.0,2.0300854664864736,-3.567814197104929,10.213786490361612,1.732764747200649,1.355630181843243,0.4327214042239012,7.642432788993885,32.59762266404304,28.50804973674221,16.03978404168757,73.26979938021167,4.005966386294194,4.706547485204678,-0.49814502542277683
2018Q2,2.92,3.0833333333333335,1.7366666666666666,1.8399999999999999,3.936666666666667,4.776666666666666,2.040628143333333,101.75133333333333,250.679,3.9333333333333336,0.3046868686868687,2.8829755608065466,-0.38191269155242075,3.264888252358967,1.933780494531952,2.686822867847271,1.933780494531952,0.9862195054680479,0.8793718566666667,1.0166666666666666,1.8566666666666667,20580.912,2846.516,13.8,4.6,825.035,986.128,4.51937890343318,1.18636548835781,419831.0,-406232.0,2082603.0,51650.0,27156.0,211592.0,6635704.0,5802063.0,3639346.0,1005728.0,14933718.0,2.0399047428024573,-1.9738289537412141,10.119099678381598,0.25096069600802917,0.1319475055332825,1.02809826892025,4.886702785571407,32.2420308682142,28.191476645932887,17.68311336251766,72.5610118735263,4.008738776979367,4.791468910609987,-0.5860455700998468
2018Q3,2.926666666666667,3.0666666666666664,1.9233333333333331,2.0399999999999996,3.91,4.8133333333333335,2.124077573333333,102.07566666666666,251.68633333333332,3.766666666666667,0.26666492317750895,2.9553975358350013,-0.3924641255829197,3.347861661417921,1.9506195703064295,2.609701249415005,1.9506195703064295,0.9760470963602371,0.8025890933333334,0.9833333333333333,1.8866666666666665,20798.73,2870.365,13.8,2.5,837.832,1001.274,4.50836143357856,1.1177726446423,-926341.0,59746.0,2183176.0,266458.0,279372.0,238590.0,6682997.0,5871906.0,3676934.0,928288.0,15227623.0,-4.453834440852879,0.2872579239213164,10.496679364557355,1.2811262995384816,1.3432166290922571,1.147137349251613,4.46319558934608,32.13175516005064,28.232041090970455,17.67864672506446,73.21419625140574,4.028284419289062,4.814111246215514,-0.7416947669118925
2018Q4,3.033333333333333,3.266666666666667,2.22,2.316666666666667,4.126666666666666,5.14,2.137434583333333,102.55233333333332,252.711,3.8333333333333335,0.25471128389154707,2.95131535015482,-0.3782086241734131,3.3295239743282328,1.973077497504394,2.213913984075311,1.973077497504394,1.0602558358289393,0.8958987500000001,1.093333333333333,2.106666666666667,20917.867,2898.677,13.9,3.7,840.391,1024.695,4.49841580136913,1.06096566286706,-187767.0,-287927.0,2186559.0,3882.0,141728.0,511139.0,6693624.0,5907338.0,3829982.0,1038896.0,15566216.0,-0.8976393243154286,-1.376464435881536,10.453068661350605,0.018558297554908443,0.6775451818294858,2.443552203482315,4.966548453530181,31.999553300534895,28.240632756676387,18.30962019215439,74.41588571148291,4.017575023304241,4.898659122366539,-0.6650824680357963
2019Q1,2.6533333333333333,3.013333333333333,2.4033333333333333,2.3866666666666667,3.83,4.97,1.87369886,102.96366666666667,253.38566666666665,3.8666666666666667,0.022097577276524644,2.5825077275873887,-0.6090314735536948,3.191539201141083,1.7348667445938881,1.6298790814225732,1.7348667445938881,0.9184665887394452,0.7796344733333335,1.1766666666666667,2.316666666666667,21111.6,2932.41,13.9,2.7,842.315,1040.352,4.4895180696244,1.07778355145154,-765833.0,76002.0,2219998.0,486851.0,383220.0,474446.0,6837210.0,6003143.0,3931688.0,936548.0,15888708.0,-3.6275459936717254,0.360001136815779,10.515536482313042,2.3060829117641486,1.8152105951230604,2.24732374618693,4.436177267473806,32.38603421815495,28.435282025047844,18.623353985486652,75.26055817654749,3.989820762045511,4.9278690388222595,-0.6228514029577332
2019Q2,2.3333333333333335,2.776666666666667,2.3966666666666665,2.3000000000000003,3.5933333333333333,4.596666666666667,1.7290286866666669,103.39866666666667,255.24733333333333,3.6333333333333333,-0.13209339105339105,2.2327737495466984,-0.7312722929723386,2.964046042519037,1.6189785299879578,1.8225629733199078,1.6189785299879578,0.7143548033453754,0.6043046466666665,1.26,2.2633333333333336,21397.938,3000.782,14.0,7.8,855.735,1067.006,4.481631200462391,1.16436003012989,439619.0,1416.0,2212430.0,298707.0,352684.0,285149.0,6924963.0,6091314.0,3986888.0,907480.0,15884286.0,2.0544923534220914,0.006617460056197939,10.339454203484467,1.3959616108804502,1.648214888743018,1.3326003655118543,4.240969386863351,32.362758505048475,28.466827037259385,18.632113056874918,74.23278822473455,3.9991470206147905,4.9864898197200125,-0.8482978671290575
2019Q3,1.7966666666666666,2.283333333333333,2.19,1.9799999999999998,3.1,4.0200000000000005,1.6318809233333333,103.78266666666667,256.08933333333334,3.6,-0.3453006060606061,1.7387448563637105,-1.1186751503325276,2.857420006696238,1.6723126454993704,1.7494900832476217,1.6723126454993704,0.12435402116729614,0.16478574333333337,1.3033333333333335,2.223333333333333,21717.171,3031.12,14.0,3.9,855.406,1086.881,4.47470594573225,1.28906305731031,933026.0,-46002.0,2209694.0,448619.0,439424.0,458473.0,7016525.0,6201170.0,4068345.0,1382008.0,16303690.0,4.296259397690426,-0.21182316978578838,10.174870382518977,2.0657340682172642,2.023394299377207,2.1111083022738093,6.363664954334983,32.30865106693685,28.55422559411629,18.733310153518616,75.0728075954276,3.9388463626316703,5.00470802573687,-0.8747059457322499
2019Q4,1.7933333333333332,2.2566666666666664,1.6433333333333333,1.5766666666666669,3.026666666666667,3.9133333333333336,1.6786218533333332,104.14733333333334,257.888,3.6,-0.25732457279562543,1.814873667162751,-0.9406561754367758,2.7555298425995267,1.5553517781901653,2.048597188147997,1.5553517781901653,0.2379815551431681,0.11471148000000005,1.2333333333333332,2.1199999999999997,21933.217,3010.301,13.7,-1.8,857.419,1105.309,4.46868192017881,1.2728607056665,281254.0,-85539.0,2152261.0,52551.0,51732.0,270822.0,7015305.0,6214103.0,4150298.0,1024728.0,16628907.0,1.2823198712710497,-0.3899975092573059,9.81279216815299,0.23959549572686945,0.2358614333683928,1.2347573089711372,4.672036938311421,31.98484289833087,28.331926866906937,18.922431670648223,75.81608753517553,3.909225901517319,5.039429464451111,-0.8686819201788096
2020Q1,1.3766666666666667,1.8833333333333335,1.26,1.11,2.9133333333333336,3.89,1.54115205,104.61666666666667,258.81766666666664,3.8333333333333335,-0.38065717323612064,1.1440380890142638,-1.1925081593277564,2.3365462483420205,1.6054404673838747,2.145041540298546,1.6054404673838747,-0.2287738007172081,-0.16448538333333332,1.5366666666666664,2.513333333333333,21751.238,2965.479,13.6,-6.9,850.107,1126.159,4.463488835113432,1.29790826447756,793133.0,-47821.0,2077261.0,772380.0,775408.0,2319398.0,7261329.0,6407955.0,4727809.0,1708828.0,17115829.0,3.646380955419641,-0.2198541526693791,9.550081701096738,3.550970294196588,3.56489134089747,10.663291900902376,7.856233286583504,33.3835205150162,29.460185208768348,21.735815680928138,78.68898772566418,3.9083154715147708,5.17744783078554,-0.6301555017800982
2020Q2,0.6866666666666666,1.38,0.06,0.14333333333333334,2.4566666666666666,3.9066666666666667,1.1841864133333333,104.42,256.292,13.0,-0.566369733044733,0.674461443960424,-1.2464143493655946,1.9208757933260185,0.9877757697129766,0.4093016269363388,0.9877757697129766,-0.30110910304631,-0.4975197466666666,1.7700000000000002,3.22,19958.291,2736.487,13.7,-28.7,857.142,1109.837,4.45904786766102,1.26518333749311,-1012629.0,-186357.0,1713840.0,1663128.0,1934112.0,251310.0,7669588.0,6891483.0,4783265.0,11666976.0,19867035.0,-5.073726001890643,-0.9337322519247765,8.587107984345954,8.333018092581174,9.690769615494634,1.2591759484817613,58.4567887100153,38.428079839100455,34.52942438809014,23.96630553187144,99.54276646231884,4.294666311860069,5.560781732263549,8.54095213233898
2020Q3,0.65,1.3633333333333333,0.09333333333333334,0.11333333333333334,2.2333333333333334,3.313333333333333,1.3462851666666669,105.19666666666666,259.22166666666664,8.799999999999999,-0.6066994949494949,0.6440119834555377,-1.2087720308541983,1.852784014309736,1.3623773632164493,1.2229858344598554,1.3623773632164493,-0.7123773632164493,-0.6962851666666666,1.5833333333333333,2.6633333333333336,21704.437,2852.508,13.1,18.4,888.719,1132.9,4.455273138473752,1.334080081264,1255450.0,-300235.0,2142511.0,244968.0,297720.0,-621344.0,7701634.0,6965913.0,4608636.0,1744108.0,20340181.0,5.784301154644094,-1.3832885874901983,9.871304194621588,1.1286540166879242,1.3717010950341628,-2.8627510586890597,8.035720991058188,35.484145476798126,32.09441921944347,21.23361227936942,93.71439120950247,4.094642031028033,5.219670061011027,4.344726861526247
2020Q4,0.8633333333333333,1.62,0.09000000000000001,0.09333333333333334,2.3033333333333332,3.3000000000000003,1.3771135833333332,105.66933333333334,261.0916666666667,6.766666666666667,-0.5080908483329536,0.8865677979074152,-0.8884774494409747,1.77504524734839,1.461348195717438,1.2421835627618967,1.461348195717438,-0.5980148623841045,-0.5137802499999999,1.4399999999999997,2.4366666666666665,22087.16,2938.775,13.3,11.8,917.58,1175.929,4.4520732691872,1.31431002943602,-579819.0,-25592.0,2192668.0,197952.0,95324.0,-371667.0,7734912.0,6989744.0,4544726.0,2149088.0,20946158.0,-2.62514057941356,-0.11586822389116572,9.92734240164874,0.8962311134613956,0.4315810633870538,-1.682728789033991,9.730033195757173,35.01994824142171,31.646187196543153,20.57632579290411,94.83409365441278,4.154359365350729,5.3240389438931945,2.3145933974794666
2021Q1,1.3166666666666667,2.066666666666667,0.08,0.049999999999999996,2.7300000000000004,3.466666666666667,1.4348011433333332,106.57166666666667,263.74233333333336,6.233333333333333,-0.281663768115942,1.5126703668777257,-0.10934830696839686,1.6220186738461226,1.8686989921813095,1.903826424978372,1.8686989921813095,-0.5520323255146428,-0.11813447666666661,1.4133333333333333,2.15,22680.693,3002.811,13.2,9.3,944.128,1207.486,4.45285298986988,1.44908819983452,-211457.0,-199858.0,2147881.0,358473.0,560112.0,218881.0,7888264.0,7129772.0,4596441.0,1376888.0,21347365.0,-0.9323216005789593,-0.8811811878940383,9.470085415820408,1.580520489387163,2.469554171029959,0.9650542864805761,6.070749249152131,34.7796427560657,31.435423952874807,20.265875473910782,94.12130837448397,4.162694676040102,5.323849672494576,1.780480343463453
2021Q2,1.5933333333333335,2.26,0.07,0.02666666666666667,2.8833333333333333,3.5533333333333332,1.5859295333333332,108.08666666666666,268.5503333333333,5.933333333333334,-0.10506424242424243,1.6584310839896055,0.013286026914183383,1.6451450570754222,3.5111453055216644,4.782322275059399,3.5111453055216644,-1.9178119721883309,0.007403799999999998,1.29,1.96,23425.91,3078.401,13.1,10.0,966.784,1247.463,4.44978976629628,1.5198055099889,-451403.0,-359784.0,2102415.0,348989.0,207944.0,41045.0,7933577.0,7181758.0,4774223.0,2064436.0,21699043.0,-1.9269390175237588,-1.5358378820716037,8.974742069785123,1.4897564278185993,0.8876666904295286,0.17521197682395262,8.812618165100096,33.86667583030926,30.657327719606197,20.380096226784786,92.62838882246197,4.126985888701869,5.3251421182784355,1.4835435670370538
2021Q3,1.3233333333333335,1.9333333333333333,0.09000000000000001,0.04666666666666667,2.55,3.236666666666667,1.6159198666666665,109.36933333333333,272.8296666666667,5.066666666666666,-0.22117748917748917,1.4167747299437246,-0.4232153753389398,1.8399901052826646,3.9664756328955533,5.249466758017444,3.9664756328955533,-2.64314229956222,-0.29258653333333323,1.2266666666666663,1.9133333333333333,23982.379,3096.193,12.9,-1.5,974.727,1277.975,4.447010417057349,1.47308228927666,1643486.0,-206968.0,2279192.0,443577.0,369380.0,393134.0,8014955.0,7270014.0,4853016.0,423864.0,21846135.0,6.852889782118781,-0.8630002886702774,9.50361096369964,1.8495954884208945,1.540214171413103,1.6392618930757454,1.7673976380741876,33.4201832103479,30.313981778037952,20.235757261612786,91.09244333099731,4.06434657712648,5.3288082887856945,0.6196562496093172
2021Q4,1.5366666666666668,1.95,0.08,0.05333333333333334,2.65,3.31,1.7100703533333335,110.79199999999999,278.77133333333336,4.166666666666667,-0.058756363636363634,1.5690224730262001,-0.6186888146618493,2.1877112876880496,4.847363160878289,6.770451026354821,4.847363160878289,-3.310696494211623,-0.1734036866666667,1.1133333333333333,1.7733333333333332,24813.6,3171.559,12.8,3.1,1014.367,1319.28,4.44441769129896,1.73083644495028,-934422.0,93953.0,2540690.0,-18611.0,-78492.0,974449.0,8013929.0,7250391.0,5163826.0,2580328.0,22557536.0,-3.765765547925332,0.3786351033304317,10.23910275010478,-0.07500322403843054,-0.3163265306122449,3.9270762807492665,10.398845794241868,32.29651884450463,29.219424025534384,20.81046684076474,90.90795370280814,4.087947738337041,5.316761775800368,-0.27775102463229295
2022Q1,1.9400000000000002,2.2533333333333334,0.12,0.3066666666666667,3.203333333333333,3.9466666666666668,1.8883005333333334,112.45266666666667,284.90566666666666,3.8666666666666667,0.13400156750572081,2.028053619801088,-0.7612386863633324,2.78929230616442,5.518140938207897,8.022763153166501,5.518140938207897,-3.578140938207898,0.05169946666666658,1.2633333333333334,2.006666666666667,25250.347,3314.956,13.1,12.2,1057.49,1364.194,4.441916779223741,1.45246851586412,-390493.0,717974.0,2989038.0,214573.0,211600.0,808854.0,8121641.0,7303291.0,5362676.0,2540848.0,23246108.0,-1.5464856779988014,2.8434223101963707,11.837611578169598,0.8497823812084643,0.8380082855891049,3.20333815610534,10.062626070049651,32.16447282882885,28.92352726875397,21.238028926889598,92.06252888326644,4.188021653722224,5.402674268199165,-0.5752501125570739
2022Q2,2.9299999999999997,3.043333333333333,0.77,1.0766666666666667,4.043333333333333,5.016666666666667,2.32763752,113.79533333333335,291.60533333333336,3.6333333333333333,0.5080530952380952,2.9821472724877487,-0.3664116976538267,3.3485589701415748,5.2816170029706955,8.583094356508363,5.2816170029706955,-2.3516170029706953,0.60236248,1.1133333333333333,2.0866666666666664,25861.292,3438.72,13.3,7.0,1075.331,1413.82,4.44046672936978,1.22852806086633,170315.0,244674.0,2666236.0,-7139.0,-157544.0,944432.0,8084840.0,7263905.0,5599774.0,681388.0,23253368.0,0.6585711185659247,0.9461012234036876,10.30975559921755,-0.027604962660024875,-0.6091884349784226,3.6519134465517036,2.634779422466596,31.262320536808446,28.087943170047343,21.65310998383221,89.91572424146482,4.1580714528879685,5.466934907969795,-0.8071333960364471
2022Q3,3.106666666666667,3.263333333333333,2.19,2.6633333333333336,4.239999999999999,5.3500000000000005,2.229384656666667,115.23066666666666,295.453,3.533333333333333,0.24919687715665975,3.24047071677941,-0.7071962900826074,3.9476670068620177,5.358766905495912,8.292420934124914,5.358766905495912,-2.252100238829245,0.87728201,1.1333333333333333,2.2433333333333336,26336.304,3547.608,13.5,6.0,1095.029,1446.019,4.4389317490436095,1.3178927300524,-4073.0,-40328.0,2778654.0,183093.0,25480.0,237992.0,8096115.0,7270275.0,5641430.0,1274420.0,23616710.0,-0.01546534396018515,-0.15312702951788526,10.550660411574835,0.6952114465264374,0.09674857945139151,0.9036651460280836,4.839023729373719,30.741272579478125,27.605525057730198,21.42073542285964,89.67359277140787,4.157868924963807,5.490591998026755,-0.9055984157102763
2022Q4,3.83,3.9,3.653333333333333,4.04,4.81,5.973333333333334,2.348285543333333,116.565,298.5416666666667,3.5666666666666664,0.3445895238095238,3.8997211250872224,-0.5039586934326802,4.403679818519902,5.211576663179026,7.0954236055280475,5.211576663179026,-1.3815766631790256,1.4817144566666667,0.9799999999999999,2.143333333333333,26770.514,3636.96,13.6,7.1,1089.678,1470.728,4.43723236707892,1.25354498385876,-179168.0,137758.0,2824357.0,-10815.0,59756.0,290286.0,8108858.0,7285214.0,5673619.0,653108.0,23844978.0,-0.6692736643009545,0.5145885506718325,10.550253162864188,-0.0403989254744978,0.22321573653759508,1.0843497439010696,2.439654315191707,30.290258902014354,27.21357535383893,21.193537785639826,89.07179742607856,4.070441083051301,5.49383549378245,-0.8705657004122536
2023Q1,3.6466666666666665,3.7433333333333336,4.516666666666667,4.626666666666667,4.52,5.6000000000000005,2.21665761,117.91633333333334,301.23033333333336,3.533333333333333,0.10463230358504959,3.6648667692971837,-0.6682487413078527,4.333115510605037,4.858851660185196,5.734239539662382,4.858851660185196,-1.2121849935185298,1.4300090566666668,0.8733333333333332,1.9533333333333331,27216.445,3756.575,13.8,8.5,1103.962,1501.404,4.43529644125222,1.20983014168103,-628549.0,-17600.0,2775323.0,564005.0,628328.0,60411.0,8274869.0,7442296.0,5683743.0,1546932.0,24282042.0,-2.3094456311248583,-0.06466678509996437,10.197228183181162,2.072294893767353,2.3086336220619557,0.22196506560647433,5.683813591378301,30.403930417804382,27.3448497774048,20.883487905933343,89.21827226149485,4.056231443893572,5.516532375921984,-0.9019631079188866
2023Q2,3.5933333333333333,3.8033333333333332,4.989999999999999,5.073333333333333,4.596666666666667,5.683333333333334,2.007066516666667,119.069,303.3976666666667,3.533333333333333,-0.01706213564213564,3.665700759549544,-0.7264425913244733,4.392143350874017,4.635018160847207,4.050849394502169,4.635018160847207,-1.0416848275138746,1.5862668166666667,1.0033333333333334,2.09,27530.055,3854.267,14.0,11.0,1101.79,1517.456,4.43350999614073,1.09116048792038,-104994.0,-13002.0,2813234.0,176297.0,144744.0,120319.0,8300270.0,7478482.0,5682839.0,2608928.0,24772373.0,-0.38137955045858063,-0.04722838367013796,10.218773627586287,0.6403801227422176,0.5257672024265844,0.4370459848336663,9.47665378801459,30.14984895598647,27.164791352578117,20.642308923828885,89.98301311058043,4.0021351210522464,5.511997705780101,-0.9001766628073966
2023Q3,4.1499999999999995,4.236666666666667,5.260000000000001,5.29,4.913333333333333,5.973333333333334,2.141665623333333,119.76766666666667,305.989,3.6333333333333333,0.23412463768115943,4.243778964245004,-0.3298127097097641,4.573591673954767,3.938367315652158,3.56582023668428,3.938367315652158,0.21163268434784177,2.008334376666667,0.7633333333333335,1.8233333333333335,28074.846,3871.644,13.8,1.7,1106.745,1529.087,4.4313678808796295,1.03344704603592,331637.0,64551.0,2892981.0,141973.0,83228.0,101419.0,8328440.0,7499289.0,5684886.0,3236728.0,25630167.0,1.1812602640812349,0.2299246806197975,10.3045302545916,0.5056946705958779,0.29645042398451626,0.3612450803826315,11.528925216544375,29.66513155584184,26.711772524059434,20.249037163017743,91.29227992915794,3.942123137558795,5.446466206795933,-0.7980345475462962
2023Q4,4.44,4.583333333333333,5.33,5.283333333333333,5.21,6.1866666666666665,2.3417291133333333,120.40233333333333,308.195,3.8000000000000003,0.3982352380952381,4.42913124222709,0.04017997833685838,4.388951263890232,3.292398238121367,3.2335073757208863,3.292398238121367,1.1476017618786327,2.098270886666666,0.7700000000000005,1.7466666666666668,28424.722,3941.343,13.9,5.5,1134.704,1550.08,4.42882424008579,0.936104208767353,747144.0,-2953.0,2923911.0,105049.0,54732.0,37121.0,8355689.0,7512972.0,5721132.0,2133780.0,26226569.0,2.628500641096859,-0.010388843908482201,10.286506935758245,0.3695691377386206,0.1925506958344219,0.1305940652647368,7.506775264152099,29.39585125933685,26.43111865790631,20.12731030403745,92.26675638199733,3.991961645218553,5.453281126197117,-0.6288242400857897
2024Q1,4.16,4.333333333333333,5.33,5.233333333333333,4.97,5.733333333333333,2.1764869833333336,121.58766666666668,311.00333333333333,3.8333333333333335,0.2483436507936508,4.145019469677282,-0.21071065570563677,4.3557301253829195,3.1135521176388408,3.2440840134059754,3.1135521176388408,1.0464478823611596,1.9835130166666666,0.8100000000000002,1.5733333333333333,28708.161,3963.752,13.8,1.5,1151.082,1576.267,4.42567965718569,0.927792024505016,-142162.0,210277.0,2887881.0,558933.0,449500.0,180361.0,8487405.0,7625347.0,5762484.0,2140536.0,26808608.0,-0.4951971671052005,0.732464193718295,10.059442679034717,1.946948116948348,1.5657568591732502,0.6282568918294696,7.456193379993933,29.564432915086407,26.56160037558658,20.07263370161537,93.38322994635567,4.009598524962989,5.490658213878625,-0.5923463238523561
2024Q2,4.443333333333333,4.573333333333333,5.33,5.243333333333333,5.22,5.923333333333333,2.3871753866666663,122.45466666666668,313.0806666666667,3.9666666666666663,0.393419298245614,4.488396045374355,-0.05300172280409221,4.541397768178448,2.843686406094322,3.1917772196232925,2.843686406094322,1.5996469272390115,2.056157946666667,0.7766666666666667,1.4800000000000002,29147.044,4012.411,13.8,2.5,1181.589,1592.226,4.42215707526542,0.936959284618043,-123354.0,77147.0,2986814.0,299021.0,288140.0,514219.0,8545058.0,7696510.0,5870970.0,1020548.0,26903135.0,-0.42321272784986363,0.26468207204819805,10.247399358919553,1.025905062619729,0.9885736611918519,1.764223500674717,3.501377360942674,29.31706556589409,26.405799504059484,20.142591475142385,92.30141828447509,4.053889650010477,5.462735775195591,-0.45549040859875367
2024Q3,3.9466666666666668,4.216666666666667,5.263333333333333,4.989999999999999,4.89,5.62,2.21892045,123.16833333333334,314.12100000000004,4.166666666666667,0.1699462121212121,3.919599544769479,-0.11925796244278608,4.038857507212265,2.839374749118395,2.6583677719306698,2.839374749118395,1.1072919175482716,1.7277462166666666,0.9433333333333332,1.6733333333333331,29511.664,4069.186,13.8,3.5,1216.85,1618.766,4.418184956226237,0.915079570020881,-343052.0,97289.0,3012815.0,341485.0,486884.0,351463.0,8649210.0,7818231.0,5941139.0,2523920.0,27586426.0,-1.1624285231764633,0.3296628749907155,10.208895709845436,1.157118758196759,1.649801922385671,1.1909291187375948,8.5522795325943,29.307767938805483,26.4920032974081,20.13149444911002,93.4763488768373,4.1232849493000465,5.485173591024891,-0.25151828955957
2024Q4,4.283333333333333,4.5,4.6499999999999995,4.3999999999999995,5.096666666666667,5.736666666666667,2.25764112,123.99666666666667,316.5876666666666,4.133333333333333,0.49079377610693403,4.356418325731127,0.2404106525910077,4.11600767314012,2.98526728430352,2.7230024942220523,2.98526728430352,1.2980660490298128,2.025692213333333,0.8133333333333335,1.4533333333333334,29825.182,4046.39,13.6,-3.7,1227.027,1628.269,4.413737266101202,0.870307497785292,401459.0,6284.0,2936715.0,-60911.0,-51684.0,194312.0,8639449.0,7805310.0,5908824.0,1966600.0,28139470.0,1.346040403039284,0.021069443934994263,9.846427760273182,-0.20422675040172428,-0.17328980590965046,0.6515031492515285,6.593756913201737,28.96696154276611,26.170200738422988,19.81152705120123,94.34802443116692,4.114063746534724,5.459376576478226,-0.2804039327678689
2025Q1,4.453333333333333,4.71,4.33,4.21,5.3566666666666665,5.976666666666667,2.40252785,124.99966666666667,319.47499999999997,4.133333333333334,0.6233252297410191,4.367088736584052,0.3719915276456101,3.9950972089384416,2.806358735856744,2.7248477394889483,2.806358735856744,1.64697459747659,2.0508054833333333,0.9033333333333333,1.5233333333333332,30042.113,4137.819,13.8,9.5,1311.203,1647.475,4.40904868088454,0.793002367416121,-294276.0,142124.0,3165153.0,636493.0,492352.0,391065.0,8808464.0,7928398.0,5912744.0,1056232.0,28447272.0,-0.979544947454262,0.47308256912554725,10.535720307023677,2.1186692161100655,1.6388727384122417,1.3017226850854333,3.5158379172596814,29.320387683782428,26.390946602191395,19.681518407177283,94.69131548769556,4.364549857062318,5.483885238032358,-0.2757153475512064
2025Q2,4.36,4.833333333333333,4.33,4.23,5.483333333333333,6.206666666666667,2.3357519300000003,125.80433333333333,320.78566666666666,4.2,0.5383444444444444,4.321689632530672,0.6505985854675397,3.6710910470631326,2.7353505019740285,2.461035734512048,2.7353505019740285,1.6246494980259716,2.02424807,1.1233333333333333,1.8466666666666667,30485.729,4207.512,13.8,7.3,1352.452,1691.198,4.40690622022857,0.905803940049983,-469460.0,-249844.0,2993219.0,151381.0,-47532.0,668737.0,8824584.0,7916515.0,6027633.0,921844.0,28518345.0,-1.5399336522344602,-0.8195441217757988,9.818426844901758,0.496563490412186,-0.15591557610447826,2.19360672004924,3.0238542106045747,28.946606459697914,25.967937325690983,19.771982490561406,93.54654107172571,4.4363446253819285,5.547507163105728,-0.20690622022856964
2025Q3,4.256666666666667,4.843333333333334,4.293333333333333,4.096666666666667,5.336666666666666,5.976666666666667,2.3053336066666668,126.69933333333334,323.23499999999996,4.333333333333333,0.49444776334776336,4.2901530634552625,0.6725063954098552,3.6176466680454076,2.8668442808726042,2.9012604599706933,2.8668442808726042,1.389822385794062,1.9513330599999998,1.08,1.72,31098.027,4293.474,13.8,3.2,1395.505,1736.713,4.40419970826884,1.05287498251194,-345504.0,-252822.0,3042531.0,307704.0,417732.0,428307.0,8898645.0,8020948.0,6117532.0,3988703.0,29571648.0,-1.111015821035849,-0.8129840520107593,9.783678559414719,0.989464701410157,1.3432749286634809,1.3772803014159065,12.82622527789303,28.6148217698827,25.792465869297754,19.67176888746029,95.09171755494327,4.4874390262764905,5.584640466097738,-0.07086637493550718
2025Q4,4.096666666666667,4.713333333333334,3.8966666666666665,3.73,5.233333333333333,5.833333333333333,2.3168946,127.53266666666666,325.547,4.45,0.49966195286195286,4.1605543329369095,0.6334901181183942,3.5270642148185156,2.8515804580183506,2.674874015525852,2.8515804580183506,1.2450862086483154,1.7797720666666663,1.1366666666666667,1.7366666666666672,31422.526,4364.412,13.9,2.4,1466.358,1779.239,4.40184121264107,0.888922289321703,930855.0,-164438.0,3101771.0,104025.0,217488.0,155624.0,8939349.0,8075320.0,6230036.0,1753904.0,30069641.0,2.9623811911238453,-0.5233124797159846,9.871170128079456,0.3310523157813602,0.6921404090810522,0.49526253872779036,5.581677297363044,28.448855448476674,25.69914334703709,19.826655565501003,95.69453773385374,4.666582183749327,5.662304169944835,0.04815878735892998
2026Q1,4.196666666666666,4.816666666666666,3.64,3.5933333333333333,5.373333333333334,5.91,2.2990350333333334,128.91966666666667,328.1136666666667,4.333333333333333,0.5869304704944179,4.230456545527676,0.6724468264277251,3.558009719099951,3.135923473766892,2.7037210984628115,3.135923473766892,1.0607431928997746,1.8976316333333332,1.1766666666666667,1.7133333333333332,31865.721,4490.516,14.1,10.6,1556.469,1826.508,4.399090564203688,1.09169291505641,554592.0,-734256.0,3200903.0,646036.0,483688.0,621850.0,9136223.0,8196242.0,6382763.0,2126003.0,30641548.0,1.7404031121718537,-2.304219007001285,10.044972778114765,2.0273697871138707,1.517894417013191,1.9514700451937053,6.671755520611004,28.671006690857553,25.72118798127932,20.030185414602734,96.15833892476495,4.8844618955899355,5.731889763297683,-0.06575723087035534
2026Q2,4.423333333333333,4.963333333333334,3.6333333333333333,3.6233333333333335,5.5,6.043333333333333,2.45723127,130.05533333333332,332.98466666666667,4.266666666666667,0.7234811183261183,4.479176669399192,0.6314884501511258,3.847688219248066,3.379050411815728,3.8031304167255384,3.379050411815728,1.0442829215176055,1.9661020633333335,1.0766666666666662,1.6199999999999999,32486.066,4623.356,14.2,8.5,1611.52,1872.762,4.39593247642493,1.00864835850403,-247096.0,-249632.0,3253581.0,202808.0,327000.0,646504.0,9190040.0,8277992.0,6517802.0,1579436.0,30878287.0,-0.760621492303808,-0.7684279161410311,10.015312411173454,0.6242922734935034,1.0065854080330934,1.990096307752376,4.861887555113629,28.289174811132874,25.481669587200862,20.06337732614346,95.05086580812832,4.960649898328717,5.76481621381918,-0.1292658097582633
2026Q3,4.64,5.16,3.63,3.725,5.82,6.255000000000001,2.50234485,130.658,333.472,4.1,0.8553409257409257,4.820064066426443,0.7994306834999205,4.0206333829265235,3.3441430040338282,3.3284361867309764,3.348579663394735,1.2914203366052646,2.1728045149999997,1.1800000000000002,1.6150000000000007,,,,,,,4.392371965120071,,,,,,,,,,,,,,,,,,,,,,,,,,-0.29237196512007113
